Copyright 1986-2022 Xilinx, Inc. All Rights Reserved. Copyright 2022-2023 Advanced Micro Devices, Inc. All Rights Reserved.
--------------------------------------------------------------------------------------------------------------------------------------------------------------------------------------
| Tool Version : Vivado v.2023.1 (win64) Build 3865809 Sun May  7 15:05:29 MDT 2023
| Date         : Wed Dec  3 17:36:00 2025
| Host         : PTO0814 running 64-bit major release  (build 9200)
| Command      : report_methodology -file design_5_wrapper_methodology_drc_routed.rpt -pb design_5_wrapper_methodology_drc_routed.pb -rpx design_5_wrapper_methodology_drc_routed.rpx
| Design       : design_5_wrapper
| Device       : xc7a35tcpg236-1
| Speed File   : -1
| Design State : Fully Routed
--------------------------------------------------------------------------------------------------------------------------------------------------------------------------------------

Report Methodology

Table of Contents
-----------------
1. REPORT SUMMARY
2. REPORT DETAILS

1. REPORT SUMMARY
-----------------
            Netlist: netlist
          Floorplan: design_1
      Design limits: <entire design considered>
             Max violations: <unlimited>
             Violations found: 505
+-----------+------------------+----------------------------------------------------+------------+
| Rule      | Severity         | Description                                        | Violations |
+-----------+------------------+----------------------------------------------------+------------+
| TIMING-4  | Critical Warning | Invalid primary clock redefinition on a clock tree | 1          |
| TIMING-6  | Critical Warning | No common primary clock between related clocks     | 1          |
| TIMING-7  | Critical Warning | No common node between related clocks              | 1          |
| TIMING-27 | Critical Warning | Invalid primary clock on hierarchical pin          | 1          |
| LUTAR-1   | Warning          | LUT drives async reset alert                       | 1          |
| TIMING-9  | Warning          | Unknown CDC Logic                                  | 1          |
| TIMING-16 | Warning          | Large setup violation                              | 496        |
| TIMING-18 | Warning          | Missing input or output delay                      | 3          |
+-----------+------------------+----------------------------------------------------+------------+

2. REPORT DETAILS
-----------------
TIMING-4#1 Critical Warning
Invalid primary clock redefinition on a clock tree  
Invalid clock redefinition on a clock tree. The primary clock design_5_i/vga_0/U0/vga_instance/display_image_inst/clk_ip_core_inst/inst/clk_ip_in is defined downstream of clock clk_out1_design_5_clk_wiz_1_0 and overrides its insertion delay and/or waveform definition
Related violations: <none>

TIMING-6#1 Critical Warning
No common primary clock between related clocks  
The clocks clk_out1_design_5_clk_wiz_1_0 and clk_ip_out_clk_ip_core_1 are related (timed together) but they have no common primary clock. The design could fail in hardware. To find a timing path between these clocks, run the following command: report_timing -from [get_clocks clk_out1_design_5_clk_wiz_1_0] -to [get_clocks clk_ip_out_clk_ip_core_1]
Related violations: <none>

TIMING-7#1 Critical Warning
No common node between related clocks  
The clocks clk_out1_design_5_clk_wiz_1_0 and clk_ip_out_clk_ip_core_1 are related (timed together) but they have no common node. The design could fail in hardware. To find a timing path between these clocks, run the following command: report_timing -from [get_clocks clk_out1_design_5_clk_wiz_1_0] -to [get_clocks clk_ip_out_clk_ip_core_1]
Related violations: <none>

TIMING-27#1 Critical Warning
Invalid primary clock on hierarchical pin  
A primary clock design_5_i/vga_0/U0/vga_instance/display_image_inst/clk_ip_core_inst/inst/clk_ip_in is created on an inappropriate internal pin design_5_i/vga_0/U0/vga_instance/display_image_inst/clk_ip_core_inst/inst/clk_ip_in. It is not recommended to create a primary clock on a hierarchical pin when its driver pin has a fanout connected to multiple clock pins
Related violations: <none>

LUTAR-1#1 Warning
LUT drives async reset alert  
LUT cell design_5_i/mdm_1/U0/MDM_Core_I1/JTAG_CONTROL_I/sel_n_i_2, with 2 or more inputs, drives asynchronous preset/clear pin(s) design_5_i/mdm_1/U0/MDM_Core_I1/JTAG_CONTROL_I/sel_n_reg/PRE. The LUT may glitch and trigger an unexpected reset, even if it is a properly timed path.
Related violations: <none>

TIMING-9#1 Warning
Unknown CDC Logic  
One or more asynchronous Clock Domain Crossing has been detected between 2 clock domains through a set_false_path or a set_clock_groups or set_max_delay -datapath_only constraint but no double-registers logic synchronizer has been found on the side of the capture clock. It is recommended to run report_cdc for a complete and detailed CDC coverage. Please consider using XPM_CDC to avoid Critical severities
Related violations: <none>

TIMING-16#1 Warning
Large setup violation  
There is a large setup violation of -5.153 ns between design_5_i/vga_0/U0/vga_instance/AXI_Stream_FIFO_inst/read_pointer_reg[1]_replica_1/C (clocked by clk_out1_design_5_clk_wiz_1_0) and design_5_i/vga_0/U0/vga_instance/display_image_inst/image_inst/use_image/RAM_reg_64_127_0_2/RAMA/I (clocked by clk_ip_out_clk_ip_core_1). Large setup violations at the end of those stages might be difficult to fix during the post-placement implementation flow and could be the result of non-optimal XDC constraints or non-optimal design architecture
Related violations: <none>

TIMING-16#2 Warning
Large setup violation  
There is a large setup violation of -5.154 ns between design_5_i/vga_0/U0/vga_instance/AXI_Stream_FIFO_inst/read_pointer_reg[1]_replica_1/C (clocked by clk_out1_design_5_clk_wiz_1_0) and design_5_i/vga_0/U0/vga_instance/display_image_inst/image_inst/use_image/RAM_reg_192_255_0_2/RAMA/I (clocked by clk_ip_out_clk_ip_core_1). Large setup violations at the end of those stages might be difficult to fix during the post-placement implementation flow and could be the result of non-optimal XDC constraints or non-optimal design architecture
Related violations: <none>

TIMING-16#3 Warning
Large setup violation  
There is a large setup violation of -5.202 ns between design_5_i/vga_0/U0/vga_instance/AXI_Stream_FIFO_inst/read_pointer_reg[1]_replica_1/C (clocked by clk_out1_design_5_clk_wiz_1_0) and design_5_i/vga_0/U0/vga_instance/display_image_inst/image_inst/use_image/RAM_reg_64_127_0_2/RAMB/I (clocked by clk_ip_out_clk_ip_core_1). Large setup violations at the end of those stages might be difficult to fix during the post-placement implementation flow and could be the result of non-optimal XDC constraints or non-optimal design architecture
Related violations: <none>

TIMING-16#4 Warning
Large setup violation  
There is a large setup violation of -5.285 ns between design_5_i/vga_0/U0/vga_instance/AXI_Stream_FIFO_inst/read_pointer_reg[1]_replica_1/C (clocked by clk_out1_design_5_clk_wiz_1_0) and design_5_i/vga_0/U0/vga_instance/display_image_inst/image_inst/use_image/RAM_reg_192_255_0_2/RAMB/I (clocked by clk_ip_out_clk_ip_core_1). Large setup violations at the end of those stages might be difficult to fix during the post-placement implementation flow and could be the result of non-optimal XDC constraints or non-optimal design architecture
Related violations: <none>

TIMING-16#5 Warning
Large setup violation  
There is a large setup violation of -5.295 ns between design_5_i/vga_0/U0/vga_instance/AXI_Stream_FIFO_inst/read_pointer_reg[1]_replica_1/C (clocked by clk_out1_design_5_clk_wiz_1_0) and design_5_i/vga_0/U0/vga_instance/display_image_inst/image_inst/use_image/RAM_reg_128_191_0_2/RAMA/I (clocked by clk_ip_out_clk_ip_core_1). Large setup violations at the end of those stages might be difficult to fix during the post-placement implementation flow and could be the result of non-optimal XDC constraints or non-optimal design architecture
Related violations: <none>

TIMING-16#6 Warning
Large setup violation  
There is a large setup violation of -5.324 ns between design_5_i/vga_0/U0/vga_instance/AXI_Stream_FIFO_inst/read_pointer_reg[1]_replica_1/C (clocked by clk_out1_design_5_clk_wiz_1_0) and design_5_i/vga_0/U0/vga_instance/display_image_inst/image_inst/use_image/RAM_reg_128_191_0_2/RAMB/I (clocked by clk_ip_out_clk_ip_core_1). Large setup violations at the end of those stages might be difficult to fix during the post-placement implementation flow and could be the result of non-optimal XDC constraints or non-optimal design architecture
Related violations: <none>

TIMING-16#7 Warning
Large setup violation  
There is a large setup violation of -5.382 ns between design_5_i/vga_0/U0/vga_instance/AXI_Stream_FIFO_inst/read_pointer_reg[1]_replica_1/C (clocked by clk_out1_design_5_clk_wiz_1_0) and design_5_i/vga_0/U0/vga_instance/display_image_inst/image_inst/use_image/RAM_reg_0_63_0_2/RAMB/I (clocked by clk_ip_out_clk_ip_core_1). Large setup violations at the end of those stages might be difficult to fix during the post-placement implementation flow and could be the result of non-optimal XDC constraints or non-optimal design architecture
Related violations: <none>

TIMING-16#8 Warning
Large setup violation  
There is a large setup violation of -5.402 ns between design_5_i/vga_0/U0/vga_instance/AXI_Stream_FIFO_inst/read_pointer_reg[1]_replica_1/C (clocked by clk_out1_design_5_clk_wiz_1_0) and design_5_i/vga_0/U0/vga_instance/display_image_inst/image_inst/use_image/RAM_reg_0_63_0_2/RAMA/I (clocked by clk_ip_out_clk_ip_core_1). Large setup violations at the end of those stages might be difficult to fix during the post-placement implementation flow and could be the result of non-optimal XDC constraints or non-optimal design architecture
Related violations: <none>

TIMING-16#9 Warning
Large setup violation  
There is a large setup violation of -5.455 ns between design_5_i/vga_0/U0/vga_instance/AXI_Stream_FIFO_inst/read_pointer_reg[3]/C (clocked by clk_out1_design_5_clk_wiz_1_0) and design_5_i/vga_0/U0/vga_instance/display_image_inst/image_inst/use_image/RAM_reg_0_63_3_5/RAMC/I (clocked by clk_ip_out_clk_ip_core_1). Large setup violations at the end of those stages might be difficult to fix during the post-placement implementation flow and could be the result of non-optimal XDC constraints or non-optimal design architecture
Related violations: <none>

TIMING-16#10 Warning
Large setup violation  
There is a large setup violation of -5.575 ns between design_5_i/vga_0/U0/vga_instance/AXI_Stream_FIFO_inst/read_pointer_reg[3]/C (clocked by clk_out1_design_5_clk_wiz_1_0) and design_5_i/vga_0/U0/vga_instance/display_image_inst/image_inst/use_image/RAM_reg_192_255_0_2/RAMA/WADR2 (clocked by clk_ip_out_clk_ip_core_1). Large setup violations at the end of those stages might be difficult to fix during the post-placement implementation flow and could be the result of non-optimal XDC constraints or non-optimal design architecture
Related violations: <none>

TIMING-16#11 Warning
Large setup violation  
There is a large setup violation of -5.575 ns between design_5_i/vga_0/U0/vga_instance/AXI_Stream_FIFO_inst/read_pointer_reg[3]/C (clocked by clk_out1_design_5_clk_wiz_1_0) and design_5_i/vga_0/U0/vga_instance/display_image_inst/image_inst/use_image/RAM_reg_192_255_0_2/RAMB/WADR2 (clocked by clk_ip_out_clk_ip_core_1). Large setup violations at the end of those stages might be difficult to fix during the post-placement implementation flow and could be the result of non-optimal XDC constraints or non-optimal design architecture
Related violations: <none>

TIMING-16#12 Warning
Large setup violation  
There is a large setup violation of -5.575 ns between design_5_i/vga_0/U0/vga_instance/AXI_Stream_FIFO_inst/read_pointer_reg[3]/C (clocked by clk_out1_design_5_clk_wiz_1_0) and design_5_i/vga_0/U0/vga_instance/display_image_inst/image_inst/use_image/RAM_reg_192_255_0_2/RAMC/WADR2 (clocked by clk_ip_out_clk_ip_core_1). Large setup violations at the end of those stages might be difficult to fix during the post-placement implementation flow and could be the result of non-optimal XDC constraints or non-optimal design architecture
Related violations: <none>

TIMING-16#13 Warning
Large setup violation  
There is a large setup violation of -5.575 ns between design_5_i/vga_0/U0/vga_instance/AXI_Stream_FIFO_inst/read_pointer_reg[3]/C (clocked by clk_out1_design_5_clk_wiz_1_0) and design_5_i/vga_0/U0/vga_instance/display_image_inst/image_inst/use_image/RAM_reg_192_255_0_2/RAMD/WADR2 (clocked by clk_ip_out_clk_ip_core_1). Large setup violations at the end of those stages might be difficult to fix during the post-placement implementation flow and could be the result of non-optimal XDC constraints or non-optimal design architecture
Related violations: <none>

TIMING-16#14 Warning
Large setup violation  
There is a large setup violation of -5.599 ns between design_5_i/vga_0/U0/vga_instance/AXI_Stream_FIFO_inst/read_pointer_reg[3]/C (clocked by clk_out1_design_5_clk_wiz_1_0) and design_5_i/vga_0/U0/vga_instance/display_image_inst/image_inst/use_image/RAM_reg_128_191_3_5/RAMB/I (clocked by clk_ip_out_clk_ip_core_1). Large setup violations at the end of those stages might be difficult to fix during the post-placement implementation flow and could be the result of non-optimal XDC constraints or non-optimal design architecture
Related violations: <none>

TIMING-16#15 Warning
Large setup violation  
There is a large setup violation of -5.612 ns between design_5_i/vga_0/U0/vga_instance/AXI_Stream_FIFO_inst/read_pointer_reg[0]_replica/C (clocked by clk_out1_design_5_clk_wiz_1_0) and design_5_i/vga_0/U0/vga_instance/display_image_inst/image_inst/use_image/RAM_reg_128_191_6_8/RAMA/I (clocked by clk_ip_out_clk_ip_core_1). Large setup violations at the end of those stages might be difficult to fix during the post-placement implementation flow and could be the result of non-optimal XDC constraints or non-optimal design architecture
Related violations: <none>

TIMING-16#16 Warning
Large setup violation  
There is a large setup violation of -5.618 ns between design_5_i/vga_0/U0/vga_instance/AXI_Stream_FIFO_inst/read_pointer_reg[3]/C (clocked by clk_out1_design_5_clk_wiz_1_0) and design_5_i/vga_0/U0/vga_instance/display_image_inst/image_inst/use_image/RAM_reg_64_127_0_2/RAMC/I (clocked by clk_ip_out_clk_ip_core_1). Large setup violations at the end of those stages might be difficult to fix during the post-placement implementation flow and could be the result of non-optimal XDC constraints or non-optimal design architecture
Related violations: <none>

TIMING-16#17 Warning
Large setup violation  
There is a large setup violation of -5.642 ns between design_5_i/vga_0/U0/vga_instance/AXI_Stream_FIFO_inst/read_pointer_reg[2]/C (clocked by clk_out1_design_5_clk_wiz_1_0) and design_5_i/vga_0/U0/vga_instance/display_image_inst/image_inst/use_image/RAM_reg_192_255_3_5/RAMA/WE (clocked by clk_ip_out_clk_ip_core_1). Large setup violations at the end of those stages might be difficult to fix during the post-placement implementation flow and could be the result of non-optimal XDC constraints or non-optimal design architecture
Related violations: <none>

TIMING-16#18 Warning
Large setup violation  
There is a large setup violation of -5.642 ns between design_5_i/vga_0/U0/vga_instance/AXI_Stream_FIFO_inst/read_pointer_reg[2]/C (clocked by clk_out1_design_5_clk_wiz_1_0) and design_5_i/vga_0/U0/vga_instance/display_image_inst/image_inst/use_image/RAM_reg_192_255_3_5/RAMB/WE (clocked by clk_ip_out_clk_ip_core_1). Large setup violations at the end of those stages might be difficult to fix during the post-placement implementation flow and could be the result of non-optimal XDC constraints or non-optimal design architecture
Related violations: <none>

TIMING-16#19 Warning
Large setup violation  
There is a large setup violation of -5.642 ns between design_5_i/vga_0/U0/vga_instance/AXI_Stream_FIFO_inst/read_pointer_reg[2]/C (clocked by clk_out1_design_5_clk_wiz_1_0) and design_5_i/vga_0/U0/vga_instance/display_image_inst/image_inst/use_image/RAM_reg_192_255_3_5/RAMC/WE (clocked by clk_ip_out_clk_ip_core_1). Large setup violations at the end of those stages might be difficult to fix during the post-placement implementation flow and could be the result of non-optimal XDC constraints or non-optimal design architecture
Related violations: <none>

TIMING-16#20 Warning
Large setup violation  
There is a large setup violation of -5.642 ns between design_5_i/vga_0/U0/vga_instance/AXI_Stream_FIFO_inst/read_pointer_reg[2]/C (clocked by clk_out1_design_5_clk_wiz_1_0) and design_5_i/vga_0/U0/vga_instance/display_image_inst/image_inst/use_image/RAM_reg_192_255_3_5/RAMD/WE (clocked by clk_ip_out_clk_ip_core_1). Large setup violations at the end of those stages might be difficult to fix during the post-placement implementation flow and could be the result of non-optimal XDC constraints or non-optimal design architecture
Related violations: <none>

TIMING-16#21 Warning
Large setup violation  
There is a large setup violation of -5.655 ns between design_5_i/vga_0/U0/vga_instance/AXI_Stream_FIFO_inst/read_pointer_reg[3]/C (clocked by clk_out1_design_5_clk_wiz_1_0) and design_5_i/vga_0/U0/vga_instance/display_image_inst/image_inst/use_image/RAM_reg_64_127_3_5/RAMB/I (clocked by clk_ip_out_clk_ip_core_1). Large setup violations at the end of those stages might be difficult to fix during the post-placement implementation flow and could be the result of non-optimal XDC constraints or non-optimal design architecture
Related violations: <none>

TIMING-16#22 Warning
Large setup violation  
There is a large setup violation of -5.659 ns between design_5_i/vga_0/U0/vga_instance/AXI_Stream_FIFO_inst/read_pointer_reg[3]/C (clocked by clk_out1_design_5_clk_wiz_1_0) and design_5_i/vga_0/U0/vga_instance/display_image_inst/image_inst/use_image/RAM_reg_192_255_3_5/RAMA/I (clocked by clk_ip_out_clk_ip_core_1). Large setup violations at the end of those stages might be difficult to fix during the post-placement implementation flow and could be the result of non-optimal XDC constraints or non-optimal design architecture
Related violations: <none>

TIMING-16#23 Warning
Large setup violation  
There is a large setup violation of -5.666 ns between design_5_i/vga_0/U0/vga_instance/AXI_Stream_FIFO_inst/read_pointer_reg[3]/C (clocked by clk_out1_design_5_clk_wiz_1_0) and design_5_i/vga_0/U0/vga_instance/display_image_inst/image_inst/use_image/RAM_reg_0_63_0_2/RAMA/WADR2 (clocked by clk_ip_out_clk_ip_core_1). Large setup violations at the end of those stages might be difficult to fix during the post-placement implementation flow and could be the result of non-optimal XDC constraints or non-optimal design architecture
Related violations: <none>

TIMING-16#24 Warning
Large setup violation  
There is a large setup violation of -5.666 ns between design_5_i/vga_0/U0/vga_instance/AXI_Stream_FIFO_inst/read_pointer_reg[3]/C (clocked by clk_out1_design_5_clk_wiz_1_0) and design_5_i/vga_0/U0/vga_instance/display_image_inst/image_inst/use_image/RAM_reg_0_63_0_2/RAMB/WADR2 (clocked by clk_ip_out_clk_ip_core_1). Large setup violations at the end of those stages might be difficult to fix during the post-placement implementation flow and could be the result of non-optimal XDC constraints or non-optimal design architecture
Related violations: <none>

TIMING-16#25 Warning
Large setup violation  
There is a large setup violation of -5.666 ns between design_5_i/vga_0/U0/vga_instance/AXI_Stream_FIFO_inst/read_pointer_reg[3]/C (clocked by clk_out1_design_5_clk_wiz_1_0) and design_5_i/vga_0/U0/vga_instance/display_image_inst/image_inst/use_image/RAM_reg_0_63_0_2/RAMC/WADR2 (clocked by clk_ip_out_clk_ip_core_1). Large setup violations at the end of those stages might be difficult to fix during the post-placement implementation flow and could be the result of non-optimal XDC constraints or non-optimal design architecture
Related violations: <none>

TIMING-16#26 Warning
Large setup violation  
There is a large setup violation of -5.666 ns between design_5_i/vga_0/U0/vga_instance/AXI_Stream_FIFO_inst/read_pointer_reg[3]/C (clocked by clk_out1_design_5_clk_wiz_1_0) and design_5_i/vga_0/U0/vga_instance/display_image_inst/image_inst/use_image/RAM_reg_0_63_0_2/RAMD/WADR2 (clocked by clk_ip_out_clk_ip_core_1). Large setup violations at the end of those stages might be difficult to fix during the post-placement implementation flow and could be the result of non-optimal XDC constraints or non-optimal design architecture
Related violations: <none>

TIMING-16#27 Warning
Large setup violation  
There is a large setup violation of -5.669 ns between design_5_i/vga_0/U0/vga_instance/AXI_Stream_FIFO_inst/read_pointer_reg[3]/C (clocked by clk_out1_design_5_clk_wiz_1_0) and design_5_i/vga_0/U0/vga_instance/display_image_inst/image_inst/use_image/RAM_reg_64_127_3_5/RAMC/I (clocked by clk_ip_out_clk_ip_core_1). Large setup violations at the end of those stages might be difficult to fix during the post-placement implementation flow and could be the result of non-optimal XDC constraints or non-optimal design architecture
Related violations: <none>

TIMING-16#28 Warning
Large setup violation  
There is a large setup violation of -5.674 ns between design_5_i/vga_0/U0/vga_instance/AXI_Stream_FIFO_inst/read_pointer_reg[3]/C (clocked by clk_out1_design_5_clk_wiz_1_0) and design_5_i/vga_0/U0/vga_instance/display_image_inst/image_inst/use_image/RAM_reg_128_191_3_5/RAMC/I (clocked by clk_ip_out_clk_ip_core_1). Large setup violations at the end of those stages might be difficult to fix during the post-placement implementation flow and could be the result of non-optimal XDC constraints or non-optimal design architecture
Related violations: <none>

TIMING-16#29 Warning
Large setup violation  
There is a large setup violation of -5.675 ns between design_5_i/vga_0/U0/vga_instance/AXI_Stream_FIFO_inst/read_pointer_reg[3]/C (clocked by clk_out1_design_5_clk_wiz_1_0) and design_5_i/vga_0/U0/vga_instance/display_image_inst/image_inst/use_image/RAM_reg_192_255_3_5/RAMB/I (clocked by clk_ip_out_clk_ip_core_1). Large setup violations at the end of those stages might be difficult to fix during the post-placement implementation flow and could be the result of non-optimal XDC constraints or non-optimal design architecture
Related violations: <none>

TIMING-16#30 Warning
Large setup violation  
There is a large setup violation of -5.683 ns between design_5_i/vga_0/U0/vga_instance/AXI_Stream_FIFO_inst/read_pointer_reg[0]_replica/C (clocked by clk_out1_design_5_clk_wiz_1_0) and design_5_i/vga_0/U0/vga_instance/display_image_inst/image_inst/use_image/RAM_reg_0_63_6_8/RAMB/I (clocked by clk_ip_out_clk_ip_core_1). Large setup violations at the end of those stages might be difficult to fix during the post-placement implementation flow and could be the result of non-optimal XDC constraints or non-optimal design architecture
Related violations: <none>

TIMING-16#31 Warning
Large setup violation  
There is a large setup violation of -5.698 ns between design_5_i/vga_0/U0/vga_instance/AXI_Stream_FIFO_inst/read_pointer_reg[3]/C (clocked by clk_out1_design_5_clk_wiz_1_0) and design_5_i/vga_0/U0/vga_instance/display_image_inst/image_inst/use_image/RAM_reg_128_191_6_8/RAMC/I (clocked by clk_ip_out_clk_ip_core_1). Large setup violations at the end of those stages might be difficult to fix during the post-placement implementation flow and could be the result of non-optimal XDC constraints or non-optimal design architecture
Related violations: <none>

TIMING-16#32 Warning
Large setup violation  
There is a large setup violation of -5.706 ns between design_5_i/vga_0/U0/vga_instance/AXI_Stream_FIFO_inst/read_pointer_reg[3]/C (clocked by clk_out1_design_5_clk_wiz_1_0) and design_5_i/vga_0/U0/vga_instance/display_image_inst/image_inst/use_image/RAM_reg_128_191_9_11/RAMA/I (clocked by clk_ip_out_clk_ip_core_1). Large setup violations at the end of those stages might be difficult to fix during the post-placement implementation flow and could be the result of non-optimal XDC constraints or non-optimal design architecture
Related violations: <none>

TIMING-16#33 Warning
Large setup violation  
There is a large setup violation of -5.710 ns between design_5_i/vga_0/U0/vga_instance/AXI_Stream_FIFO_inst/read_pointer_reg[3]/C (clocked by clk_out1_design_5_clk_wiz_1_0) and design_5_i/vga_0/U0/vga_instance/display_image_inst/image_inst/use_image/RAM_reg_128_191_3_5/RAMA/I (clocked by clk_ip_out_clk_ip_core_1). Large setup violations at the end of those stages might be difficult to fix during the post-placement implementation flow and could be the result of non-optimal XDC constraints or non-optimal design architecture
Related violations: <none>

TIMING-16#34 Warning
Large setup violation  
There is a large setup violation of -5.710 ns between design_5_i/vga_0/U0/vga_instance/AXI_Stream_FIFO_inst/read_pointer_reg[3]/C (clocked by clk_out1_design_5_clk_wiz_1_0) and design_5_i/vga_0/U0/vga_instance/display_image_inst/image_inst/use_image/RAM_reg_192_255_0_2/RAMC/I (clocked by clk_ip_out_clk_ip_core_1). Large setup violations at the end of those stages might be difficult to fix during the post-placement implementation flow and could be the result of non-optimal XDC constraints or non-optimal design architecture
Related violations: <none>

TIMING-16#35 Warning
Large setup violation  
There is a large setup violation of -5.713 ns between design_5_i/vga_0/U0/vga_instance/AXI_Stream_FIFO_inst/read_pointer_reg[2]/C (clocked by clk_out1_design_5_clk_wiz_1_0) and design_5_i/vga_0/U0/vga_instance/display_image_inst/image_inst/use_image/RAM_reg_192_255_0_2/RAMA/WE (clocked by clk_ip_out_clk_ip_core_1). Large setup violations at the end of those stages might be difficult to fix during the post-placement implementation flow and could be the result of non-optimal XDC constraints or non-optimal design architecture
Related violations: <none>

TIMING-16#36 Warning
Large setup violation  
There is a large setup violation of -5.713 ns between design_5_i/vga_0/U0/vga_instance/AXI_Stream_FIFO_inst/read_pointer_reg[2]/C (clocked by clk_out1_design_5_clk_wiz_1_0) and design_5_i/vga_0/U0/vga_instance/display_image_inst/image_inst/use_image/RAM_reg_192_255_0_2/RAMB/WE (clocked by clk_ip_out_clk_ip_core_1). Large setup violations at the end of those stages might be difficult to fix during the post-placement implementation flow and could be the result of non-optimal XDC constraints or non-optimal design architecture
Related violations: <none>

TIMING-16#37 Warning
Large setup violation  
There is a large setup violation of -5.713 ns between design_5_i/vga_0/U0/vga_instance/AXI_Stream_FIFO_inst/read_pointer_reg[2]/C (clocked by clk_out1_design_5_clk_wiz_1_0) and design_5_i/vga_0/U0/vga_instance/display_image_inst/image_inst/use_image/RAM_reg_192_255_0_2/RAMC/WE (clocked by clk_ip_out_clk_ip_core_1). Large setup violations at the end of those stages might be difficult to fix during the post-placement implementation flow and could be the result of non-optimal XDC constraints or non-optimal design architecture
Related violations: <none>

TIMING-16#38 Warning
Large setup violation  
There is a large setup violation of -5.713 ns between design_5_i/vga_0/U0/vga_instance/AXI_Stream_FIFO_inst/read_pointer_reg[2]/C (clocked by clk_out1_design_5_clk_wiz_1_0) and design_5_i/vga_0/U0/vga_instance/display_image_inst/image_inst/use_image/RAM_reg_192_255_0_2/RAMD/WE (clocked by clk_ip_out_clk_ip_core_1). Large setup violations at the end of those stages might be difficult to fix during the post-placement implementation flow and could be the result of non-optimal XDC constraints or non-optimal design architecture
Related violations: <none>

TIMING-16#39 Warning
Large setup violation  
There is a large setup violation of -5.718 ns between design_5_i/vga_0/U0/vga_instance/AXI_Stream_FIFO_inst/read_pointer_reg[2]/C (clocked by clk_out1_design_5_clk_wiz_1_0) and design_5_i/vga_0/U0/vga_instance/display_image_inst/image_inst/use_image/RAM_reg_128_191_3_5/RAMA/WE (clocked by clk_ip_out_clk_ip_core_1). Large setup violations at the end of those stages might be difficult to fix during the post-placement implementation flow and could be the result of non-optimal XDC constraints or non-optimal design architecture
Related violations: <none>

TIMING-16#40 Warning
Large setup violation  
There is a large setup violation of -5.718 ns between design_5_i/vga_0/U0/vga_instance/AXI_Stream_FIFO_inst/read_pointer_reg[2]/C (clocked by clk_out1_design_5_clk_wiz_1_0) and design_5_i/vga_0/U0/vga_instance/display_image_inst/image_inst/use_image/RAM_reg_128_191_3_5/RAMB/WE (clocked by clk_ip_out_clk_ip_core_1). Large setup violations at the end of those stages might be difficult to fix during the post-placement implementation flow and could be the result of non-optimal XDC constraints or non-optimal design architecture
Related violations: <none>

TIMING-16#41 Warning
Large setup violation  
There is a large setup violation of -5.718 ns between design_5_i/vga_0/U0/vga_instance/AXI_Stream_FIFO_inst/read_pointer_reg[2]/C (clocked by clk_out1_design_5_clk_wiz_1_0) and design_5_i/vga_0/U0/vga_instance/display_image_inst/image_inst/use_image/RAM_reg_128_191_3_5/RAMC/WE (clocked by clk_ip_out_clk_ip_core_1). Large setup violations at the end of those stages might be difficult to fix during the post-placement implementation flow and could be the result of non-optimal XDC constraints or non-optimal design architecture
Related violations: <none>

TIMING-16#42 Warning
Large setup violation  
There is a large setup violation of -5.718 ns between design_5_i/vga_0/U0/vga_instance/AXI_Stream_FIFO_inst/read_pointer_reg[2]/C (clocked by clk_out1_design_5_clk_wiz_1_0) and design_5_i/vga_0/U0/vga_instance/display_image_inst/image_inst/use_image/RAM_reg_128_191_3_5/RAMD/WE (clocked by clk_ip_out_clk_ip_core_1). Large setup violations at the end of those stages might be difficult to fix during the post-placement implementation flow and could be the result of non-optimal XDC constraints or non-optimal design architecture
Related violations: <none>

TIMING-16#43 Warning
Large setup violation  
There is a large setup violation of -5.721 ns between design_5_i/vga_0/U0/vga_instance/AXI_Stream_FIFO_inst/read_pointer_reg[0]_replica/C (clocked by clk_out1_design_5_clk_wiz_1_0) and design_5_i/vga_0/U0/vga_instance/display_image_inst/image_inst/use_image/RAM_reg_192_255_6_8/RAMB/I (clocked by clk_ip_out_clk_ip_core_1). Large setup violations at the end of those stages might be difficult to fix during the post-placement implementation flow and could be the result of non-optimal XDC constraints or non-optimal design architecture
Related violations: <none>

TIMING-16#44 Warning
Large setup violation  
There is a large setup violation of -5.722 ns between design_5_i/vga_0/U0/vga_instance/AXI_Stream_FIFO_inst/read_pointer_reg[3]/C (clocked by clk_out1_design_5_clk_wiz_1_0) and design_5_i/vga_0/U0/vga_instance/display_image_inst/image_inst/use_image/RAM_reg_0_63_9_11/RAMA/I (clocked by clk_ip_out_clk_ip_core_1). Large setup violations at the end of those stages might be difficult to fix during the post-placement implementation flow and could be the result of non-optimal XDC constraints or non-optimal design architecture
Related violations: <none>

TIMING-16#45 Warning
Large setup violation  
There is a large setup violation of -5.732 ns between design_5_i/vga_0/U0/vga_instance/AXI_Stream_FIFO_inst/read_pointer_reg[3]/C (clocked by clk_out1_design_5_clk_wiz_1_0) and design_5_i/vga_0/U0/vga_instance/display_image_inst/image_inst/use_image/RAM_reg_64_127_3_5/RAMA/I (clocked by clk_ip_out_clk_ip_core_1). Large setup violations at the end of those stages might be difficult to fix during the post-placement implementation flow and could be the result of non-optimal XDC constraints or non-optimal design architecture
Related violations: <none>

TIMING-16#46 Warning
Large setup violation  
There is a large setup violation of -5.734 ns between design_5_i/vga_0/U0/vga_instance/AXI_Stream_FIFO_inst/read_pointer_reg[3]/C (clocked by clk_out1_design_5_clk_wiz_1_0) and design_5_i/vga_0/U0/vga_instance/display_image_inst/image_inst/use_image/RAM_reg_128_191_0_2/RAMC/I (clocked by clk_ip_out_clk_ip_core_1). Large setup violations at the end of those stages might be difficult to fix during the post-placement implementation flow and could be the result of non-optimal XDC constraints or non-optimal design architecture
Related violations: <none>

TIMING-16#47 Warning
Large setup violation  
There is a large setup violation of -5.735 ns between design_5_i/vga_0/U0/vga_instance/AXI_Stream_FIFO_inst/read_pointer_reg[3]/C (clocked by clk_out1_design_5_clk_wiz_1_0) and design_5_i/vga_0/U0/vga_instance/display_image_inst/image_inst/use_image/RAM_reg_0_63_0_2/RAMC/I (clocked by clk_ip_out_clk_ip_core_1). Large setup violations at the end of those stages might be difficult to fix during the post-placement implementation flow and could be the result of non-optimal XDC constraints or non-optimal design architecture
Related violations: <none>

TIMING-16#48 Warning
Large setup violation  
There is a large setup violation of -5.738 ns between design_5_i/vga_0/U0/vga_instance/AXI_Stream_FIFO_inst/read_pointer_reg[2]/C (clocked by clk_out1_design_5_clk_wiz_1_0) and design_5_i/vga_0/U0/vga_instance/display_image_inst/image_inst/use_image/RAM_reg_0_63_9_11/RAMA/WE (clocked by clk_ip_out_clk_ip_core_1). Large setup violations at the end of those stages might be difficult to fix during the post-placement implementation flow and could be the result of non-optimal XDC constraints or non-optimal design architecture
Related violations: <none>

TIMING-16#49 Warning
Large setup violation  
There is a large setup violation of -5.738 ns between design_5_i/vga_0/U0/vga_instance/AXI_Stream_FIFO_inst/read_pointer_reg[2]/C (clocked by clk_out1_design_5_clk_wiz_1_0) and design_5_i/vga_0/U0/vga_instance/display_image_inst/image_inst/use_image/RAM_reg_0_63_9_11/RAMB/WE (clocked by clk_ip_out_clk_ip_core_1). Large setup violations at the end of those stages might be difficult to fix during the post-placement implementation flow and could be the result of non-optimal XDC constraints or non-optimal design architecture
Related violations: <none>

TIMING-16#50 Warning
Large setup violation  
There is a large setup violation of -5.738 ns between design_5_i/vga_0/U0/vga_instance/AXI_Stream_FIFO_inst/read_pointer_reg[2]/C (clocked by clk_out1_design_5_clk_wiz_1_0) and design_5_i/vga_0/U0/vga_instance/display_image_inst/image_inst/use_image/RAM_reg_0_63_9_11/RAMC/WE (clocked by clk_ip_out_clk_ip_core_1). Large setup violations at the end of those stages might be difficult to fix during the post-placement implementation flow and could be the result of non-optimal XDC constraints or non-optimal design architecture
Related violations: <none>

TIMING-16#51 Warning
Large setup violation  
There is a large setup violation of -5.738 ns between design_5_i/vga_0/U0/vga_instance/AXI_Stream_FIFO_inst/read_pointer_reg[2]/C (clocked by clk_out1_design_5_clk_wiz_1_0) and design_5_i/vga_0/U0/vga_instance/display_image_inst/image_inst/use_image/RAM_reg_0_63_9_11/RAMD/WE (clocked by clk_ip_out_clk_ip_core_1). Large setup violations at the end of those stages might be difficult to fix during the post-placement implementation flow and could be the result of non-optimal XDC constraints or non-optimal design architecture
Related violations: <none>

TIMING-16#52 Warning
Large setup violation  
There is a large setup violation of -5.749 ns between design_5_i/vga_0/U0/vga_instance/AXI_Stream_FIFO_inst/read_pointer_reg[0]_replica/C (clocked by clk_out1_design_5_clk_wiz_1_0) and design_5_i/vga_0/U0/vga_instance/display_image_inst/image_inst/use_image/RAM_reg_64_127_6_8/RAMA/I (clocked by clk_ip_out_clk_ip_core_1). Large setup violations at the end of those stages might be difficult to fix during the post-placement implementation flow and could be the result of non-optimal XDC constraints or non-optimal design architecture
Related violations: <none>

TIMING-16#53 Warning
Large setup violation  
There is a large setup violation of -5.750 ns between design_5_i/vga_0/U0/vga_instance/AXI_Stream_FIFO_inst/read_pointer_reg[3]/C (clocked by clk_out1_design_5_clk_wiz_1_0) and design_5_i/vga_0/U0/vga_instance/display_image_inst/image_inst/use_image/RAM_reg_64_127_6_8/RAMA/WADR2 (clocked by clk_ip_out_clk_ip_core_1). Large setup violations at the end of those stages might be difficult to fix during the post-placement implementation flow and could be the result of non-optimal XDC constraints or non-optimal design architecture
Related violations: <none>

TIMING-16#54 Warning
Large setup violation  
There is a large setup violation of -5.750 ns between design_5_i/vga_0/U0/vga_instance/AXI_Stream_FIFO_inst/read_pointer_reg[3]/C (clocked by clk_out1_design_5_clk_wiz_1_0) and design_5_i/vga_0/U0/vga_instance/display_image_inst/image_inst/use_image/RAM_reg_64_127_6_8/RAMB/WADR2 (clocked by clk_ip_out_clk_ip_core_1). Large setup violations at the end of those stages might be difficult to fix during the post-placement implementation flow and could be the result of non-optimal XDC constraints or non-optimal design architecture
Related violations: <none>

TIMING-16#55 Warning
Large setup violation  
There is a large setup violation of -5.750 ns between design_5_i/vga_0/U0/vga_instance/AXI_Stream_FIFO_inst/read_pointer_reg[3]/C (clocked by clk_out1_design_5_clk_wiz_1_0) and design_5_i/vga_0/U0/vga_instance/display_image_inst/image_inst/use_image/RAM_reg_64_127_6_8/RAMC/WADR2 (clocked by clk_ip_out_clk_ip_core_1). Large setup violations at the end of those stages might be difficult to fix during the post-placement implementation flow and could be the result of non-optimal XDC constraints or non-optimal design architecture
Related violations: <none>

TIMING-16#56 Warning
Large setup violation  
There is a large setup violation of -5.750 ns between design_5_i/vga_0/U0/vga_instance/AXI_Stream_FIFO_inst/read_pointer_reg[3]/C (clocked by clk_out1_design_5_clk_wiz_1_0) and design_5_i/vga_0/U0/vga_instance/display_image_inst/image_inst/use_image/RAM_reg_64_127_6_8/RAMD/WADR2 (clocked by clk_ip_out_clk_ip_core_1). Large setup violations at the end of those stages might be difficult to fix during the post-placement implementation flow and could be the result of non-optimal XDC constraints or non-optimal design architecture
Related violations: <none>

TIMING-16#57 Warning
Large setup violation  
There is a large setup violation of -5.765 ns between design_5_i/vga_0/U0/vga_instance/AXI_Stream_FIFO_inst/read_pointer_reg[2]/C (clocked by clk_out1_design_5_clk_wiz_1_0) and design_5_i/vga_0/U0/vga_instance/display_image_inst/image_inst/use_image/RAM_reg_128_191_6_8/RAMA/WE (clocked by clk_ip_out_clk_ip_core_1). Large setup violations at the end of those stages might be difficult to fix during the post-placement implementation flow and could be the result of non-optimal XDC constraints or non-optimal design architecture
Related violations: <none>

TIMING-16#58 Warning
Large setup violation  
There is a large setup violation of -5.765 ns between design_5_i/vga_0/U0/vga_instance/AXI_Stream_FIFO_inst/read_pointer_reg[2]/C (clocked by clk_out1_design_5_clk_wiz_1_0) and design_5_i/vga_0/U0/vga_instance/display_image_inst/image_inst/use_image/RAM_reg_128_191_6_8/RAMB/WE (clocked by clk_ip_out_clk_ip_core_1). Large setup violations at the end of those stages might be difficult to fix during the post-placement implementation flow and could be the result of non-optimal XDC constraints or non-optimal design architecture
Related violations: <none>

TIMING-16#59 Warning
Large setup violation  
There is a large setup violation of -5.765 ns between design_5_i/vga_0/U0/vga_instance/AXI_Stream_FIFO_inst/read_pointer_reg[2]/C (clocked by clk_out1_design_5_clk_wiz_1_0) and design_5_i/vga_0/U0/vga_instance/display_image_inst/image_inst/use_image/RAM_reg_128_191_6_8/RAMC/WE (clocked by clk_ip_out_clk_ip_core_1). Large setup violations at the end of those stages might be difficult to fix during the post-placement implementation flow and could be the result of non-optimal XDC constraints or non-optimal design architecture
Related violations: <none>

TIMING-16#60 Warning
Large setup violation  
There is a large setup violation of -5.765 ns between design_5_i/vga_0/U0/vga_instance/AXI_Stream_FIFO_inst/read_pointer_reg[2]/C (clocked by clk_out1_design_5_clk_wiz_1_0) and design_5_i/vga_0/U0/vga_instance/display_image_inst/image_inst/use_image/RAM_reg_128_191_6_8/RAMD/WE (clocked by clk_ip_out_clk_ip_core_1). Large setup violations at the end of those stages might be difficult to fix during the post-placement implementation flow and could be the result of non-optimal XDC constraints or non-optimal design architecture
Related violations: <none>

TIMING-16#61 Warning
Large setup violation  
There is a large setup violation of -5.767 ns between design_5_i/vga_0/U0/vga_instance/AXI_Stream_FIFO_inst/read_pointer_reg[3]/C (clocked by clk_out1_design_5_clk_wiz_1_0) and design_5_i/vga_0/U0/vga_instance/display_image_inst/image_inst/use_image/RAM_reg_64_127_0_2/RAMA/WADR2 (clocked by clk_ip_out_clk_ip_core_1). Large setup violations at the end of those stages might be difficult to fix during the post-placement implementation flow and could be the result of non-optimal XDC constraints or non-optimal design architecture
Related violations: <none>

TIMING-16#62 Warning
Large setup violation  
There is a large setup violation of -5.767 ns between design_5_i/vga_0/U0/vga_instance/AXI_Stream_FIFO_inst/read_pointer_reg[3]/C (clocked by clk_out1_design_5_clk_wiz_1_0) and design_5_i/vga_0/U0/vga_instance/display_image_inst/image_inst/use_image/RAM_reg_64_127_0_2/RAMB/WADR2 (clocked by clk_ip_out_clk_ip_core_1). Large setup violations at the end of those stages might be difficult to fix during the post-placement implementation flow and could be the result of non-optimal XDC constraints or non-optimal design architecture
Related violations: <none>

TIMING-16#63 Warning
Large setup violation  
There is a large setup violation of -5.767 ns between design_5_i/vga_0/U0/vga_instance/AXI_Stream_FIFO_inst/read_pointer_reg[3]/C (clocked by clk_out1_design_5_clk_wiz_1_0) and design_5_i/vga_0/U0/vga_instance/display_image_inst/image_inst/use_image/RAM_reg_64_127_0_2/RAMC/WADR2 (clocked by clk_ip_out_clk_ip_core_1). Large setup violations at the end of those stages might be difficult to fix during the post-placement implementation flow and could be the result of non-optimal XDC constraints or non-optimal design architecture
Related violations: <none>

TIMING-16#64 Warning
Large setup violation  
There is a large setup violation of -5.767 ns between design_5_i/vga_0/U0/vga_instance/AXI_Stream_FIFO_inst/read_pointer_reg[3]/C (clocked by clk_out1_design_5_clk_wiz_1_0) and design_5_i/vga_0/U0/vga_instance/display_image_inst/image_inst/use_image/RAM_reg_64_127_0_2/RAMD/WADR2 (clocked by clk_ip_out_clk_ip_core_1). Large setup violations at the end of those stages might be difficult to fix during the post-placement implementation flow and could be the result of non-optimal XDC constraints or non-optimal design architecture
Related violations: <none>

TIMING-16#65 Warning
Large setup violation  
There is a large setup violation of -5.768 ns between design_5_i/vga_0/U0/vga_instance/AXI_Stream_FIFO_inst/read_pointer_reg[3]/C (clocked by clk_out1_design_5_clk_wiz_1_0) and design_5_i/vga_0/U0/vga_instance/display_image_inst/image_inst/use_image/RAM_reg_192_255_3_5/RAMC/I (clocked by clk_ip_out_clk_ip_core_1). Large setup violations at the end of those stages might be difficult to fix during the post-placement implementation flow and could be the result of non-optimal XDC constraints or non-optimal design architecture
Related violations: <none>

TIMING-16#66 Warning
Large setup violation  
There is a large setup violation of -5.770 ns between design_5_i/vga_0/U0/vga_instance/AXI_Stream_FIFO_inst/read_pointer_reg[3]/C (clocked by clk_out1_design_5_clk_wiz_1_0) and design_5_i/vga_0/U0/vga_instance/display_image_inst/image_inst/use_image/RAM_reg_0_63_3_5/RAMA/I (clocked by clk_ip_out_clk_ip_core_1). Large setup violations at the end of those stages might be difficult to fix during the post-placement implementation flow and could be the result of non-optimal XDC constraints or non-optimal design architecture
Related violations: <none>

TIMING-16#67 Warning
Large setup violation  
There is a large setup violation of -5.780 ns between design_5_i/vga_0/U0/vga_instance/AXI_Stream_FIFO_inst/read_pointer_reg[3]/C (clocked by clk_out1_design_5_clk_wiz_1_0) and design_5_i/vga_0/U0/vga_instance/display_image_inst/image_inst/use_image/RAM_reg_128_191_3_5/RAMA/WADR2 (clocked by clk_ip_out_clk_ip_core_1). Large setup violations at the end of those stages might be difficult to fix during the post-placement implementation flow and could be the result of non-optimal XDC constraints or non-optimal design architecture
Related violations: <none>

TIMING-16#68 Warning
Large setup violation  
There is a large setup violation of -5.780 ns between design_5_i/vga_0/U0/vga_instance/AXI_Stream_FIFO_inst/read_pointer_reg[3]/C (clocked by clk_out1_design_5_clk_wiz_1_0) and design_5_i/vga_0/U0/vga_instance/display_image_inst/image_inst/use_image/RAM_reg_128_191_3_5/RAMB/WADR2 (clocked by clk_ip_out_clk_ip_core_1). Large setup violations at the end of those stages might be difficult to fix during the post-placement implementation flow and could be the result of non-optimal XDC constraints or non-optimal design architecture
Related violations: <none>

TIMING-16#69 Warning
Large setup violation  
There is a large setup violation of -5.780 ns between design_5_i/vga_0/U0/vga_instance/AXI_Stream_FIFO_inst/read_pointer_reg[3]/C (clocked by clk_out1_design_5_clk_wiz_1_0) and design_5_i/vga_0/U0/vga_instance/display_image_inst/image_inst/use_image/RAM_reg_128_191_3_5/RAMC/WADR2 (clocked by clk_ip_out_clk_ip_core_1). Large setup violations at the end of those stages might be difficult to fix during the post-placement implementation flow and could be the result of non-optimal XDC constraints or non-optimal design architecture
Related violations: <none>

TIMING-16#70 Warning
Large setup violation  
There is a large setup violation of -5.780 ns between design_5_i/vga_0/U0/vga_instance/AXI_Stream_FIFO_inst/read_pointer_reg[3]/C (clocked by clk_out1_design_5_clk_wiz_1_0) and design_5_i/vga_0/U0/vga_instance/display_image_inst/image_inst/use_image/RAM_reg_128_191_3_5/RAMD/WADR2 (clocked by clk_ip_out_clk_ip_core_1). Large setup violations at the end of those stages might be difficult to fix during the post-placement implementation flow and could be the result of non-optimal XDC constraints or non-optimal design architecture
Related violations: <none>

TIMING-16#71 Warning
Large setup violation  
There is a large setup violation of -5.784 ns between design_5_i/vga_0/U0/vga_instance/AXI_Stream_FIFO_inst/read_pointer_reg[0]_replica/C (clocked by clk_out1_design_5_clk_wiz_1_0) and design_5_i/vga_0/U0/vga_instance/display_image_inst/image_inst/use_image/RAM_reg_128_191_6_8/RAMB/I (clocked by clk_ip_out_clk_ip_core_1). Large setup violations at the end of those stages might be difficult to fix during the post-placement implementation flow and could be the result of non-optimal XDC constraints or non-optimal design architecture
Related violations: <none>

TIMING-16#72 Warning
Large setup violation  
There is a large setup violation of -5.789 ns between design_5_i/vga_0/U0/vga_instance/AXI_Stream_FIFO_inst/read_pointer_reg[3]/C (clocked by clk_out1_design_5_clk_wiz_1_0) and design_5_i/vga_0/U0/vga_instance/display_image_inst/image_inst/use_image/RAM_reg_0_63_0_2/RAMA/WADR1 (clocked by clk_ip_out_clk_ip_core_1). Large setup violations at the end of those stages might be difficult to fix during the post-placement implementation flow and could be the result of non-optimal XDC constraints or non-optimal design architecture
Related violations: <none>

TIMING-16#73 Warning
Large setup violation  
There is a large setup violation of -5.789 ns between design_5_i/vga_0/U0/vga_instance/AXI_Stream_FIFO_inst/read_pointer_reg[3]/C (clocked by clk_out1_design_5_clk_wiz_1_0) and design_5_i/vga_0/U0/vga_instance/display_image_inst/image_inst/use_image/RAM_reg_0_63_0_2/RAMB/WADR1 (clocked by clk_ip_out_clk_ip_core_1). Large setup violations at the end of those stages might be difficult to fix during the post-placement implementation flow and could be the result of non-optimal XDC constraints or non-optimal design architecture
Related violations: <none>

TIMING-16#74 Warning
Large setup violation  
There is a large setup violation of -5.789 ns between design_5_i/vga_0/U0/vga_instance/AXI_Stream_FIFO_inst/read_pointer_reg[3]/C (clocked by clk_out1_design_5_clk_wiz_1_0) and design_5_i/vga_0/U0/vga_instance/display_image_inst/image_inst/use_image/RAM_reg_0_63_0_2/RAMC/WADR1 (clocked by clk_ip_out_clk_ip_core_1). Large setup violations at the end of those stages might be difficult to fix during the post-placement implementation flow and could be the result of non-optimal XDC constraints or non-optimal design architecture
Related violations: <none>

TIMING-16#75 Warning
Large setup violation  
There is a large setup violation of -5.789 ns between design_5_i/vga_0/U0/vga_instance/AXI_Stream_FIFO_inst/read_pointer_reg[3]/C (clocked by clk_out1_design_5_clk_wiz_1_0) and design_5_i/vga_0/U0/vga_instance/display_image_inst/image_inst/use_image/RAM_reg_0_63_0_2/RAMD/WADR1 (clocked by clk_ip_out_clk_ip_core_1). Large setup violations at the end of those stages might be difficult to fix during the post-placement implementation flow and could be the result of non-optimal XDC constraints or non-optimal design architecture
Related violations: <none>

TIMING-16#76 Warning
Large setup violation  
There is a large setup violation of -5.790 ns between design_5_i/vga_0/U0/vga_instance/AXI_Stream_FIFO_inst/read_pointer_reg[2]/C (clocked by clk_out1_design_5_clk_wiz_1_0) and design_5_i/vga_0/U0/vga_instance/display_image_inst/image_inst/use_image/RAM_reg_128_191_0_2/RAMA/WE (clocked by clk_ip_out_clk_ip_core_1). Large setup violations at the end of those stages might be difficult to fix during the post-placement implementation flow and could be the result of non-optimal XDC constraints or non-optimal design architecture
Related violations: <none>

TIMING-16#77 Warning
Large setup violation  
There is a large setup violation of -5.790 ns between design_5_i/vga_0/U0/vga_instance/AXI_Stream_FIFO_inst/read_pointer_reg[2]/C (clocked by clk_out1_design_5_clk_wiz_1_0) and design_5_i/vga_0/U0/vga_instance/display_image_inst/image_inst/use_image/RAM_reg_128_191_0_2/RAMB/WE (clocked by clk_ip_out_clk_ip_core_1). Large setup violations at the end of those stages might be difficult to fix during the post-placement implementation flow and could be the result of non-optimal XDC constraints or non-optimal design architecture
Related violations: <none>

TIMING-16#78 Warning
Large setup violation  
There is a large setup violation of -5.790 ns between design_5_i/vga_0/U0/vga_instance/AXI_Stream_FIFO_inst/read_pointer_reg[2]/C (clocked by clk_out1_design_5_clk_wiz_1_0) and design_5_i/vga_0/U0/vga_instance/display_image_inst/image_inst/use_image/RAM_reg_128_191_0_2/RAMC/WE (clocked by clk_ip_out_clk_ip_core_1). Large setup violations at the end of those stages might be difficult to fix during the post-placement implementation flow and could be the result of non-optimal XDC constraints or non-optimal design architecture
Related violations: <none>

TIMING-16#79 Warning
Large setup violation  
There is a large setup violation of -5.790 ns between design_5_i/vga_0/U0/vga_instance/AXI_Stream_FIFO_inst/read_pointer_reg[2]/C (clocked by clk_out1_design_5_clk_wiz_1_0) and design_5_i/vga_0/U0/vga_instance/display_image_inst/image_inst/use_image/RAM_reg_128_191_0_2/RAMD/WE (clocked by clk_ip_out_clk_ip_core_1). Large setup violations at the end of those stages might be difficult to fix during the post-placement implementation flow and could be the result of non-optimal XDC constraints or non-optimal design architecture
Related violations: <none>

TIMING-16#80 Warning
Large setup violation  
There is a large setup violation of -5.791 ns between design_5_i/vga_0/U0/vga_instance/AXI_Stream_FIFO_inst/read_pointer_reg[3]/C (clocked by clk_out1_design_5_clk_wiz_1_0) and design_5_i/vga_0/U0/vga_instance/display_image_inst/image_inst/use_image/RAM_reg_0_63_6_8/RAMC/I (clocked by clk_ip_out_clk_ip_core_1). Large setup violations at the end of those stages might be difficult to fix during the post-placement implementation flow and could be the result of non-optimal XDC constraints or non-optimal design architecture
Related violations: <none>

TIMING-16#81 Warning
Large setup violation  
There is a large setup violation of -5.799 ns between design_5_i/vga_0/U0/vga_instance/AXI_Stream_FIFO_inst/read_pointer_reg[0]_replica/C (clocked by clk_out1_design_5_clk_wiz_1_0) and design_5_i/vga_0/U0/vga_instance/display_image_inst/image_inst/use_image/RAM_reg_192_255_6_8/RAMA/I (clocked by clk_ip_out_clk_ip_core_1). Large setup violations at the end of those stages might be difficult to fix during the post-placement implementation flow and could be the result of non-optimal XDC constraints or non-optimal design architecture
Related violations: <none>

TIMING-16#82 Warning
Large setup violation  
There is a large setup violation of -5.808 ns between design_5_i/vga_0/U0/vga_instance/AXI_Stream_FIFO_inst/read_pointer_reg[3]/C (clocked by clk_out1_design_5_clk_wiz_1_0) and design_5_i/vga_0/U0/vga_instance/display_image_inst/image_inst/use_image/RAM_reg_0_63_3_5/RAMB/I (clocked by clk_ip_out_clk_ip_core_1). Large setup violations at the end of those stages might be difficult to fix during the post-placement implementation flow and could be the result of non-optimal XDC constraints or non-optimal design architecture
Related violations: <none>

TIMING-16#83 Warning
Large setup violation  
There is a large setup violation of -5.813 ns between design_5_i/vga_0/U0/vga_instance/AXI_Stream_FIFO_inst/read_pointer_reg[3]/C (clocked by clk_out1_design_5_clk_wiz_1_0) and design_5_i/vga_0/U0/vga_instance/display_image_inst/image_inst/use_image/RAM_reg_128_191_6_8/RAMA/WADR1 (clocked by clk_ip_out_clk_ip_core_1). Large setup violations at the end of those stages might be difficult to fix during the post-placement implementation flow and could be the result of non-optimal XDC constraints or non-optimal design architecture
Related violations: <none>

TIMING-16#84 Warning
Large setup violation  
There is a large setup violation of -5.813 ns between design_5_i/vga_0/U0/vga_instance/AXI_Stream_FIFO_inst/read_pointer_reg[3]/C (clocked by clk_out1_design_5_clk_wiz_1_0) and design_5_i/vga_0/U0/vga_instance/display_image_inst/image_inst/use_image/RAM_reg_128_191_6_8/RAMB/WADR1 (clocked by clk_ip_out_clk_ip_core_1). Large setup violations at the end of those stages might be difficult to fix during the post-placement implementation flow and could be the result of non-optimal XDC constraints or non-optimal design architecture
Related violations: <none>

TIMING-16#85 Warning
Large setup violation  
There is a large setup violation of -5.813 ns between design_5_i/vga_0/U0/vga_instance/AXI_Stream_FIFO_inst/read_pointer_reg[3]/C (clocked by clk_out1_design_5_clk_wiz_1_0) and design_5_i/vga_0/U0/vga_instance/display_image_inst/image_inst/use_image/RAM_reg_128_191_6_8/RAMC/WADR1 (clocked by clk_ip_out_clk_ip_core_1). Large setup violations at the end of those stages might be difficult to fix during the post-placement implementation flow and could be the result of non-optimal XDC constraints or non-optimal design architecture
Related violations: <none>

TIMING-16#86 Warning
Large setup violation  
There is a large setup violation of -5.813 ns between design_5_i/vga_0/U0/vga_instance/AXI_Stream_FIFO_inst/read_pointer_reg[3]/C (clocked by clk_out1_design_5_clk_wiz_1_0) and design_5_i/vga_0/U0/vga_instance/display_image_inst/image_inst/use_image/RAM_reg_128_191_6_8/RAMD/WADR1 (clocked by clk_ip_out_clk_ip_core_1). Large setup violations at the end of those stages might be difficult to fix during the post-placement implementation flow and could be the result of non-optimal XDC constraints or non-optimal design architecture
Related violations: <none>

TIMING-16#87 Warning
Large setup violation  
There is a large setup violation of -5.814 ns between design_5_i/vga_0/U0/vga_instance/AXI_Stream_FIFO_inst/read_pointer_reg[0]_replica/C (clocked by clk_out1_design_5_clk_wiz_1_0) and design_5_i/vga_0/U0/vga_instance/display_image_inst/image_inst/use_image/RAM_reg_64_127_6_8/RAMB/I (clocked by clk_ip_out_clk_ip_core_1). Large setup violations at the end of those stages might be difficult to fix during the post-placement implementation flow and could be the result of non-optimal XDC constraints or non-optimal design architecture
Related violations: <none>

TIMING-16#88 Warning
Large setup violation  
There is a large setup violation of -5.818 ns between design_5_i/vga_0/U0/vga_instance/AXI_Stream_FIFO_inst/read_pointer_reg[0]_replica/C (clocked by clk_out1_design_5_clk_wiz_1_0) and design_5_i/vga_0/U0/vga_instance/display_image_inst/image_inst/use_image/RAM_reg_0_63_6_8/RAMA/I (clocked by clk_ip_out_clk_ip_core_1). Large setup violations at the end of those stages might be difficult to fix during the post-placement implementation flow and could be the result of non-optimal XDC constraints or non-optimal design architecture
Related violations: <none>

TIMING-16#89 Warning
Large setup violation  
There is a large setup violation of -5.819 ns between design_5_i/vga_0/U0/vga_instance/AXI_Stream_FIFO_inst/read_pointer_reg[3]/C (clocked by clk_out1_design_5_clk_wiz_1_0) and design_5_i/vga_0/U0/vga_instance/display_image_inst/image_inst/use_image/RAM_reg_128_191_3_5/RAMA/WADR1 (clocked by clk_ip_out_clk_ip_core_1). Large setup violations at the end of those stages might be difficult to fix during the post-placement implementation flow and could be the result of non-optimal XDC constraints or non-optimal design architecture
Related violations: <none>

TIMING-16#90 Warning
Large setup violation  
There is a large setup violation of -5.819 ns between design_5_i/vga_0/U0/vga_instance/AXI_Stream_FIFO_inst/read_pointer_reg[3]/C (clocked by clk_out1_design_5_clk_wiz_1_0) and design_5_i/vga_0/U0/vga_instance/display_image_inst/image_inst/use_image/RAM_reg_128_191_3_5/RAMB/WADR1 (clocked by clk_ip_out_clk_ip_core_1). Large setup violations at the end of those stages might be difficult to fix during the post-placement implementation flow and could be the result of non-optimal XDC constraints or non-optimal design architecture
Related violations: <none>

TIMING-16#91 Warning
Large setup violation  
There is a large setup violation of -5.819 ns between design_5_i/vga_0/U0/vga_instance/AXI_Stream_FIFO_inst/read_pointer_reg[3]/C (clocked by clk_out1_design_5_clk_wiz_1_0) and design_5_i/vga_0/U0/vga_instance/display_image_inst/image_inst/use_image/RAM_reg_128_191_3_5/RAMC/WADR1 (clocked by clk_ip_out_clk_ip_core_1). Large setup violations at the end of those stages might be difficult to fix during the post-placement implementation flow and could be the result of non-optimal XDC constraints or non-optimal design architecture
Related violations: <none>

TIMING-16#92 Warning
Large setup violation  
There is a large setup violation of -5.819 ns between design_5_i/vga_0/U0/vga_instance/AXI_Stream_FIFO_inst/read_pointer_reg[3]/C (clocked by clk_out1_design_5_clk_wiz_1_0) and design_5_i/vga_0/U0/vga_instance/display_image_inst/image_inst/use_image/RAM_reg_128_191_3_5/RAMD/WADR1 (clocked by clk_ip_out_clk_ip_core_1). Large setup violations at the end of those stages might be difficult to fix during the post-placement implementation flow and could be the result of non-optimal XDC constraints or non-optimal design architecture
Related violations: <none>

TIMING-16#93 Warning
Large setup violation  
There is a large setup violation of -5.823 ns between design_5_i/vga_0/U0/vga_instance/AXI_Stream_FIFO_inst/read_pointer_reg[0]_replica_1/C (clocked by clk_out1_design_5_clk_wiz_1_0) and design_5_i/vga_0/U0/vga_instance/display_image_inst/image_inst/use_image/RAM_reg_64_127_9_11/RAMA/WADR5 (clocked by clk_ip_out_clk_ip_core_1). Large setup violations at the end of those stages might be difficult to fix during the post-placement implementation flow and could be the result of non-optimal XDC constraints or non-optimal design architecture
Related violations: <none>

TIMING-16#94 Warning
Large setup violation  
There is a large setup violation of -5.823 ns between design_5_i/vga_0/U0/vga_instance/AXI_Stream_FIFO_inst/read_pointer_reg[0]_replica_1/C (clocked by clk_out1_design_5_clk_wiz_1_0) and design_5_i/vga_0/U0/vga_instance/display_image_inst/image_inst/use_image/RAM_reg_64_127_9_11/RAMB/WADR5 (clocked by clk_ip_out_clk_ip_core_1). Large setup violations at the end of those stages might be difficult to fix during the post-placement implementation flow and could be the result of non-optimal XDC constraints or non-optimal design architecture
Related violations: <none>

TIMING-16#95 Warning
Large setup violation  
There is a large setup violation of -5.823 ns between design_5_i/vga_0/U0/vga_instance/AXI_Stream_FIFO_inst/read_pointer_reg[0]_replica_1/C (clocked by clk_out1_design_5_clk_wiz_1_0) and design_5_i/vga_0/U0/vga_instance/display_image_inst/image_inst/use_image/RAM_reg_64_127_9_11/RAMC/WADR5 (clocked by clk_ip_out_clk_ip_core_1). Large setup violations at the end of those stages might be difficult to fix during the post-placement implementation flow and could be the result of non-optimal XDC constraints or non-optimal design architecture
Related violations: <none>

TIMING-16#96 Warning
Large setup violation  
There is a large setup violation of -5.823 ns between design_5_i/vga_0/U0/vga_instance/AXI_Stream_FIFO_inst/read_pointer_reg[0]_replica_1/C (clocked by clk_out1_design_5_clk_wiz_1_0) and design_5_i/vga_0/U0/vga_instance/display_image_inst/image_inst/use_image/RAM_reg_64_127_9_11/RAMD/WADR5 (clocked by clk_ip_out_clk_ip_core_1). Large setup violations at the end of those stages might be difficult to fix during the post-placement implementation flow and could be the result of non-optimal XDC constraints or non-optimal design architecture
Related violations: <none>

TIMING-16#97 Warning
Large setup violation  
There is a large setup violation of -5.837 ns between design_5_i/vga_0/U0/vga_instance/AXI_Stream_FIFO_inst/read_pointer_reg[3]/C (clocked by clk_out1_design_5_clk_wiz_1_0) and design_5_i/vga_0/U0/vga_instance/display_image_inst/image_inst/use_image/RAM_reg_192_255_6_8/RAMC/I (clocked by clk_ip_out_clk_ip_core_1). Large setup violations at the end of those stages might be difficult to fix during the post-placement implementation flow and could be the result of non-optimal XDC constraints or non-optimal design architecture
Related violations: <none>

TIMING-16#98 Warning
Large setup violation  
There is a large setup violation of -5.846 ns between design_5_i/vga_0/U0/vga_instance/AXI_Stream_FIFO_inst/read_pointer_reg[2]/C (clocked by clk_out1_design_5_clk_wiz_1_0) and design_5_i/vga_0/U0/vga_instance/display_image_inst/image_inst/use_image/RAM_reg_192_255_6_8/RAMA/WE (clocked by clk_ip_out_clk_ip_core_1). Large setup violations at the end of those stages might be difficult to fix during the post-placement implementation flow and could be the result of non-optimal XDC constraints or non-optimal design architecture
Related violations: <none>

TIMING-16#99 Warning
Large setup violation  
There is a large setup violation of -5.846 ns between design_5_i/vga_0/U0/vga_instance/AXI_Stream_FIFO_inst/read_pointer_reg[2]/C (clocked by clk_out1_design_5_clk_wiz_1_0) and design_5_i/vga_0/U0/vga_instance/display_image_inst/image_inst/use_image/RAM_reg_192_255_6_8/RAMB/WE (clocked by clk_ip_out_clk_ip_core_1). Large setup violations at the end of those stages might be difficult to fix during the post-placement implementation flow and could be the result of non-optimal XDC constraints or non-optimal design architecture
Related violations: <none>

TIMING-16#100 Warning
Large setup violation  
There is a large setup violation of -5.846 ns between design_5_i/vga_0/U0/vga_instance/AXI_Stream_FIFO_inst/read_pointer_reg[2]/C (clocked by clk_out1_design_5_clk_wiz_1_0) and design_5_i/vga_0/U0/vga_instance/display_image_inst/image_inst/use_image/RAM_reg_192_255_6_8/RAMC/WE (clocked by clk_ip_out_clk_ip_core_1). Large setup violations at the end of those stages might be difficult to fix during the post-placement implementation flow and could be the result of non-optimal XDC constraints or non-optimal design architecture
Related violations: <none>

TIMING-16#101 Warning
Large setup violation  
There is a large setup violation of -5.846 ns between design_5_i/vga_0/U0/vga_instance/AXI_Stream_FIFO_inst/read_pointer_reg[2]/C (clocked by clk_out1_design_5_clk_wiz_1_0) and design_5_i/vga_0/U0/vga_instance/display_image_inst/image_inst/use_image/RAM_reg_192_255_6_8/RAMD/WE (clocked by clk_ip_out_clk_ip_core_1). Large setup violations at the end of those stages might be difficult to fix during the post-placement implementation flow and could be the result of non-optimal XDC constraints or non-optimal design architecture
Related violations: <none>

TIMING-16#102 Warning
Large setup violation  
There is a large setup violation of -5.852 ns between design_5_i/vga_0/U0/vga_instance/AXI_Stream_FIFO_inst/read_pointer_reg[3]/C (clocked by clk_out1_design_5_clk_wiz_1_0) and design_5_i/vga_0/U0/vga_instance/display_image_inst/image_inst/use_image/RAM_reg_192_255_9_11/RAMA/I (clocked by clk_ip_out_clk_ip_core_1). Large setup violations at the end of those stages might be difficult to fix during the post-placement implementation flow and could be the result of non-optimal XDC constraints or non-optimal design architecture
Related violations: <none>

TIMING-16#103 Warning
Large setup violation  
There is a large setup violation of -5.855 ns between design_5_i/vga_0/U0/vga_instance/AXI_Stream_FIFO_inst/read_pointer_reg[2]/C (clocked by clk_out1_design_5_clk_wiz_1_0) and design_5_i/vga_0/U0/vga_instance/display_image_inst/image_inst/use_image/RAM_reg_0_63_3_5/RAMA/WE (clocked by clk_ip_out_clk_ip_core_1). Large setup violations at the end of those stages might be difficult to fix during the post-placement implementation flow and could be the result of non-optimal XDC constraints or non-optimal design architecture
Related violations: <none>

TIMING-16#104 Warning
Large setup violation  
There is a large setup violation of -5.855 ns between design_5_i/vga_0/U0/vga_instance/AXI_Stream_FIFO_inst/read_pointer_reg[2]/C (clocked by clk_out1_design_5_clk_wiz_1_0) and design_5_i/vga_0/U0/vga_instance/display_image_inst/image_inst/use_image/RAM_reg_0_63_3_5/RAMB/WE (clocked by clk_ip_out_clk_ip_core_1). Large setup violations at the end of those stages might be difficult to fix during the post-placement implementation flow and could be the result of non-optimal XDC constraints or non-optimal design architecture
Related violations: <none>

TIMING-16#105 Warning
Large setup violation  
There is a large setup violation of -5.855 ns between design_5_i/vga_0/U0/vga_instance/AXI_Stream_FIFO_inst/read_pointer_reg[2]/C (clocked by clk_out1_design_5_clk_wiz_1_0) and design_5_i/vga_0/U0/vga_instance/display_image_inst/image_inst/use_image/RAM_reg_0_63_3_5/RAMC/WE (clocked by clk_ip_out_clk_ip_core_1). Large setup violations at the end of those stages might be difficult to fix during the post-placement implementation flow and could be the result of non-optimal XDC constraints or non-optimal design architecture
Related violations: <none>

TIMING-16#106 Warning
Large setup violation  
There is a large setup violation of -5.855 ns between design_5_i/vga_0/U0/vga_instance/AXI_Stream_FIFO_inst/read_pointer_reg[2]/C (clocked by clk_out1_design_5_clk_wiz_1_0) and design_5_i/vga_0/U0/vga_instance/display_image_inst/image_inst/use_image/RAM_reg_0_63_3_5/RAMD/WE (clocked by clk_ip_out_clk_ip_core_1). Large setup violations at the end of those stages might be difficult to fix during the post-placement implementation flow and could be the result of non-optimal XDC constraints or non-optimal design architecture
Related violations: <none>

TIMING-16#107 Warning
Large setup violation  
There is a large setup violation of -5.855 ns between design_5_i/vga_0/U0/vga_instance/AXI_Stream_FIFO_inst/read_pointer_reg[3]/C (clocked by clk_out1_design_5_clk_wiz_1_0) and design_5_i/vga_0/U0/vga_instance/display_image_inst/image_inst/use_image/RAM_reg_128_191_9_11/RAMA/WADR3 (clocked by clk_ip_out_clk_ip_core_1). Large setup violations at the end of those stages might be difficult to fix during the post-placement implementation flow and could be the result of non-optimal XDC constraints or non-optimal design architecture
Related violations: <none>

TIMING-16#108 Warning
Large setup violation  
There is a large setup violation of -5.855 ns between design_5_i/vga_0/U0/vga_instance/AXI_Stream_FIFO_inst/read_pointer_reg[3]/C (clocked by clk_out1_design_5_clk_wiz_1_0) and design_5_i/vga_0/U0/vga_instance/display_image_inst/image_inst/use_image/RAM_reg_128_191_9_11/RAMB/WADR3 (clocked by clk_ip_out_clk_ip_core_1). Large setup violations at the end of those stages might be difficult to fix during the post-placement implementation flow and could be the result of non-optimal XDC constraints or non-optimal design architecture
Related violations: <none>

TIMING-16#109 Warning
Large setup violation  
There is a large setup violation of -5.855 ns between design_5_i/vga_0/U0/vga_instance/AXI_Stream_FIFO_inst/read_pointer_reg[3]/C (clocked by clk_out1_design_5_clk_wiz_1_0) and design_5_i/vga_0/U0/vga_instance/display_image_inst/image_inst/use_image/RAM_reg_128_191_9_11/RAMC/WADR3 (clocked by clk_ip_out_clk_ip_core_1). Large setup violations at the end of those stages might be difficult to fix during the post-placement implementation flow and could be the result of non-optimal XDC constraints or non-optimal design architecture
Related violations: <none>

TIMING-16#110 Warning
Large setup violation  
There is a large setup violation of -5.855 ns between design_5_i/vga_0/U0/vga_instance/AXI_Stream_FIFO_inst/read_pointer_reg[3]/C (clocked by clk_out1_design_5_clk_wiz_1_0) and design_5_i/vga_0/U0/vga_instance/display_image_inst/image_inst/use_image/RAM_reg_128_191_9_11/RAMD/WADR3 (clocked by clk_ip_out_clk_ip_core_1). Large setup violations at the end of those stages might be difficult to fix during the post-placement implementation flow and could be the result of non-optimal XDC constraints or non-optimal design architecture
Related violations: <none>

TIMING-16#111 Warning
Large setup violation  
There is a large setup violation of -5.855 ns between design_5_i/vga_0/U0/vga_instance/AXI_Stream_FIFO_inst/read_pointer_reg[3]/C (clocked by clk_out1_design_5_clk_wiz_1_0) and design_5_i/vga_0/U0/vga_instance/display_image_inst/image_inst/use_image/RAM_reg_64_127_6_8/RAMA/WADR3 (clocked by clk_ip_out_clk_ip_core_1). Large setup violations at the end of those stages might be difficult to fix during the post-placement implementation flow and could be the result of non-optimal XDC constraints or non-optimal design architecture
Related violations: <none>

TIMING-16#112 Warning
Large setup violation  
There is a large setup violation of -5.855 ns between design_5_i/vga_0/U0/vga_instance/AXI_Stream_FIFO_inst/read_pointer_reg[3]/C (clocked by clk_out1_design_5_clk_wiz_1_0) and design_5_i/vga_0/U0/vga_instance/display_image_inst/image_inst/use_image/RAM_reg_64_127_6_8/RAMB/WADR3 (clocked by clk_ip_out_clk_ip_core_1). Large setup violations at the end of those stages might be difficult to fix during the post-placement implementation flow and could be the result of non-optimal XDC constraints or non-optimal design architecture
Related violations: <none>

TIMING-16#113 Warning
Large setup violation  
There is a large setup violation of -5.855 ns between design_5_i/vga_0/U0/vga_instance/AXI_Stream_FIFO_inst/read_pointer_reg[3]/C (clocked by clk_out1_design_5_clk_wiz_1_0) and design_5_i/vga_0/U0/vga_instance/display_image_inst/image_inst/use_image/RAM_reg_64_127_6_8/RAMC/WADR3 (clocked by clk_ip_out_clk_ip_core_1). Large setup violations at the end of those stages might be difficult to fix during the post-placement implementation flow and could be the result of non-optimal XDC constraints or non-optimal design architecture
Related violations: <none>

TIMING-16#114 Warning
Large setup violation  
There is a large setup violation of -5.855 ns between design_5_i/vga_0/U0/vga_instance/AXI_Stream_FIFO_inst/read_pointer_reg[3]/C (clocked by clk_out1_design_5_clk_wiz_1_0) and design_5_i/vga_0/U0/vga_instance/display_image_inst/image_inst/use_image/RAM_reg_64_127_6_8/RAMD/WADR3 (clocked by clk_ip_out_clk_ip_core_1). Large setup violations at the end of those stages might be difficult to fix during the post-placement implementation flow and could be the result of non-optimal XDC constraints or non-optimal design architecture
Related violations: <none>

TIMING-16#115 Warning
Large setup violation  
There is a large setup violation of -5.856 ns between design_5_i/vga_0/U0/vga_instance/AXI_Stream_FIFO_inst/read_pointer_reg[3]/C (clocked by clk_out1_design_5_clk_wiz_1_0) and design_5_i/vga_0/U0/vga_instance/display_image_inst/image_inst/use_image/RAM_reg_64_127_9_11/RAMA/I (clocked by clk_ip_out_clk_ip_core_1). Large setup violations at the end of those stages might be difficult to fix during the post-placement implementation flow and could be the result of non-optimal XDC constraints or non-optimal design architecture
Related violations: <none>

TIMING-16#116 Warning
Large setup violation  
There is a large setup violation of -5.860 ns between design_5_i/vga_0/U0/vga_instance/AXI_Stream_FIFO_inst/read_pointer_reg[2]/C (clocked by clk_out1_design_5_clk_wiz_1_0) and design_5_i/vga_0/U0/vga_instance/display_image_inst/image_inst/use_image/RAM_reg_64_127_3_5/RAMA/WE (clocked by clk_ip_out_clk_ip_core_1). Large setup violations at the end of those stages might be difficult to fix during the post-placement implementation flow and could be the result of non-optimal XDC constraints or non-optimal design architecture
Related violations: <none>

TIMING-16#117 Warning
Large setup violation  
There is a large setup violation of -5.860 ns between design_5_i/vga_0/U0/vga_instance/AXI_Stream_FIFO_inst/read_pointer_reg[2]/C (clocked by clk_out1_design_5_clk_wiz_1_0) and design_5_i/vga_0/U0/vga_instance/display_image_inst/image_inst/use_image/RAM_reg_64_127_3_5/RAMB/WE (clocked by clk_ip_out_clk_ip_core_1). Large setup violations at the end of those stages might be difficult to fix during the post-placement implementation flow and could be the result of non-optimal XDC constraints or non-optimal design architecture
Related violations: <none>

TIMING-16#118 Warning
Large setup violation  
There is a large setup violation of -5.860 ns between design_5_i/vga_0/U0/vga_instance/AXI_Stream_FIFO_inst/read_pointer_reg[2]/C (clocked by clk_out1_design_5_clk_wiz_1_0) and design_5_i/vga_0/U0/vga_instance/display_image_inst/image_inst/use_image/RAM_reg_64_127_3_5/RAMC/WE (clocked by clk_ip_out_clk_ip_core_1). Large setup violations at the end of those stages might be difficult to fix during the post-placement implementation flow and could be the result of non-optimal XDC constraints or non-optimal design architecture
Related violations: <none>

TIMING-16#119 Warning
Large setup violation  
There is a large setup violation of -5.860 ns between design_5_i/vga_0/U0/vga_instance/AXI_Stream_FIFO_inst/read_pointer_reg[2]/C (clocked by clk_out1_design_5_clk_wiz_1_0) and design_5_i/vga_0/U0/vga_instance/display_image_inst/image_inst/use_image/RAM_reg_64_127_3_5/RAMD/WE (clocked by clk_ip_out_clk_ip_core_1). Large setup violations at the end of those stages might be difficult to fix during the post-placement implementation flow and could be the result of non-optimal XDC constraints or non-optimal design architecture
Related violations: <none>

TIMING-16#120 Warning
Large setup violation  
There is a large setup violation of -5.877 ns between design_5_i/vga_0/U0/vga_instance/AXI_Stream_FIFO_inst/read_pointer_reg[3]/C (clocked by clk_out1_design_5_clk_wiz_1_0) and design_5_i/vga_0/U0/vga_instance/display_image_inst/image_inst/use_image/RAM_reg_192_255_3_5/RAMA/WADR1 (clocked by clk_ip_out_clk_ip_core_1). Large setup violations at the end of those stages might be difficult to fix during the post-placement implementation flow and could be the result of non-optimal XDC constraints or non-optimal design architecture
Related violations: <none>

TIMING-16#121 Warning
Large setup violation  
There is a large setup violation of -5.877 ns between design_5_i/vga_0/U0/vga_instance/AXI_Stream_FIFO_inst/read_pointer_reg[3]/C (clocked by clk_out1_design_5_clk_wiz_1_0) and design_5_i/vga_0/U0/vga_instance/display_image_inst/image_inst/use_image/RAM_reg_192_255_3_5/RAMB/WADR1 (clocked by clk_ip_out_clk_ip_core_1). Large setup violations at the end of those stages might be difficult to fix during the post-placement implementation flow and could be the result of non-optimal XDC constraints or non-optimal design architecture
Related violations: <none>

TIMING-16#122 Warning
Large setup violation  
There is a large setup violation of -5.877 ns between design_5_i/vga_0/U0/vga_instance/AXI_Stream_FIFO_inst/read_pointer_reg[3]/C (clocked by clk_out1_design_5_clk_wiz_1_0) and design_5_i/vga_0/U0/vga_instance/display_image_inst/image_inst/use_image/RAM_reg_192_255_3_5/RAMC/WADR1 (clocked by clk_ip_out_clk_ip_core_1). Large setup violations at the end of those stages might be difficult to fix during the post-placement implementation flow and could be the result of non-optimal XDC constraints or non-optimal design architecture
Related violations: <none>

TIMING-16#123 Warning
Large setup violation  
There is a large setup violation of -5.877 ns between design_5_i/vga_0/U0/vga_instance/AXI_Stream_FIFO_inst/read_pointer_reg[3]/C (clocked by clk_out1_design_5_clk_wiz_1_0) and design_5_i/vga_0/U0/vga_instance/display_image_inst/image_inst/use_image/RAM_reg_192_255_3_5/RAMD/WADR1 (clocked by clk_ip_out_clk_ip_core_1). Large setup violations at the end of those stages might be difficult to fix during the post-placement implementation flow and could be the result of non-optimal XDC constraints or non-optimal design architecture
Related violations: <none>

TIMING-16#124 Warning
Large setup violation  
There is a large setup violation of -5.886 ns between design_5_i/vga_0/U0/vga_instance/AXI_Stream_FIFO_inst/read_pointer_reg[3]/C (clocked by clk_out1_design_5_clk_wiz_1_0) and design_5_i/vga_0/U0/vga_instance/display_image_inst/image_inst/use_image/RAM_reg_128_191_9_11/RAMA/WADR2 (clocked by clk_ip_out_clk_ip_core_1). Large setup violations at the end of those stages might be difficult to fix during the post-placement implementation flow and could be the result of non-optimal XDC constraints or non-optimal design architecture
Related violations: <none>

TIMING-16#125 Warning
Large setup violation  
There is a large setup violation of -5.886 ns between design_5_i/vga_0/U0/vga_instance/AXI_Stream_FIFO_inst/read_pointer_reg[3]/C (clocked by clk_out1_design_5_clk_wiz_1_0) and design_5_i/vga_0/U0/vga_instance/display_image_inst/image_inst/use_image/RAM_reg_128_191_9_11/RAMB/WADR2 (clocked by clk_ip_out_clk_ip_core_1). Large setup violations at the end of those stages might be difficult to fix during the post-placement implementation flow and could be the result of non-optimal XDC constraints or non-optimal design architecture
Related violations: <none>

TIMING-16#126 Warning
Large setup violation  
There is a large setup violation of -5.886 ns between design_5_i/vga_0/U0/vga_instance/AXI_Stream_FIFO_inst/read_pointer_reg[3]/C (clocked by clk_out1_design_5_clk_wiz_1_0) and design_5_i/vga_0/U0/vga_instance/display_image_inst/image_inst/use_image/RAM_reg_128_191_9_11/RAMC/WADR2 (clocked by clk_ip_out_clk_ip_core_1). Large setup violations at the end of those stages might be difficult to fix during the post-placement implementation flow and could be the result of non-optimal XDC constraints or non-optimal design architecture
Related violations: <none>

TIMING-16#127 Warning
Large setup violation  
There is a large setup violation of -5.886 ns between design_5_i/vga_0/U0/vga_instance/AXI_Stream_FIFO_inst/read_pointer_reg[3]/C (clocked by clk_out1_design_5_clk_wiz_1_0) and design_5_i/vga_0/U0/vga_instance/display_image_inst/image_inst/use_image/RAM_reg_128_191_9_11/RAMD/WADR2 (clocked by clk_ip_out_clk_ip_core_1). Large setup violations at the end of those stages might be difficult to fix during the post-placement implementation flow and could be the result of non-optimal XDC constraints or non-optimal design architecture
Related violations: <none>

TIMING-16#128 Warning
Large setup violation  
There is a large setup violation of -5.888 ns between design_5_i/vga_0/U0/vga_instance/AXI_Stream_FIFO_inst/read_pointer_reg[0]_replica_1/C (clocked by clk_out1_design_5_clk_wiz_1_0) and design_5_i/vga_0/U0/vga_instance/display_image_inst/image_inst/use_image/RAM_reg_0_63_3_5/RAMA/WADR5 (clocked by clk_ip_out_clk_ip_core_1). Large setup violations at the end of those stages might be difficult to fix during the post-placement implementation flow and could be the result of non-optimal XDC constraints or non-optimal design architecture
Related violations: <none>

TIMING-16#129 Warning
Large setup violation  
There is a large setup violation of -5.888 ns between design_5_i/vga_0/U0/vga_instance/AXI_Stream_FIFO_inst/read_pointer_reg[0]_replica_1/C (clocked by clk_out1_design_5_clk_wiz_1_0) and design_5_i/vga_0/U0/vga_instance/display_image_inst/image_inst/use_image/RAM_reg_0_63_3_5/RAMB/WADR5 (clocked by clk_ip_out_clk_ip_core_1). Large setup violations at the end of those stages might be difficult to fix during the post-placement implementation flow and could be the result of non-optimal XDC constraints or non-optimal design architecture
Related violations: <none>

TIMING-16#130 Warning
Large setup violation  
There is a large setup violation of -5.888 ns between design_5_i/vga_0/U0/vga_instance/AXI_Stream_FIFO_inst/read_pointer_reg[0]_replica_1/C (clocked by clk_out1_design_5_clk_wiz_1_0) and design_5_i/vga_0/U0/vga_instance/display_image_inst/image_inst/use_image/RAM_reg_0_63_3_5/RAMC/WADR5 (clocked by clk_ip_out_clk_ip_core_1). Large setup violations at the end of those stages might be difficult to fix during the post-placement implementation flow and could be the result of non-optimal XDC constraints or non-optimal design architecture
Related violations: <none>

TIMING-16#131 Warning
Large setup violation  
There is a large setup violation of -5.888 ns between design_5_i/vga_0/U0/vga_instance/AXI_Stream_FIFO_inst/read_pointer_reg[0]_replica_1/C (clocked by clk_out1_design_5_clk_wiz_1_0) and design_5_i/vga_0/U0/vga_instance/display_image_inst/image_inst/use_image/RAM_reg_0_63_3_5/RAMD/WADR5 (clocked by clk_ip_out_clk_ip_core_1). Large setup violations at the end of those stages might be difficult to fix during the post-placement implementation flow and could be the result of non-optimal XDC constraints or non-optimal design architecture
Related violations: <none>

TIMING-16#132 Warning
Large setup violation  
There is a large setup violation of -5.889 ns between design_5_i/vga_0/U0/vga_instance/AXI_Stream_FIFO_inst/read_pointer_reg[3]/C (clocked by clk_out1_design_5_clk_wiz_1_0) and design_5_i/vga_0/U0/vga_instance/display_image_inst/image_inst/use_image/RAM_reg_64_127_0_2/RAMA/WADR3 (clocked by clk_ip_out_clk_ip_core_1). Large setup violations at the end of those stages might be difficult to fix during the post-placement implementation flow and could be the result of non-optimal XDC constraints or non-optimal design architecture
Related violations: <none>

TIMING-16#133 Warning
Large setup violation  
There is a large setup violation of -5.889 ns between design_5_i/vga_0/U0/vga_instance/AXI_Stream_FIFO_inst/read_pointer_reg[3]/C (clocked by clk_out1_design_5_clk_wiz_1_0) and design_5_i/vga_0/U0/vga_instance/display_image_inst/image_inst/use_image/RAM_reg_64_127_0_2/RAMB/WADR3 (clocked by clk_ip_out_clk_ip_core_1). Large setup violations at the end of those stages might be difficult to fix during the post-placement implementation flow and could be the result of non-optimal XDC constraints or non-optimal design architecture
Related violations: <none>

TIMING-16#134 Warning
Large setup violation  
There is a large setup violation of -5.889 ns between design_5_i/vga_0/U0/vga_instance/AXI_Stream_FIFO_inst/read_pointer_reg[3]/C (clocked by clk_out1_design_5_clk_wiz_1_0) and design_5_i/vga_0/U0/vga_instance/display_image_inst/image_inst/use_image/RAM_reg_64_127_0_2/RAMC/WADR3 (clocked by clk_ip_out_clk_ip_core_1). Large setup violations at the end of those stages might be difficult to fix during the post-placement implementation flow and could be the result of non-optimal XDC constraints or non-optimal design architecture
Related violations: <none>

TIMING-16#135 Warning
Large setup violation  
There is a large setup violation of -5.889 ns between design_5_i/vga_0/U0/vga_instance/AXI_Stream_FIFO_inst/read_pointer_reg[3]/C (clocked by clk_out1_design_5_clk_wiz_1_0) and design_5_i/vga_0/U0/vga_instance/display_image_inst/image_inst/use_image/RAM_reg_64_127_0_2/RAMD/WADR3 (clocked by clk_ip_out_clk_ip_core_1). Large setup violations at the end of those stages might be difficult to fix during the post-placement implementation flow and could be the result of non-optimal XDC constraints or non-optimal design architecture
Related violations: <none>

TIMING-16#136 Warning
Large setup violation  
There is a large setup violation of -5.892 ns between design_5_i/vga_0/U0/vga_instance/AXI_Stream_FIFO_inst/read_pointer_reg[0]_replica_1/C (clocked by clk_out1_design_5_clk_wiz_1_0) and design_5_i/vga_0/U0/vga_instance/display_image_inst/image_inst/use_image/RAM_reg_64_127_6_8/RAMA/WADR5 (clocked by clk_ip_out_clk_ip_core_1). Large setup violations at the end of those stages might be difficult to fix during the post-placement implementation flow and could be the result of non-optimal XDC constraints or non-optimal design architecture
Related violations: <none>

TIMING-16#137 Warning
Large setup violation  
There is a large setup violation of -5.892 ns between design_5_i/vga_0/U0/vga_instance/AXI_Stream_FIFO_inst/read_pointer_reg[0]_replica_1/C (clocked by clk_out1_design_5_clk_wiz_1_0) and design_5_i/vga_0/U0/vga_instance/display_image_inst/image_inst/use_image/RAM_reg_64_127_6_8/RAMB/WADR5 (clocked by clk_ip_out_clk_ip_core_1). Large setup violations at the end of those stages might be difficult to fix during the post-placement implementation flow and could be the result of non-optimal XDC constraints or non-optimal design architecture
Related violations: <none>

TIMING-16#138 Warning
Large setup violation  
There is a large setup violation of -5.892 ns between design_5_i/vga_0/U0/vga_instance/AXI_Stream_FIFO_inst/read_pointer_reg[0]_replica_1/C (clocked by clk_out1_design_5_clk_wiz_1_0) and design_5_i/vga_0/U0/vga_instance/display_image_inst/image_inst/use_image/RAM_reg_64_127_6_8/RAMC/WADR5 (clocked by clk_ip_out_clk_ip_core_1). Large setup violations at the end of those stages might be difficult to fix during the post-placement implementation flow and could be the result of non-optimal XDC constraints or non-optimal design architecture
Related violations: <none>

TIMING-16#139 Warning
Large setup violation  
There is a large setup violation of -5.892 ns between design_5_i/vga_0/U0/vga_instance/AXI_Stream_FIFO_inst/read_pointer_reg[0]_replica_1/C (clocked by clk_out1_design_5_clk_wiz_1_0) and design_5_i/vga_0/U0/vga_instance/display_image_inst/image_inst/use_image/RAM_reg_64_127_6_8/RAMD/WADR5 (clocked by clk_ip_out_clk_ip_core_1). Large setup violations at the end of those stages might be difficult to fix during the post-placement implementation flow and could be the result of non-optimal XDC constraints or non-optimal design architecture
Related violations: <none>

TIMING-16#140 Warning
Large setup violation  
There is a large setup violation of -5.892 ns between design_5_i/vga_0/U0/vga_instance/AXI_Stream_FIFO_inst/read_pointer_reg[3]/C (clocked by clk_out1_design_5_clk_wiz_1_0) and design_5_i/vga_0/U0/vga_instance/display_image_inst/image_inst/use_image/RAM_reg_128_191_9_11/RAMA/WADR1 (clocked by clk_ip_out_clk_ip_core_1). Large setup violations at the end of those stages might be difficult to fix during the post-placement implementation flow and could be the result of non-optimal XDC constraints or non-optimal design architecture
Related violations: <none>

TIMING-16#141 Warning
Large setup violation  
There is a large setup violation of -5.892 ns between design_5_i/vga_0/U0/vga_instance/AXI_Stream_FIFO_inst/read_pointer_reg[3]/C (clocked by clk_out1_design_5_clk_wiz_1_0) and design_5_i/vga_0/U0/vga_instance/display_image_inst/image_inst/use_image/RAM_reg_128_191_9_11/RAMB/WADR1 (clocked by clk_ip_out_clk_ip_core_1). Large setup violations at the end of those stages might be difficult to fix during the post-placement implementation flow and could be the result of non-optimal XDC constraints or non-optimal design architecture
Related violations: <none>

TIMING-16#142 Warning
Large setup violation  
There is a large setup violation of -5.892 ns between design_5_i/vga_0/U0/vga_instance/AXI_Stream_FIFO_inst/read_pointer_reg[3]/C (clocked by clk_out1_design_5_clk_wiz_1_0) and design_5_i/vga_0/U0/vga_instance/display_image_inst/image_inst/use_image/RAM_reg_128_191_9_11/RAMC/WADR1 (clocked by clk_ip_out_clk_ip_core_1). Large setup violations at the end of those stages might be difficult to fix during the post-placement implementation flow and could be the result of non-optimal XDC constraints or non-optimal design architecture
Related violations: <none>

TIMING-16#143 Warning
Large setup violation  
There is a large setup violation of -5.892 ns between design_5_i/vga_0/U0/vga_instance/AXI_Stream_FIFO_inst/read_pointer_reg[3]/C (clocked by clk_out1_design_5_clk_wiz_1_0) and design_5_i/vga_0/U0/vga_instance/display_image_inst/image_inst/use_image/RAM_reg_128_191_9_11/RAMD/WADR1 (clocked by clk_ip_out_clk_ip_core_1). Large setup violations at the end of those stages might be difficult to fix during the post-placement implementation flow and could be the result of non-optimal XDC constraints or non-optimal design architecture
Related violations: <none>

TIMING-16#144 Warning
Large setup violation  
There is a large setup violation of -5.893 ns between design_5_i/vga_0/U0/vga_instance/AXI_Stream_FIFO_inst/read_pointer_reg[0]_replica_1/C (clocked by clk_out1_design_5_clk_wiz_1_0) and design_5_i/vga_0/U0/vga_instance/display_image_inst/image_inst/use_image/RAM_reg_64_127_3_5/RAMA/WADR5 (clocked by clk_ip_out_clk_ip_core_1). Large setup violations at the end of those stages might be difficult to fix during the post-placement implementation flow and could be the result of non-optimal XDC constraints or non-optimal design architecture
Related violations: <none>

TIMING-16#145 Warning
Large setup violation  
There is a large setup violation of -5.893 ns between design_5_i/vga_0/U0/vga_instance/AXI_Stream_FIFO_inst/read_pointer_reg[0]_replica_1/C (clocked by clk_out1_design_5_clk_wiz_1_0) and design_5_i/vga_0/U0/vga_instance/display_image_inst/image_inst/use_image/RAM_reg_64_127_3_5/RAMB/WADR5 (clocked by clk_ip_out_clk_ip_core_1). Large setup violations at the end of those stages might be difficult to fix during the post-placement implementation flow and could be the result of non-optimal XDC constraints or non-optimal design architecture
Related violations: <none>

TIMING-16#146 Warning
Large setup violation  
There is a large setup violation of -5.893 ns between design_5_i/vga_0/U0/vga_instance/AXI_Stream_FIFO_inst/read_pointer_reg[0]_replica_1/C (clocked by clk_out1_design_5_clk_wiz_1_0) and design_5_i/vga_0/U0/vga_instance/display_image_inst/image_inst/use_image/RAM_reg_64_127_3_5/RAMC/WADR5 (clocked by clk_ip_out_clk_ip_core_1). Large setup violations at the end of those stages might be difficult to fix during the post-placement implementation flow and could be the result of non-optimal XDC constraints or non-optimal design architecture
Related violations: <none>

TIMING-16#147 Warning
Large setup violation  
There is a large setup violation of -5.893 ns between design_5_i/vga_0/U0/vga_instance/AXI_Stream_FIFO_inst/read_pointer_reg[0]_replica_1/C (clocked by clk_out1_design_5_clk_wiz_1_0) and design_5_i/vga_0/U0/vga_instance/display_image_inst/image_inst/use_image/RAM_reg_64_127_3_5/RAMD/WADR5 (clocked by clk_ip_out_clk_ip_core_1). Large setup violations at the end of those stages might be difficult to fix during the post-placement implementation flow and could be the result of non-optimal XDC constraints or non-optimal design architecture
Related violations: <none>

TIMING-16#148 Warning
Large setup violation  
There is a large setup violation of -5.894 ns between design_5_i/vga_0/U0/vga_instance/AXI_Stream_FIFO_inst/read_pointer_reg[0]_replica_1/C (clocked by clk_out1_design_5_clk_wiz_1_0) and design_5_i/vga_0/U0/vga_instance/display_image_inst/image_inst/use_image/RAM_reg_0_63_9_11/RAMA/WADR4 (clocked by clk_ip_out_clk_ip_core_1). Large setup violations at the end of those stages might be difficult to fix during the post-placement implementation flow and could be the result of non-optimal XDC constraints or non-optimal design architecture
Related violations: <none>

TIMING-16#149 Warning
Large setup violation  
There is a large setup violation of -5.894 ns between design_5_i/vga_0/U0/vga_instance/AXI_Stream_FIFO_inst/read_pointer_reg[0]_replica_1/C (clocked by clk_out1_design_5_clk_wiz_1_0) and design_5_i/vga_0/U0/vga_instance/display_image_inst/image_inst/use_image/RAM_reg_0_63_9_11/RAMB/WADR4 (clocked by clk_ip_out_clk_ip_core_1). Large setup violations at the end of those stages might be difficult to fix during the post-placement implementation flow and could be the result of non-optimal XDC constraints or non-optimal design architecture
Related violations: <none>

TIMING-16#150 Warning
Large setup violation  
There is a large setup violation of -5.894 ns between design_5_i/vga_0/U0/vga_instance/AXI_Stream_FIFO_inst/read_pointer_reg[0]_replica_1/C (clocked by clk_out1_design_5_clk_wiz_1_0) and design_5_i/vga_0/U0/vga_instance/display_image_inst/image_inst/use_image/RAM_reg_0_63_9_11/RAMC/WADR4 (clocked by clk_ip_out_clk_ip_core_1). Large setup violations at the end of those stages might be difficult to fix during the post-placement implementation flow and could be the result of non-optimal XDC constraints or non-optimal design architecture
Related violations: <none>

TIMING-16#151 Warning
Large setup violation  
There is a large setup violation of -5.894 ns between design_5_i/vga_0/U0/vga_instance/AXI_Stream_FIFO_inst/read_pointer_reg[0]_replica_1/C (clocked by clk_out1_design_5_clk_wiz_1_0) and design_5_i/vga_0/U0/vga_instance/display_image_inst/image_inst/use_image/RAM_reg_0_63_9_11/RAMD/WADR4 (clocked by clk_ip_out_clk_ip_core_1). Large setup violations at the end of those stages might be difficult to fix during the post-placement implementation flow and could be the result of non-optimal XDC constraints or non-optimal design architecture
Related violations: <none>

TIMING-16#152 Warning
Large setup violation  
There is a large setup violation of -5.895 ns between design_5_i/vga_0/U0/vga_instance/AXI_Stream_FIFO_inst/read_pointer_reg[3]/C (clocked by clk_out1_design_5_clk_wiz_1_0) and design_5_i/vga_0/U0/vga_instance/display_image_inst/image_inst/use_image/RAM_reg_0_63_9_11/RAMA/WADR3 (clocked by clk_ip_out_clk_ip_core_1). Large setup violations at the end of those stages might be difficult to fix during the post-placement implementation flow and could be the result of non-optimal XDC constraints or non-optimal design architecture
Related violations: <none>

TIMING-16#153 Warning
Large setup violation  
There is a large setup violation of -5.895 ns between design_5_i/vga_0/U0/vga_instance/AXI_Stream_FIFO_inst/read_pointer_reg[3]/C (clocked by clk_out1_design_5_clk_wiz_1_0) and design_5_i/vga_0/U0/vga_instance/display_image_inst/image_inst/use_image/RAM_reg_0_63_9_11/RAMB/WADR3 (clocked by clk_ip_out_clk_ip_core_1). Large setup violations at the end of those stages might be difficult to fix during the post-placement implementation flow and could be the result of non-optimal XDC constraints or non-optimal design architecture
Related violations: <none>

TIMING-16#154 Warning
Large setup violation  
There is a large setup violation of -5.895 ns between design_5_i/vga_0/U0/vga_instance/AXI_Stream_FIFO_inst/read_pointer_reg[3]/C (clocked by clk_out1_design_5_clk_wiz_1_0) and design_5_i/vga_0/U0/vga_instance/display_image_inst/image_inst/use_image/RAM_reg_0_63_9_11/RAMC/WADR3 (clocked by clk_ip_out_clk_ip_core_1). Large setup violations at the end of those stages might be difficult to fix during the post-placement implementation flow and could be the result of non-optimal XDC constraints or non-optimal design architecture
Related violations: <none>

TIMING-16#155 Warning
Large setup violation  
There is a large setup violation of -5.895 ns between design_5_i/vga_0/U0/vga_instance/AXI_Stream_FIFO_inst/read_pointer_reg[3]/C (clocked by clk_out1_design_5_clk_wiz_1_0) and design_5_i/vga_0/U0/vga_instance/display_image_inst/image_inst/use_image/RAM_reg_0_63_9_11/RAMD/WADR3 (clocked by clk_ip_out_clk_ip_core_1). Large setup violations at the end of those stages might be difficult to fix during the post-placement implementation flow and could be the result of non-optimal XDC constraints or non-optimal design architecture
Related violations: <none>

TIMING-16#156 Warning
Large setup violation  
There is a large setup violation of -5.899 ns between design_5_i/vga_0/U0/vga_instance/AXI_Stream_FIFO_inst/read_pointer_reg[3]/C (clocked by clk_out1_design_5_clk_wiz_1_0) and design_5_i/vga_0/U0/vga_instance/display_image_inst/image_inst/use_image/RAM_reg_0_63_6_8/RAMA/WADR3 (clocked by clk_ip_out_clk_ip_core_1). Large setup violations at the end of those stages might be difficult to fix during the post-placement implementation flow and could be the result of non-optimal XDC constraints or non-optimal design architecture
Related violations: <none>

TIMING-16#157 Warning
Large setup violation  
There is a large setup violation of -5.899 ns between design_5_i/vga_0/U0/vga_instance/AXI_Stream_FIFO_inst/read_pointer_reg[3]/C (clocked by clk_out1_design_5_clk_wiz_1_0) and design_5_i/vga_0/U0/vga_instance/display_image_inst/image_inst/use_image/RAM_reg_0_63_6_8/RAMB/WADR3 (clocked by clk_ip_out_clk_ip_core_1). Large setup violations at the end of those stages might be difficult to fix during the post-placement implementation flow and could be the result of non-optimal XDC constraints or non-optimal design architecture
Related violations: <none>

TIMING-16#158 Warning
Large setup violation  
There is a large setup violation of -5.899 ns between design_5_i/vga_0/U0/vga_instance/AXI_Stream_FIFO_inst/read_pointer_reg[3]/C (clocked by clk_out1_design_5_clk_wiz_1_0) and design_5_i/vga_0/U0/vga_instance/display_image_inst/image_inst/use_image/RAM_reg_0_63_6_8/RAMC/WADR3 (clocked by clk_ip_out_clk_ip_core_1). Large setup violations at the end of those stages might be difficult to fix during the post-placement implementation flow and could be the result of non-optimal XDC constraints or non-optimal design architecture
Related violations: <none>

TIMING-16#159 Warning
Large setup violation  
There is a large setup violation of -5.899 ns between design_5_i/vga_0/U0/vga_instance/AXI_Stream_FIFO_inst/read_pointer_reg[3]/C (clocked by clk_out1_design_5_clk_wiz_1_0) and design_5_i/vga_0/U0/vga_instance/display_image_inst/image_inst/use_image/RAM_reg_0_63_6_8/RAMD/WADR3 (clocked by clk_ip_out_clk_ip_core_1). Large setup violations at the end of those stages might be difficult to fix during the post-placement implementation flow and could be the result of non-optimal XDC constraints or non-optimal design architecture
Related violations: <none>

TIMING-16#160 Warning
Large setup violation  
There is a large setup violation of -5.901 ns between design_5_i/vga_0/U0/vga_instance/AXI_Stream_FIFO_inst/read_pointer_reg[2]/C (clocked by clk_out1_design_5_clk_wiz_1_0) and design_5_i/vga_0/U0/vga_instance/display_image_inst/image_inst/use_image/RAM_reg_192_255_9_11/RAMA/WE (clocked by clk_ip_out_clk_ip_core_1). Large setup violations at the end of those stages might be difficult to fix during the post-placement implementation flow and could be the result of non-optimal XDC constraints or non-optimal design architecture
Related violations: <none>

TIMING-16#161 Warning
Large setup violation  
There is a large setup violation of -5.901 ns between design_5_i/vga_0/U0/vga_instance/AXI_Stream_FIFO_inst/read_pointer_reg[2]/C (clocked by clk_out1_design_5_clk_wiz_1_0) and design_5_i/vga_0/U0/vga_instance/display_image_inst/image_inst/use_image/RAM_reg_192_255_9_11/RAMB/WE (clocked by clk_ip_out_clk_ip_core_1). Large setup violations at the end of those stages might be difficult to fix during the post-placement implementation flow and could be the result of non-optimal XDC constraints or non-optimal design architecture
Related violations: <none>

TIMING-16#162 Warning
Large setup violation  
There is a large setup violation of -5.901 ns between design_5_i/vga_0/U0/vga_instance/AXI_Stream_FIFO_inst/read_pointer_reg[2]/C (clocked by clk_out1_design_5_clk_wiz_1_0) and design_5_i/vga_0/U0/vga_instance/display_image_inst/image_inst/use_image/RAM_reg_192_255_9_11/RAMC/WE (clocked by clk_ip_out_clk_ip_core_1). Large setup violations at the end of those stages might be difficult to fix during the post-placement implementation flow and could be the result of non-optimal XDC constraints or non-optimal design architecture
Related violations: <none>

TIMING-16#163 Warning
Large setup violation  
There is a large setup violation of -5.901 ns between design_5_i/vga_0/U0/vga_instance/AXI_Stream_FIFO_inst/read_pointer_reg[2]/C (clocked by clk_out1_design_5_clk_wiz_1_0) and design_5_i/vga_0/U0/vga_instance/display_image_inst/image_inst/use_image/RAM_reg_192_255_9_11/RAMD/WE (clocked by clk_ip_out_clk_ip_core_1). Large setup violations at the end of those stages might be difficult to fix during the post-placement implementation flow and could be the result of non-optimal XDC constraints or non-optimal design architecture
Related violations: <none>

TIMING-16#164 Warning
Large setup violation  
There is a large setup violation of -5.902 ns between design_5_i/vga_0/U0/vga_instance/AXI_Stream_FIFO_inst/read_pointer_reg[0]_replica_1/C (clocked by clk_out1_design_5_clk_wiz_1_0) and design_5_i/vga_0/U0/vga_instance/display_image_inst/image_inst/use_image/RAM_reg_192_255_9_11/RAMA/WADR5 (clocked by clk_ip_out_clk_ip_core_1). Large setup violations at the end of those stages might be difficult to fix during the post-placement implementation flow and could be the result of non-optimal XDC constraints or non-optimal design architecture
Related violations: <none>

TIMING-16#165 Warning
Large setup violation  
There is a large setup violation of -5.902 ns between design_5_i/vga_0/U0/vga_instance/AXI_Stream_FIFO_inst/read_pointer_reg[0]_replica_1/C (clocked by clk_out1_design_5_clk_wiz_1_0) and design_5_i/vga_0/U0/vga_instance/display_image_inst/image_inst/use_image/RAM_reg_192_255_9_11/RAMB/WADR5 (clocked by clk_ip_out_clk_ip_core_1). Large setup violations at the end of those stages might be difficult to fix during the post-placement implementation flow and could be the result of non-optimal XDC constraints or non-optimal design architecture
Related violations: <none>

TIMING-16#166 Warning
Large setup violation  
There is a large setup violation of -5.902 ns between design_5_i/vga_0/U0/vga_instance/AXI_Stream_FIFO_inst/read_pointer_reg[0]_replica_1/C (clocked by clk_out1_design_5_clk_wiz_1_0) and design_5_i/vga_0/U0/vga_instance/display_image_inst/image_inst/use_image/RAM_reg_192_255_9_11/RAMC/WADR5 (clocked by clk_ip_out_clk_ip_core_1). Large setup violations at the end of those stages might be difficult to fix during the post-placement implementation flow and could be the result of non-optimal XDC constraints or non-optimal design architecture
Related violations: <none>

TIMING-16#167 Warning
Large setup violation  
There is a large setup violation of -5.902 ns between design_5_i/vga_0/U0/vga_instance/AXI_Stream_FIFO_inst/read_pointer_reg[0]_replica_1/C (clocked by clk_out1_design_5_clk_wiz_1_0) and design_5_i/vga_0/U0/vga_instance/display_image_inst/image_inst/use_image/RAM_reg_192_255_9_11/RAMD/WADR5 (clocked by clk_ip_out_clk_ip_core_1). Large setup violations at the end of those stages might be difficult to fix during the post-placement implementation flow and could be the result of non-optimal XDC constraints or non-optimal design architecture
Related violations: <none>

TIMING-16#168 Warning
Large setup violation  
There is a large setup violation of -5.902 ns between design_5_i/vga_0/U0/vga_instance/AXI_Stream_FIFO_inst/read_pointer_reg[3]/C (clocked by clk_out1_design_5_clk_wiz_1_0) and design_5_i/vga_0/U0/vga_instance/display_image_inst/image_inst/use_image/RAM_reg_0_63_6_8/RAMA/WADR2 (clocked by clk_ip_out_clk_ip_core_1). Large setup violations at the end of those stages might be difficult to fix during the post-placement implementation flow and could be the result of non-optimal XDC constraints or non-optimal design architecture
Related violations: <none>

TIMING-16#169 Warning
Large setup violation  
There is a large setup violation of -5.902 ns between design_5_i/vga_0/U0/vga_instance/AXI_Stream_FIFO_inst/read_pointer_reg[3]/C (clocked by clk_out1_design_5_clk_wiz_1_0) and design_5_i/vga_0/U0/vga_instance/display_image_inst/image_inst/use_image/RAM_reg_0_63_6_8/RAMB/WADR2 (clocked by clk_ip_out_clk_ip_core_1). Large setup violations at the end of those stages might be difficult to fix during the post-placement implementation flow and could be the result of non-optimal XDC constraints or non-optimal design architecture
Related violations: <none>

TIMING-16#170 Warning
Large setup violation  
There is a large setup violation of -5.902 ns between design_5_i/vga_0/U0/vga_instance/AXI_Stream_FIFO_inst/read_pointer_reg[3]/C (clocked by clk_out1_design_5_clk_wiz_1_0) and design_5_i/vga_0/U0/vga_instance/display_image_inst/image_inst/use_image/RAM_reg_0_63_6_8/RAMC/WADR2 (clocked by clk_ip_out_clk_ip_core_1). Large setup violations at the end of those stages might be difficult to fix during the post-placement implementation flow and could be the result of non-optimal XDC constraints or non-optimal design architecture
Related violations: <none>

TIMING-16#171 Warning
Large setup violation  
There is a large setup violation of -5.902 ns between design_5_i/vga_0/U0/vga_instance/AXI_Stream_FIFO_inst/read_pointer_reg[3]/C (clocked by clk_out1_design_5_clk_wiz_1_0) and design_5_i/vga_0/U0/vga_instance/display_image_inst/image_inst/use_image/RAM_reg_0_63_6_8/RAMD/WADR2 (clocked by clk_ip_out_clk_ip_core_1). Large setup violations at the end of those stages might be difficult to fix during the post-placement implementation flow and could be the result of non-optimal XDC constraints or non-optimal design architecture
Related violations: <none>

TIMING-16#172 Warning
Large setup violation  
There is a large setup violation of -5.904 ns between design_5_i/vga_0/U0/vga_instance/AXI_Stream_FIFO_inst/read_pointer_reg[0]_replica_1/C (clocked by clk_out1_design_5_clk_wiz_1_0) and design_5_i/vga_0/U0/vga_instance/display_image_inst/image_inst/use_image/RAM_reg_128_191_0_2/RAMA/WADR5 (clocked by clk_ip_out_clk_ip_core_1). Large setup violations at the end of those stages might be difficult to fix during the post-placement implementation flow and could be the result of non-optimal XDC constraints or non-optimal design architecture
Related violations: <none>

TIMING-16#173 Warning
Large setup violation  
There is a large setup violation of -5.904 ns between design_5_i/vga_0/U0/vga_instance/AXI_Stream_FIFO_inst/read_pointer_reg[0]_replica_1/C (clocked by clk_out1_design_5_clk_wiz_1_0) and design_5_i/vga_0/U0/vga_instance/display_image_inst/image_inst/use_image/RAM_reg_128_191_0_2/RAMB/WADR5 (clocked by clk_ip_out_clk_ip_core_1). Large setup violations at the end of those stages might be difficult to fix during the post-placement implementation flow and could be the result of non-optimal XDC constraints or non-optimal design architecture
Related violations: <none>

TIMING-16#174 Warning
Large setup violation  
There is a large setup violation of -5.904 ns between design_5_i/vga_0/U0/vga_instance/AXI_Stream_FIFO_inst/read_pointer_reg[0]_replica_1/C (clocked by clk_out1_design_5_clk_wiz_1_0) and design_5_i/vga_0/U0/vga_instance/display_image_inst/image_inst/use_image/RAM_reg_128_191_0_2/RAMC/WADR5 (clocked by clk_ip_out_clk_ip_core_1). Large setup violations at the end of those stages might be difficult to fix during the post-placement implementation flow and could be the result of non-optimal XDC constraints or non-optimal design architecture
Related violations: <none>

TIMING-16#175 Warning
Large setup violation  
There is a large setup violation of -5.904 ns between design_5_i/vga_0/U0/vga_instance/AXI_Stream_FIFO_inst/read_pointer_reg[0]_replica_1/C (clocked by clk_out1_design_5_clk_wiz_1_0) and design_5_i/vga_0/U0/vga_instance/display_image_inst/image_inst/use_image/RAM_reg_128_191_0_2/RAMD/WADR5 (clocked by clk_ip_out_clk_ip_core_1). Large setup violations at the end of those stages might be difficult to fix during the post-placement implementation flow and could be the result of non-optimal XDC constraints or non-optimal design architecture
Related violations: <none>

TIMING-16#176 Warning
Large setup violation  
There is a large setup violation of -5.905 ns between design_5_i/vga_0/U0/vga_instance/AXI_Stream_FIFO_inst/read_pointer_reg[3]/C (clocked by clk_out1_design_5_clk_wiz_1_0) and design_5_i/vga_0/U0/vga_instance/display_image_inst/image_inst/use_image/RAM_reg_128_191_0_2/RAMA/WADR1 (clocked by clk_ip_out_clk_ip_core_1). Large setup violations at the end of those stages might be difficult to fix during the post-placement implementation flow and could be the result of non-optimal XDC constraints or non-optimal design architecture
Related violations: <none>

TIMING-16#177 Warning
Large setup violation  
There is a large setup violation of -5.905 ns between design_5_i/vga_0/U0/vga_instance/AXI_Stream_FIFO_inst/read_pointer_reg[3]/C (clocked by clk_out1_design_5_clk_wiz_1_0) and design_5_i/vga_0/U0/vga_instance/display_image_inst/image_inst/use_image/RAM_reg_128_191_0_2/RAMB/WADR1 (clocked by clk_ip_out_clk_ip_core_1). Large setup violations at the end of those stages might be difficult to fix during the post-placement implementation flow and could be the result of non-optimal XDC constraints or non-optimal design architecture
Related violations: <none>

TIMING-16#178 Warning
Large setup violation  
There is a large setup violation of -5.905 ns between design_5_i/vga_0/U0/vga_instance/AXI_Stream_FIFO_inst/read_pointer_reg[3]/C (clocked by clk_out1_design_5_clk_wiz_1_0) and design_5_i/vga_0/U0/vga_instance/display_image_inst/image_inst/use_image/RAM_reg_128_191_0_2/RAMC/WADR1 (clocked by clk_ip_out_clk_ip_core_1). Large setup violations at the end of those stages might be difficult to fix during the post-placement implementation flow and could be the result of non-optimal XDC constraints or non-optimal design architecture
Related violations: <none>

TIMING-16#179 Warning
Large setup violation  
There is a large setup violation of -5.905 ns between design_5_i/vga_0/U0/vga_instance/AXI_Stream_FIFO_inst/read_pointer_reg[3]/C (clocked by clk_out1_design_5_clk_wiz_1_0) and design_5_i/vga_0/U0/vga_instance/display_image_inst/image_inst/use_image/RAM_reg_128_191_0_2/RAMD/WADR1 (clocked by clk_ip_out_clk_ip_core_1). Large setup violations at the end of those stages might be difficult to fix during the post-placement implementation flow and could be the result of non-optimal XDC constraints or non-optimal design architecture
Related violations: <none>

TIMING-16#180 Warning
Large setup violation  
There is a large setup violation of -5.905 ns between design_5_i/vga_0/U0/vga_instance/AXI_Stream_FIFO_inst/read_pointer_reg[3]/C (clocked by clk_out1_design_5_clk_wiz_1_0) and design_5_i/vga_0/U0/vga_instance/display_image_inst/image_inst/use_image/RAM_reg_192_255_6_8/RAMA/WADR2 (clocked by clk_ip_out_clk_ip_core_1). Large setup violations at the end of those stages might be difficult to fix during the post-placement implementation flow and could be the result of non-optimal XDC constraints or non-optimal design architecture
Related violations: <none>

TIMING-16#181 Warning
Large setup violation  
There is a large setup violation of -5.905 ns between design_5_i/vga_0/U0/vga_instance/AXI_Stream_FIFO_inst/read_pointer_reg[3]/C (clocked by clk_out1_design_5_clk_wiz_1_0) and design_5_i/vga_0/U0/vga_instance/display_image_inst/image_inst/use_image/RAM_reg_192_255_6_8/RAMB/WADR2 (clocked by clk_ip_out_clk_ip_core_1). Large setup violations at the end of those stages might be difficult to fix during the post-placement implementation flow and could be the result of non-optimal XDC constraints or non-optimal design architecture
Related violations: <none>

TIMING-16#182 Warning
Large setup violation  
There is a large setup violation of -5.905 ns between design_5_i/vga_0/U0/vga_instance/AXI_Stream_FIFO_inst/read_pointer_reg[3]/C (clocked by clk_out1_design_5_clk_wiz_1_0) and design_5_i/vga_0/U0/vga_instance/display_image_inst/image_inst/use_image/RAM_reg_192_255_6_8/RAMC/WADR2 (clocked by clk_ip_out_clk_ip_core_1). Large setup violations at the end of those stages might be difficult to fix during the post-placement implementation flow and could be the result of non-optimal XDC constraints or non-optimal design architecture
Related violations: <none>

TIMING-16#183 Warning
Large setup violation  
There is a large setup violation of -5.905 ns between design_5_i/vga_0/U0/vga_instance/AXI_Stream_FIFO_inst/read_pointer_reg[3]/C (clocked by clk_out1_design_5_clk_wiz_1_0) and design_5_i/vga_0/U0/vga_instance/display_image_inst/image_inst/use_image/RAM_reg_192_255_6_8/RAMD/WADR2 (clocked by clk_ip_out_clk_ip_core_1). Large setup violations at the end of those stages might be difficult to fix during the post-placement implementation flow and could be the result of non-optimal XDC constraints or non-optimal design architecture
Related violations: <none>

TIMING-16#184 Warning
Large setup violation  
There is a large setup violation of -5.906 ns between design_5_i/vga_0/U0/vga_instance/AXI_Stream_FIFO_inst/read_pointer_reg[0]_replica_1/C (clocked by clk_out1_design_5_clk_wiz_1_0) and design_5_i/vga_0/U0/vga_instance/display_image_inst/image_inst/use_image/RAM_reg_192_255_0_2/RAMA/WADR5 (clocked by clk_ip_out_clk_ip_core_1). Large setup violations at the end of those stages might be difficult to fix during the post-placement implementation flow and could be the result of non-optimal XDC constraints or non-optimal design architecture
Related violations: <none>

TIMING-16#185 Warning
Large setup violation  
There is a large setup violation of -5.906 ns between design_5_i/vga_0/U0/vga_instance/AXI_Stream_FIFO_inst/read_pointer_reg[0]_replica_1/C (clocked by clk_out1_design_5_clk_wiz_1_0) and design_5_i/vga_0/U0/vga_instance/display_image_inst/image_inst/use_image/RAM_reg_192_255_0_2/RAMB/WADR5 (clocked by clk_ip_out_clk_ip_core_1). Large setup violations at the end of those stages might be difficult to fix during the post-placement implementation flow and could be the result of non-optimal XDC constraints or non-optimal design architecture
Related violations: <none>

TIMING-16#186 Warning
Large setup violation  
There is a large setup violation of -5.906 ns between design_5_i/vga_0/U0/vga_instance/AXI_Stream_FIFO_inst/read_pointer_reg[0]_replica_1/C (clocked by clk_out1_design_5_clk_wiz_1_0) and design_5_i/vga_0/U0/vga_instance/display_image_inst/image_inst/use_image/RAM_reg_192_255_0_2/RAMC/WADR5 (clocked by clk_ip_out_clk_ip_core_1). Large setup violations at the end of those stages might be difficult to fix during the post-placement implementation flow and could be the result of non-optimal XDC constraints or non-optimal design architecture
Related violations: <none>

TIMING-16#187 Warning
Large setup violation  
There is a large setup violation of -5.906 ns between design_5_i/vga_0/U0/vga_instance/AXI_Stream_FIFO_inst/read_pointer_reg[0]_replica_1/C (clocked by clk_out1_design_5_clk_wiz_1_0) and design_5_i/vga_0/U0/vga_instance/display_image_inst/image_inst/use_image/RAM_reg_192_255_0_2/RAMD/WADR5 (clocked by clk_ip_out_clk_ip_core_1). Large setup violations at the end of those stages might be difficult to fix during the post-placement implementation flow and could be the result of non-optimal XDC constraints or non-optimal design architecture
Related violations: <none>

TIMING-16#188 Warning
Large setup violation  
There is a large setup violation of -5.906 ns between design_5_i/vga_0/U0/vga_instance/AXI_Stream_FIFO_inst/read_pointer_reg[2]/C (clocked by clk_out1_design_5_clk_wiz_1_0) and design_5_i/vga_0/U0/vga_instance/display_image_inst/image_inst/use_image/RAM_reg_128_191_9_11/RAMA/WE (clocked by clk_ip_out_clk_ip_core_1). Large setup violations at the end of those stages might be difficult to fix during the post-placement implementation flow and could be the result of non-optimal XDC constraints or non-optimal design architecture
Related violations: <none>

TIMING-16#189 Warning
Large setup violation  
There is a large setup violation of -5.906 ns between design_5_i/vga_0/U0/vga_instance/AXI_Stream_FIFO_inst/read_pointer_reg[2]/C (clocked by clk_out1_design_5_clk_wiz_1_0) and design_5_i/vga_0/U0/vga_instance/display_image_inst/image_inst/use_image/RAM_reg_128_191_9_11/RAMB/WE (clocked by clk_ip_out_clk_ip_core_1). Large setup violations at the end of those stages might be difficult to fix during the post-placement implementation flow and could be the result of non-optimal XDC constraints or non-optimal design architecture
Related violations: <none>

TIMING-16#190 Warning
Large setup violation  
There is a large setup violation of -5.906 ns between design_5_i/vga_0/U0/vga_instance/AXI_Stream_FIFO_inst/read_pointer_reg[2]/C (clocked by clk_out1_design_5_clk_wiz_1_0) and design_5_i/vga_0/U0/vga_instance/display_image_inst/image_inst/use_image/RAM_reg_128_191_9_11/RAMC/WE (clocked by clk_ip_out_clk_ip_core_1). Large setup violations at the end of those stages might be difficult to fix during the post-placement implementation flow and could be the result of non-optimal XDC constraints or non-optimal design architecture
Related violations: <none>

TIMING-16#191 Warning
Large setup violation  
There is a large setup violation of -5.906 ns between design_5_i/vga_0/U0/vga_instance/AXI_Stream_FIFO_inst/read_pointer_reg[2]/C (clocked by clk_out1_design_5_clk_wiz_1_0) and design_5_i/vga_0/U0/vga_instance/display_image_inst/image_inst/use_image/RAM_reg_128_191_9_11/RAMD/WE (clocked by clk_ip_out_clk_ip_core_1). Large setup violations at the end of those stages might be difficult to fix during the post-placement implementation flow and could be the result of non-optimal XDC constraints or non-optimal design architecture
Related violations: <none>

TIMING-16#192 Warning
Large setup violation  
There is a large setup violation of -5.911 ns between design_5_i/vga_0/U0/vga_instance/AXI_Stream_FIFO_inst/read_pointer_reg[3]/C (clocked by clk_out1_design_5_clk_wiz_1_0) and design_5_i/vga_0/U0/vga_instance/display_image_inst/image_inst/use_image/RAM_reg_128_191_3_5/RAMA/WADR3 (clocked by clk_ip_out_clk_ip_core_1). Large setup violations at the end of those stages might be difficult to fix during the post-placement implementation flow and could be the result of non-optimal XDC constraints or non-optimal design architecture
Related violations: <none>

TIMING-16#193 Warning
Large setup violation  
There is a large setup violation of -5.911 ns between design_5_i/vga_0/U0/vga_instance/AXI_Stream_FIFO_inst/read_pointer_reg[3]/C (clocked by clk_out1_design_5_clk_wiz_1_0) and design_5_i/vga_0/U0/vga_instance/display_image_inst/image_inst/use_image/RAM_reg_128_191_3_5/RAMB/WADR3 (clocked by clk_ip_out_clk_ip_core_1). Large setup violations at the end of those stages might be difficult to fix during the post-placement implementation flow and could be the result of non-optimal XDC constraints or non-optimal design architecture
Related violations: <none>

TIMING-16#194 Warning
Large setup violation  
There is a large setup violation of -5.911 ns between design_5_i/vga_0/U0/vga_instance/AXI_Stream_FIFO_inst/read_pointer_reg[3]/C (clocked by clk_out1_design_5_clk_wiz_1_0) and design_5_i/vga_0/U0/vga_instance/display_image_inst/image_inst/use_image/RAM_reg_128_191_3_5/RAMC/WADR3 (clocked by clk_ip_out_clk_ip_core_1). Large setup violations at the end of those stages might be difficult to fix during the post-placement implementation flow and could be the result of non-optimal XDC constraints or non-optimal design architecture
Related violations: <none>

TIMING-16#195 Warning
Large setup violation  
There is a large setup violation of -5.911 ns between design_5_i/vga_0/U0/vga_instance/AXI_Stream_FIFO_inst/read_pointer_reg[3]/C (clocked by clk_out1_design_5_clk_wiz_1_0) and design_5_i/vga_0/U0/vga_instance/display_image_inst/image_inst/use_image/RAM_reg_128_191_3_5/RAMD/WADR3 (clocked by clk_ip_out_clk_ip_core_1). Large setup violations at the end of those stages might be difficult to fix during the post-placement implementation flow and could be the result of non-optimal XDC constraints or non-optimal design architecture
Related violations: <none>

TIMING-16#196 Warning
Large setup violation  
There is a large setup violation of -5.912 ns between design_5_i/vga_0/U0/vga_instance/AXI_Stream_FIFO_inst/read_pointer_reg[0]_replica_1/C (clocked by clk_out1_design_5_clk_wiz_1_0) and design_5_i/vga_0/U0/vga_instance/display_image_inst/image_inst/use_image/RAM_reg_0_63_6_8/RAMA/WADR5 (clocked by clk_ip_out_clk_ip_core_1). Large setup violations at the end of those stages might be difficult to fix during the post-placement implementation flow and could be the result of non-optimal XDC constraints or non-optimal design architecture
Related violations: <none>

TIMING-16#197 Warning
Large setup violation  
There is a large setup violation of -5.912 ns between design_5_i/vga_0/U0/vga_instance/AXI_Stream_FIFO_inst/read_pointer_reg[0]_replica_1/C (clocked by clk_out1_design_5_clk_wiz_1_0) and design_5_i/vga_0/U0/vga_instance/display_image_inst/image_inst/use_image/RAM_reg_0_63_6_8/RAMB/WADR5 (clocked by clk_ip_out_clk_ip_core_1). Large setup violations at the end of those stages might be difficult to fix during the post-placement implementation flow and could be the result of non-optimal XDC constraints or non-optimal design architecture
Related violations: <none>

TIMING-16#198 Warning
Large setup violation  
There is a large setup violation of -5.912 ns between design_5_i/vga_0/U0/vga_instance/AXI_Stream_FIFO_inst/read_pointer_reg[0]_replica_1/C (clocked by clk_out1_design_5_clk_wiz_1_0) and design_5_i/vga_0/U0/vga_instance/display_image_inst/image_inst/use_image/RAM_reg_0_63_6_8/RAMC/WADR5 (clocked by clk_ip_out_clk_ip_core_1). Large setup violations at the end of those stages might be difficult to fix during the post-placement implementation flow and could be the result of non-optimal XDC constraints or non-optimal design architecture
Related violations: <none>

TIMING-16#199 Warning
Large setup violation  
There is a large setup violation of -5.912 ns between design_5_i/vga_0/U0/vga_instance/AXI_Stream_FIFO_inst/read_pointer_reg[0]_replica_1/C (clocked by clk_out1_design_5_clk_wiz_1_0) and design_5_i/vga_0/U0/vga_instance/display_image_inst/image_inst/use_image/RAM_reg_0_63_6_8/RAMD/WADR5 (clocked by clk_ip_out_clk_ip_core_1). Large setup violations at the end of those stages might be difficult to fix during the post-placement implementation flow and could be the result of non-optimal XDC constraints or non-optimal design architecture
Related violations: <none>

TIMING-16#200 Warning
Large setup violation  
There is a large setup violation of -5.913 ns between design_5_i/vga_0/U0/vga_instance/AXI_Stream_FIFO_inst/read_pointer_reg[3]/C (clocked by clk_out1_design_5_clk_wiz_1_0) and design_5_i/vga_0/U0/vga_instance/display_image_inst/image_inst/use_image/RAM_reg_192_255_6_8/RAMA/WADR1 (clocked by clk_ip_out_clk_ip_core_1). Large setup violations at the end of those stages might be difficult to fix during the post-placement implementation flow and could be the result of non-optimal XDC constraints or non-optimal design architecture
Related violations: <none>

TIMING-16#201 Warning
Large setup violation  
There is a large setup violation of -5.913 ns between design_5_i/vga_0/U0/vga_instance/AXI_Stream_FIFO_inst/read_pointer_reg[3]/C (clocked by clk_out1_design_5_clk_wiz_1_0) and design_5_i/vga_0/U0/vga_instance/display_image_inst/image_inst/use_image/RAM_reg_192_255_6_8/RAMB/WADR1 (clocked by clk_ip_out_clk_ip_core_1). Large setup violations at the end of those stages might be difficult to fix during the post-placement implementation flow and could be the result of non-optimal XDC constraints or non-optimal design architecture
Related violations: <none>

TIMING-16#202 Warning
Large setup violation  
There is a large setup violation of -5.913 ns between design_5_i/vga_0/U0/vga_instance/AXI_Stream_FIFO_inst/read_pointer_reg[3]/C (clocked by clk_out1_design_5_clk_wiz_1_0) and design_5_i/vga_0/U0/vga_instance/display_image_inst/image_inst/use_image/RAM_reg_192_255_6_8/RAMC/WADR1 (clocked by clk_ip_out_clk_ip_core_1). Large setup violations at the end of those stages might be difficult to fix during the post-placement implementation flow and could be the result of non-optimal XDC constraints or non-optimal design architecture
Related violations: <none>

TIMING-16#203 Warning
Large setup violation  
There is a large setup violation of -5.913 ns between design_5_i/vga_0/U0/vga_instance/AXI_Stream_FIFO_inst/read_pointer_reg[3]/C (clocked by clk_out1_design_5_clk_wiz_1_0) and design_5_i/vga_0/U0/vga_instance/display_image_inst/image_inst/use_image/RAM_reg_192_255_6_8/RAMD/WADR1 (clocked by clk_ip_out_clk_ip_core_1). Large setup violations at the end of those stages might be difficult to fix during the post-placement implementation flow and could be the result of non-optimal XDC constraints or non-optimal design architecture
Related violations: <none>

TIMING-16#204 Warning
Large setup violation  
There is a large setup violation of -5.918 ns between design_5_i/vga_0/U0/vga_instance/AXI_Stream_FIFO_inst/read_pointer_reg[0]_replica_1/C (clocked by clk_out1_design_5_clk_wiz_1_0) and design_5_i/vga_0/U0/vga_instance/display_image_inst/image_inst/use_image/RAM_reg_192_255_6_8/RAMA/WADR5 (clocked by clk_ip_out_clk_ip_core_1). Large setup violations at the end of those stages might be difficult to fix during the post-placement implementation flow and could be the result of non-optimal XDC constraints or non-optimal design architecture
Related violations: <none>

TIMING-16#205 Warning
Large setup violation  
There is a large setup violation of -5.918 ns between design_5_i/vga_0/U0/vga_instance/AXI_Stream_FIFO_inst/read_pointer_reg[0]_replica_1/C (clocked by clk_out1_design_5_clk_wiz_1_0) and design_5_i/vga_0/U0/vga_instance/display_image_inst/image_inst/use_image/RAM_reg_192_255_6_8/RAMB/WADR5 (clocked by clk_ip_out_clk_ip_core_1). Large setup violations at the end of those stages might be difficult to fix during the post-placement implementation flow and could be the result of non-optimal XDC constraints or non-optimal design architecture
Related violations: <none>

TIMING-16#206 Warning
Large setup violation  
There is a large setup violation of -5.918 ns between design_5_i/vga_0/U0/vga_instance/AXI_Stream_FIFO_inst/read_pointer_reg[0]_replica_1/C (clocked by clk_out1_design_5_clk_wiz_1_0) and design_5_i/vga_0/U0/vga_instance/display_image_inst/image_inst/use_image/RAM_reg_192_255_6_8/RAMC/WADR5 (clocked by clk_ip_out_clk_ip_core_1). Large setup violations at the end of those stages might be difficult to fix during the post-placement implementation flow and could be the result of non-optimal XDC constraints or non-optimal design architecture
Related violations: <none>

TIMING-16#207 Warning
Large setup violation  
There is a large setup violation of -5.918 ns between design_5_i/vga_0/U0/vga_instance/AXI_Stream_FIFO_inst/read_pointer_reg[0]_replica_1/C (clocked by clk_out1_design_5_clk_wiz_1_0) and design_5_i/vga_0/U0/vga_instance/display_image_inst/image_inst/use_image/RAM_reg_192_255_6_8/RAMD/WADR5 (clocked by clk_ip_out_clk_ip_core_1). Large setup violations at the end of those stages might be difficult to fix during the post-placement implementation flow and could be the result of non-optimal XDC constraints or non-optimal design architecture
Related violations: <none>

TIMING-16#208 Warning
Large setup violation  
There is a large setup violation of -5.918 ns between design_5_i/vga_0/U0/vga_instance/AXI_Stream_FIFO_inst/read_pointer_reg[3]/C (clocked by clk_out1_design_5_clk_wiz_1_0) and design_5_i/vga_0/U0/vga_instance/display_image_inst/image_inst/use_image/RAM_reg_64_127_9_11/RAMC/I (clocked by clk_ip_out_clk_ip_core_1). Large setup violations at the end of those stages might be difficult to fix during the post-placement implementation flow and could be the result of non-optimal XDC constraints or non-optimal design architecture
Related violations: <none>

TIMING-16#209 Warning
Large setup violation  
There is a large setup violation of -5.919 ns between design_5_i/vga_0/U0/vga_instance/AXI_Stream_FIFO_inst/read_pointer_reg[3]/C (clocked by clk_out1_design_5_clk_wiz_1_0) and design_5_i/vga_0/U0/vga_instance/display_image_inst/image_inst/use_image/RAM_reg_0_63_3_5/RAMA/WADR3 (clocked by clk_ip_out_clk_ip_core_1). Large setup violations at the end of those stages might be difficult to fix during the post-placement implementation flow and could be the result of non-optimal XDC constraints or non-optimal design architecture
Related violations: <none>

TIMING-16#210 Warning
Large setup violation  
There is a large setup violation of -5.919 ns between design_5_i/vga_0/U0/vga_instance/AXI_Stream_FIFO_inst/read_pointer_reg[3]/C (clocked by clk_out1_design_5_clk_wiz_1_0) and design_5_i/vga_0/U0/vga_instance/display_image_inst/image_inst/use_image/RAM_reg_0_63_3_5/RAMB/WADR3 (clocked by clk_ip_out_clk_ip_core_1). Large setup violations at the end of those stages might be difficult to fix during the post-placement implementation flow and could be the result of non-optimal XDC constraints or non-optimal design architecture
Related violations: <none>

TIMING-16#211 Warning
Large setup violation  
There is a large setup violation of -5.919 ns between design_5_i/vga_0/U0/vga_instance/AXI_Stream_FIFO_inst/read_pointer_reg[3]/C (clocked by clk_out1_design_5_clk_wiz_1_0) and design_5_i/vga_0/U0/vga_instance/display_image_inst/image_inst/use_image/RAM_reg_0_63_3_5/RAMC/WADR3 (clocked by clk_ip_out_clk_ip_core_1). Large setup violations at the end of those stages might be difficult to fix during the post-placement implementation flow and could be the result of non-optimal XDC constraints or non-optimal design architecture
Related violations: <none>

TIMING-16#212 Warning
Large setup violation  
There is a large setup violation of -5.919 ns between design_5_i/vga_0/U0/vga_instance/AXI_Stream_FIFO_inst/read_pointer_reg[3]/C (clocked by clk_out1_design_5_clk_wiz_1_0) and design_5_i/vga_0/U0/vga_instance/display_image_inst/image_inst/use_image/RAM_reg_0_63_3_5/RAMD/WADR3 (clocked by clk_ip_out_clk_ip_core_1). Large setup violations at the end of those stages might be difficult to fix during the post-placement implementation flow and could be the result of non-optimal XDC constraints or non-optimal design architecture
Related violations: <none>

TIMING-16#213 Warning
Large setup violation  
There is a large setup violation of -5.920 ns between design_5_i/vga_0/U0/vga_instance/AXI_Stream_FIFO_inst/read_pointer_reg[2]/C (clocked by clk_out1_design_5_clk_wiz_1_0) and design_5_i/vga_0/U0/vga_instance/display_image_inst/image_inst/use_image/RAM_reg_0_63_0_2/RAMA/WE (clocked by clk_ip_out_clk_ip_core_1). Large setup violations at the end of those stages might be difficult to fix during the post-placement implementation flow and could be the result of non-optimal XDC constraints or non-optimal design architecture
Related violations: <none>

TIMING-16#214 Warning
Large setup violation  
There is a large setup violation of -5.920 ns between design_5_i/vga_0/U0/vga_instance/AXI_Stream_FIFO_inst/read_pointer_reg[2]/C (clocked by clk_out1_design_5_clk_wiz_1_0) and design_5_i/vga_0/U0/vga_instance/display_image_inst/image_inst/use_image/RAM_reg_0_63_0_2/RAMB/WE (clocked by clk_ip_out_clk_ip_core_1). Large setup violations at the end of those stages might be difficult to fix during the post-placement implementation flow and could be the result of non-optimal XDC constraints or non-optimal design architecture
Related violations: <none>

TIMING-16#215 Warning
Large setup violation  
There is a large setup violation of -5.920 ns between design_5_i/vga_0/U0/vga_instance/AXI_Stream_FIFO_inst/read_pointer_reg[2]/C (clocked by clk_out1_design_5_clk_wiz_1_0) and design_5_i/vga_0/U0/vga_instance/display_image_inst/image_inst/use_image/RAM_reg_0_63_0_2/RAMC/WE (clocked by clk_ip_out_clk_ip_core_1). Large setup violations at the end of those stages might be difficult to fix during the post-placement implementation flow and could be the result of non-optimal XDC constraints or non-optimal design architecture
Related violations: <none>

TIMING-16#216 Warning
Large setup violation  
There is a large setup violation of -5.920 ns between design_5_i/vga_0/U0/vga_instance/AXI_Stream_FIFO_inst/read_pointer_reg[2]/C (clocked by clk_out1_design_5_clk_wiz_1_0) and design_5_i/vga_0/U0/vga_instance/display_image_inst/image_inst/use_image/RAM_reg_0_63_0_2/RAMD/WE (clocked by clk_ip_out_clk_ip_core_1). Large setup violations at the end of those stages might be difficult to fix during the post-placement implementation flow and could be the result of non-optimal XDC constraints or non-optimal design architecture
Related violations: <none>

TIMING-16#217 Warning
Large setup violation  
There is a large setup violation of -5.921 ns between design_5_i/vga_0/U0/vga_instance/AXI_Stream_FIFO_inst/read_pointer_reg[3]/C (clocked by clk_out1_design_5_clk_wiz_1_0) and design_5_i/vga_0/U0/vga_instance/display_image_inst/image_inst/use_image/RAM_reg_192_255_9_11/RAMA/WADR2 (clocked by clk_ip_out_clk_ip_core_1). Large setup violations at the end of those stages might be difficult to fix during the post-placement implementation flow and could be the result of non-optimal XDC constraints or non-optimal design architecture
Related violations: <none>

TIMING-16#218 Warning
Large setup violation  
There is a large setup violation of -5.921 ns between design_5_i/vga_0/U0/vga_instance/AXI_Stream_FIFO_inst/read_pointer_reg[3]/C (clocked by clk_out1_design_5_clk_wiz_1_0) and design_5_i/vga_0/U0/vga_instance/display_image_inst/image_inst/use_image/RAM_reg_192_255_9_11/RAMB/WADR2 (clocked by clk_ip_out_clk_ip_core_1). Large setup violations at the end of those stages might be difficult to fix during the post-placement implementation flow and could be the result of non-optimal XDC constraints or non-optimal design architecture
Related violations: <none>

TIMING-16#219 Warning
Large setup violation  
There is a large setup violation of -5.921 ns between design_5_i/vga_0/U0/vga_instance/AXI_Stream_FIFO_inst/read_pointer_reg[3]/C (clocked by clk_out1_design_5_clk_wiz_1_0) and design_5_i/vga_0/U0/vga_instance/display_image_inst/image_inst/use_image/RAM_reg_192_255_9_11/RAMC/WADR2 (clocked by clk_ip_out_clk_ip_core_1). Large setup violations at the end of those stages might be difficult to fix during the post-placement implementation flow and could be the result of non-optimal XDC constraints or non-optimal design architecture
Related violations: <none>

TIMING-16#220 Warning
Large setup violation  
There is a large setup violation of -5.921 ns between design_5_i/vga_0/U0/vga_instance/AXI_Stream_FIFO_inst/read_pointer_reg[3]/C (clocked by clk_out1_design_5_clk_wiz_1_0) and design_5_i/vga_0/U0/vga_instance/display_image_inst/image_inst/use_image/RAM_reg_192_255_9_11/RAMD/WADR2 (clocked by clk_ip_out_clk_ip_core_1). Large setup violations at the end of those stages might be difficult to fix during the post-placement implementation flow and could be the result of non-optimal XDC constraints or non-optimal design architecture
Related violations: <none>

TIMING-16#221 Warning
Large setup violation  
There is a large setup violation of -5.925 ns between design_5_i/vga_0/U0/vga_instance/AXI_Stream_FIFO_inst/read_pointer_reg[0]_replica_1/C (clocked by clk_out1_design_5_clk_wiz_1_0) and design_5_i/vga_0/U0/vga_instance/display_image_inst/image_inst/use_image/RAM_reg_128_191_6_8/RAMA/WADR5 (clocked by clk_ip_out_clk_ip_core_1). Large setup violations at the end of those stages might be difficult to fix during the post-placement implementation flow and could be the result of non-optimal XDC constraints or non-optimal design architecture
Related violations: <none>

TIMING-16#222 Warning
Large setup violation  
There is a large setup violation of -5.925 ns between design_5_i/vga_0/U0/vga_instance/AXI_Stream_FIFO_inst/read_pointer_reg[0]_replica_1/C (clocked by clk_out1_design_5_clk_wiz_1_0) and design_5_i/vga_0/U0/vga_instance/display_image_inst/image_inst/use_image/RAM_reg_128_191_6_8/RAMB/WADR5 (clocked by clk_ip_out_clk_ip_core_1). Large setup violations at the end of those stages might be difficult to fix during the post-placement implementation flow and could be the result of non-optimal XDC constraints or non-optimal design architecture
Related violations: <none>

TIMING-16#223 Warning
Large setup violation  
There is a large setup violation of -5.925 ns between design_5_i/vga_0/U0/vga_instance/AXI_Stream_FIFO_inst/read_pointer_reg[0]_replica_1/C (clocked by clk_out1_design_5_clk_wiz_1_0) and design_5_i/vga_0/U0/vga_instance/display_image_inst/image_inst/use_image/RAM_reg_128_191_6_8/RAMC/WADR5 (clocked by clk_ip_out_clk_ip_core_1). Large setup violations at the end of those stages might be difficult to fix during the post-placement implementation flow and could be the result of non-optimal XDC constraints or non-optimal design architecture
Related violations: <none>

TIMING-16#224 Warning
Large setup violation  
There is a large setup violation of -5.925 ns between design_5_i/vga_0/U0/vga_instance/AXI_Stream_FIFO_inst/read_pointer_reg[0]_replica_1/C (clocked by clk_out1_design_5_clk_wiz_1_0) and design_5_i/vga_0/U0/vga_instance/display_image_inst/image_inst/use_image/RAM_reg_128_191_6_8/RAMD/WADR5 (clocked by clk_ip_out_clk_ip_core_1). Large setup violations at the end of those stages might be difficult to fix during the post-placement implementation flow and could be the result of non-optimal XDC constraints or non-optimal design architecture
Related violations: <none>

TIMING-16#225 Warning
Large setup violation  
There is a large setup violation of -5.925 ns between design_5_i/vga_0/U0/vga_instance/AXI_Stream_FIFO_inst/read_pointer_reg[3]/C (clocked by clk_out1_design_5_clk_wiz_1_0) and design_5_i/vga_0/U0/vga_instance/display_image_inst/image_inst/use_image/RAM_reg_64_127_9_11/RAMA/WADR2 (clocked by clk_ip_out_clk_ip_core_1). Large setup violations at the end of those stages might be difficult to fix during the post-placement implementation flow and could be the result of non-optimal XDC constraints or non-optimal design architecture
Related violations: <none>

TIMING-16#226 Warning
Large setup violation  
There is a large setup violation of -5.925 ns between design_5_i/vga_0/U0/vga_instance/AXI_Stream_FIFO_inst/read_pointer_reg[3]/C (clocked by clk_out1_design_5_clk_wiz_1_0) and design_5_i/vga_0/U0/vga_instance/display_image_inst/image_inst/use_image/RAM_reg_64_127_9_11/RAMB/WADR2 (clocked by clk_ip_out_clk_ip_core_1). Large setup violations at the end of those stages might be difficult to fix during the post-placement implementation flow and could be the result of non-optimal XDC constraints or non-optimal design architecture
Related violations: <none>

TIMING-16#227 Warning
Large setup violation  
There is a large setup violation of -5.925 ns between design_5_i/vga_0/U0/vga_instance/AXI_Stream_FIFO_inst/read_pointer_reg[3]/C (clocked by clk_out1_design_5_clk_wiz_1_0) and design_5_i/vga_0/U0/vga_instance/display_image_inst/image_inst/use_image/RAM_reg_64_127_9_11/RAMC/WADR2 (clocked by clk_ip_out_clk_ip_core_1). Large setup violations at the end of those stages might be difficult to fix during the post-placement implementation flow and could be the result of non-optimal XDC constraints or non-optimal design architecture
Related violations: <none>

TIMING-16#228 Warning
Large setup violation  
There is a large setup violation of -5.925 ns between design_5_i/vga_0/U0/vga_instance/AXI_Stream_FIFO_inst/read_pointer_reg[3]/C (clocked by clk_out1_design_5_clk_wiz_1_0) and design_5_i/vga_0/U0/vga_instance/display_image_inst/image_inst/use_image/RAM_reg_64_127_9_11/RAMD/WADR2 (clocked by clk_ip_out_clk_ip_core_1). Large setup violations at the end of those stages might be difficult to fix during the post-placement implementation flow and could be the result of non-optimal XDC constraints or non-optimal design architecture
Related violations: <none>

TIMING-16#229 Warning
Large setup violation  
There is a large setup violation of -5.929 ns between design_5_i/vga_0/U0/vga_instance/AXI_Stream_FIFO_inst/read_pointer_reg[0]_replica_1/C (clocked by clk_out1_design_5_clk_wiz_1_0) and design_5_i/vga_0/U0/vga_instance/display_image_inst/image_inst/use_image/RAM_reg_0_63_0_2/RAMA/WADR5 (clocked by clk_ip_out_clk_ip_core_1). Large setup violations at the end of those stages might be difficult to fix during the post-placement implementation flow and could be the result of non-optimal XDC constraints or non-optimal design architecture
Related violations: <none>

TIMING-16#230 Warning
Large setup violation  
There is a large setup violation of -5.929 ns between design_5_i/vga_0/U0/vga_instance/AXI_Stream_FIFO_inst/read_pointer_reg[0]_replica_1/C (clocked by clk_out1_design_5_clk_wiz_1_0) and design_5_i/vga_0/U0/vga_instance/display_image_inst/image_inst/use_image/RAM_reg_0_63_0_2/RAMB/WADR5 (clocked by clk_ip_out_clk_ip_core_1). Large setup violations at the end of those stages might be difficult to fix during the post-placement implementation flow and could be the result of non-optimal XDC constraints or non-optimal design architecture
Related violations: <none>

TIMING-16#231 Warning
Large setup violation  
There is a large setup violation of -5.929 ns between design_5_i/vga_0/U0/vga_instance/AXI_Stream_FIFO_inst/read_pointer_reg[0]_replica_1/C (clocked by clk_out1_design_5_clk_wiz_1_0) and design_5_i/vga_0/U0/vga_instance/display_image_inst/image_inst/use_image/RAM_reg_0_63_0_2/RAMC/WADR5 (clocked by clk_ip_out_clk_ip_core_1). Large setup violations at the end of those stages might be difficult to fix during the post-placement implementation flow and could be the result of non-optimal XDC constraints or non-optimal design architecture
Related violations: <none>

TIMING-16#232 Warning
Large setup violation  
There is a large setup violation of -5.929 ns between design_5_i/vga_0/U0/vga_instance/AXI_Stream_FIFO_inst/read_pointer_reg[0]_replica_1/C (clocked by clk_out1_design_5_clk_wiz_1_0) and design_5_i/vga_0/U0/vga_instance/display_image_inst/image_inst/use_image/RAM_reg_0_63_0_2/RAMD/WADR5 (clocked by clk_ip_out_clk_ip_core_1). Large setup violations at the end of those stages might be difficult to fix during the post-placement implementation flow and could be the result of non-optimal XDC constraints or non-optimal design architecture
Related violations: <none>

TIMING-16#233 Warning
Large setup violation  
There is a large setup violation of -5.930 ns between design_5_i/vga_0/U0/vga_instance/AXI_Stream_FIFO_inst/read_pointer_reg[3]/C (clocked by clk_out1_design_5_clk_wiz_1_0) and design_5_i/vga_0/U0/vga_instance/display_image_inst/image_inst/use_image/RAM_reg_0_63_9_11/RAMA/WADR1 (clocked by clk_ip_out_clk_ip_core_1). Large setup violations at the end of those stages might be difficult to fix during the post-placement implementation flow and could be the result of non-optimal XDC constraints or non-optimal design architecture
Related violations: <none>

TIMING-16#234 Warning
Large setup violation  
There is a large setup violation of -5.930 ns between design_5_i/vga_0/U0/vga_instance/AXI_Stream_FIFO_inst/read_pointer_reg[3]/C (clocked by clk_out1_design_5_clk_wiz_1_0) and design_5_i/vga_0/U0/vga_instance/display_image_inst/image_inst/use_image/RAM_reg_0_63_9_11/RAMB/WADR1 (clocked by clk_ip_out_clk_ip_core_1). Large setup violations at the end of those stages might be difficult to fix during the post-placement implementation flow and could be the result of non-optimal XDC constraints or non-optimal design architecture
Related violations: <none>

TIMING-16#235 Warning
Large setup violation  
There is a large setup violation of -5.930 ns between design_5_i/vga_0/U0/vga_instance/AXI_Stream_FIFO_inst/read_pointer_reg[3]/C (clocked by clk_out1_design_5_clk_wiz_1_0) and design_5_i/vga_0/U0/vga_instance/display_image_inst/image_inst/use_image/RAM_reg_0_63_9_11/RAMC/WADR1 (clocked by clk_ip_out_clk_ip_core_1). Large setup violations at the end of those stages might be difficult to fix during the post-placement implementation flow and could be the result of non-optimal XDC constraints or non-optimal design architecture
Related violations: <none>

TIMING-16#236 Warning
Large setup violation  
There is a large setup violation of -5.930 ns between design_5_i/vga_0/U0/vga_instance/AXI_Stream_FIFO_inst/read_pointer_reg[3]/C (clocked by clk_out1_design_5_clk_wiz_1_0) and design_5_i/vga_0/U0/vga_instance/display_image_inst/image_inst/use_image/RAM_reg_0_63_9_11/RAMD/WADR1 (clocked by clk_ip_out_clk_ip_core_1). Large setup violations at the end of those stages might be difficult to fix during the post-placement implementation flow and could be the result of non-optimal XDC constraints or non-optimal design architecture
Related violations: <none>

TIMING-16#237 Warning
Large setup violation  
There is a large setup violation of -5.931 ns between design_5_i/vga_0/U0/vga_instance/AXI_Stream_FIFO_inst/read_pointer_reg[0]_replica_1/C (clocked by clk_out1_design_5_clk_wiz_1_0) and design_5_i/vga_0/U0/vga_instance/display_image_inst/image_inst/use_image/RAM_reg_128_191_3_5/RAMA/WADR5 (clocked by clk_ip_out_clk_ip_core_1). Large setup violations at the end of those stages might be difficult to fix during the post-placement implementation flow and could be the result of non-optimal XDC constraints or non-optimal design architecture
Related violations: <none>

TIMING-16#238 Warning
Large setup violation  
There is a large setup violation of -5.931 ns between design_5_i/vga_0/U0/vga_instance/AXI_Stream_FIFO_inst/read_pointer_reg[0]_replica_1/C (clocked by clk_out1_design_5_clk_wiz_1_0) and design_5_i/vga_0/U0/vga_instance/display_image_inst/image_inst/use_image/RAM_reg_128_191_3_5/RAMB/WADR5 (clocked by clk_ip_out_clk_ip_core_1). Large setup violations at the end of those stages might be difficult to fix during the post-placement implementation flow and could be the result of non-optimal XDC constraints or non-optimal design architecture
Related violations: <none>

TIMING-16#239 Warning
Large setup violation  
There is a large setup violation of -5.931 ns between design_5_i/vga_0/U0/vga_instance/AXI_Stream_FIFO_inst/read_pointer_reg[0]_replica_1/C (clocked by clk_out1_design_5_clk_wiz_1_0) and design_5_i/vga_0/U0/vga_instance/display_image_inst/image_inst/use_image/RAM_reg_128_191_3_5/RAMC/WADR5 (clocked by clk_ip_out_clk_ip_core_1). Large setup violations at the end of those stages might be difficult to fix during the post-placement implementation flow and could be the result of non-optimal XDC constraints or non-optimal design architecture
Related violations: <none>

TIMING-16#240 Warning
Large setup violation  
There is a large setup violation of -5.931 ns between design_5_i/vga_0/U0/vga_instance/AXI_Stream_FIFO_inst/read_pointer_reg[0]_replica_1/C (clocked by clk_out1_design_5_clk_wiz_1_0) and design_5_i/vga_0/U0/vga_instance/display_image_inst/image_inst/use_image/RAM_reg_128_191_3_5/RAMD/WADR5 (clocked by clk_ip_out_clk_ip_core_1). Large setup violations at the end of those stages might be difficult to fix during the post-placement implementation flow and could be the result of non-optimal XDC constraints or non-optimal design architecture
Related violations: <none>

TIMING-16#241 Warning
Large setup violation  
There is a large setup violation of -5.931 ns between design_5_i/vga_0/U0/vga_instance/AXI_Stream_FIFO_inst/read_pointer_reg[0]_replica_1/C (clocked by clk_out1_design_5_clk_wiz_1_0) and design_5_i/vga_0/U0/vga_instance/display_image_inst/image_inst/use_image/RAM_reg_192_255_3_5/RAMA/WADR5 (clocked by clk_ip_out_clk_ip_core_1). Large setup violations at the end of those stages might be difficult to fix during the post-placement implementation flow and could be the result of non-optimal XDC constraints or non-optimal design architecture
Related violations: <none>

TIMING-16#242 Warning
Large setup violation  
There is a large setup violation of -5.931 ns between design_5_i/vga_0/U0/vga_instance/AXI_Stream_FIFO_inst/read_pointer_reg[0]_replica_1/C (clocked by clk_out1_design_5_clk_wiz_1_0) and design_5_i/vga_0/U0/vga_instance/display_image_inst/image_inst/use_image/RAM_reg_192_255_3_5/RAMB/WADR5 (clocked by clk_ip_out_clk_ip_core_1). Large setup violations at the end of those stages might be difficult to fix during the post-placement implementation flow and could be the result of non-optimal XDC constraints or non-optimal design architecture
Related violations: <none>

TIMING-16#243 Warning
Large setup violation  
There is a large setup violation of -5.931 ns between design_5_i/vga_0/U0/vga_instance/AXI_Stream_FIFO_inst/read_pointer_reg[0]_replica_1/C (clocked by clk_out1_design_5_clk_wiz_1_0) and design_5_i/vga_0/U0/vga_instance/display_image_inst/image_inst/use_image/RAM_reg_192_255_3_5/RAMC/WADR5 (clocked by clk_ip_out_clk_ip_core_1). Large setup violations at the end of those stages might be difficult to fix during the post-placement implementation flow and could be the result of non-optimal XDC constraints or non-optimal design architecture
Related violations: <none>

TIMING-16#244 Warning
Large setup violation  
There is a large setup violation of -5.931 ns between design_5_i/vga_0/U0/vga_instance/AXI_Stream_FIFO_inst/read_pointer_reg[0]_replica_1/C (clocked by clk_out1_design_5_clk_wiz_1_0) and design_5_i/vga_0/U0/vga_instance/display_image_inst/image_inst/use_image/RAM_reg_192_255_3_5/RAMD/WADR5 (clocked by clk_ip_out_clk_ip_core_1). Large setup violations at the end of those stages might be difficult to fix during the post-placement implementation flow and could be the result of non-optimal XDC constraints or non-optimal design architecture
Related violations: <none>

TIMING-16#245 Warning
Large setup violation  
There is a large setup violation of -5.931 ns between design_5_i/vga_0/U0/vga_instance/AXI_Stream_FIFO_inst/read_pointer_reg[3]/C (clocked by clk_out1_design_5_clk_wiz_1_0) and design_5_i/vga_0/U0/vga_instance/display_image_inst/image_inst/use_image/RAM_reg_128_191_9_11/RAMC/I (clocked by clk_ip_out_clk_ip_core_1). Large setup violations at the end of those stages might be difficult to fix during the post-placement implementation flow and could be the result of non-optimal XDC constraints or non-optimal design architecture
Related violations: <none>

TIMING-16#246 Warning
Large setup violation  
There is a large setup violation of -5.937 ns between design_5_i/vga_0/U0/vga_instance/AXI_Stream_FIFO_inst/read_pointer_reg[0]_replica_1/C (clocked by clk_out1_design_5_clk_wiz_1_0) and design_5_i/vga_0/U0/vga_instance/display_image_inst/image_inst/use_image/RAM_reg_0_63_3_5/RAMA/WADR4 (clocked by clk_ip_out_clk_ip_core_1). Large setup violations at the end of those stages might be difficult to fix during the post-placement implementation flow and could be the result of non-optimal XDC constraints or non-optimal design architecture
Related violations: <none>

TIMING-16#247 Warning
Large setup violation  
There is a large setup violation of -5.937 ns between design_5_i/vga_0/U0/vga_instance/AXI_Stream_FIFO_inst/read_pointer_reg[0]_replica_1/C (clocked by clk_out1_design_5_clk_wiz_1_0) and design_5_i/vga_0/U0/vga_instance/display_image_inst/image_inst/use_image/RAM_reg_0_63_3_5/RAMB/WADR4 (clocked by clk_ip_out_clk_ip_core_1). Large setup violations at the end of those stages might be difficult to fix during the post-placement implementation flow and could be the result of non-optimal XDC constraints or non-optimal design architecture
Related violations: <none>

TIMING-16#248 Warning
Large setup violation  
There is a large setup violation of -5.937 ns between design_5_i/vga_0/U0/vga_instance/AXI_Stream_FIFO_inst/read_pointer_reg[0]_replica_1/C (clocked by clk_out1_design_5_clk_wiz_1_0) and design_5_i/vga_0/U0/vga_instance/display_image_inst/image_inst/use_image/RAM_reg_0_63_3_5/RAMC/WADR4 (clocked by clk_ip_out_clk_ip_core_1). Large setup violations at the end of those stages might be difficult to fix during the post-placement implementation flow and could be the result of non-optimal XDC constraints or non-optimal design architecture
Related violations: <none>

TIMING-16#249 Warning
Large setup violation  
There is a large setup violation of -5.937 ns between design_5_i/vga_0/U0/vga_instance/AXI_Stream_FIFO_inst/read_pointer_reg[0]_replica_1/C (clocked by clk_out1_design_5_clk_wiz_1_0) and design_5_i/vga_0/U0/vga_instance/display_image_inst/image_inst/use_image/RAM_reg_0_63_3_5/RAMD/WADR4 (clocked by clk_ip_out_clk_ip_core_1). Large setup violations at the end of those stages might be difficult to fix during the post-placement implementation flow and could be the result of non-optimal XDC constraints or non-optimal design architecture
Related violations: <none>

TIMING-16#250 Warning
Large setup violation  
There is a large setup violation of -5.940 ns between design_5_i/vga_0/U0/vga_instance/AXI_Stream_FIFO_inst/read_pointer_reg[0]_replica_1/C (clocked by clk_out1_design_5_clk_wiz_1_0) and design_5_i/vga_0/U0/vga_instance/display_image_inst/image_inst/use_image/RAM_reg_64_127_9_11/RAMA/WADR4 (clocked by clk_ip_out_clk_ip_core_1). Large setup violations at the end of those stages might be difficult to fix during the post-placement implementation flow and could be the result of non-optimal XDC constraints or non-optimal design architecture
Related violations: <none>

TIMING-16#251 Warning
Large setup violation  
There is a large setup violation of -5.940 ns between design_5_i/vga_0/U0/vga_instance/AXI_Stream_FIFO_inst/read_pointer_reg[0]_replica_1/C (clocked by clk_out1_design_5_clk_wiz_1_0) and design_5_i/vga_0/U0/vga_instance/display_image_inst/image_inst/use_image/RAM_reg_64_127_9_11/RAMB/WADR4 (clocked by clk_ip_out_clk_ip_core_1). Large setup violations at the end of those stages might be difficult to fix during the post-placement implementation flow and could be the result of non-optimal XDC constraints or non-optimal design architecture
Related violations: <none>

TIMING-16#252 Warning
Large setup violation  
There is a large setup violation of -5.940 ns between design_5_i/vga_0/U0/vga_instance/AXI_Stream_FIFO_inst/read_pointer_reg[0]_replica_1/C (clocked by clk_out1_design_5_clk_wiz_1_0) and design_5_i/vga_0/U0/vga_instance/display_image_inst/image_inst/use_image/RAM_reg_64_127_9_11/RAMC/WADR4 (clocked by clk_ip_out_clk_ip_core_1). Large setup violations at the end of those stages might be difficult to fix during the post-placement implementation flow and could be the result of non-optimal XDC constraints or non-optimal design architecture
Related violations: <none>

TIMING-16#253 Warning
Large setup violation  
There is a large setup violation of -5.940 ns between design_5_i/vga_0/U0/vga_instance/AXI_Stream_FIFO_inst/read_pointer_reg[0]_replica_1/C (clocked by clk_out1_design_5_clk_wiz_1_0) and design_5_i/vga_0/U0/vga_instance/display_image_inst/image_inst/use_image/RAM_reg_64_127_9_11/RAMD/WADR4 (clocked by clk_ip_out_clk_ip_core_1). Large setup violations at the end of those stages might be difficult to fix during the post-placement implementation flow and could be the result of non-optimal XDC constraints or non-optimal design architecture
Related violations: <none>

TIMING-16#254 Warning
Large setup violation  
There is a large setup violation of -5.942 ns between design_5_i/vga_0/U0/vga_instance/AXI_Stream_FIFO_inst/read_pointer_reg[3]/C (clocked by clk_out1_design_5_clk_wiz_1_0) and design_5_i/vga_0/U0/vga_instance/display_image_inst/image_inst/use_image/RAM_reg_0_63_3_5/RAMA/WADR2 (clocked by clk_ip_out_clk_ip_core_1). Large setup violations at the end of those stages might be difficult to fix during the post-placement implementation flow and could be the result of non-optimal XDC constraints or non-optimal design architecture
Related violations: <none>

TIMING-16#255 Warning
Large setup violation  
There is a large setup violation of -5.942 ns between design_5_i/vga_0/U0/vga_instance/AXI_Stream_FIFO_inst/read_pointer_reg[3]/C (clocked by clk_out1_design_5_clk_wiz_1_0) and design_5_i/vga_0/U0/vga_instance/display_image_inst/image_inst/use_image/RAM_reg_0_63_3_5/RAMB/WADR2 (clocked by clk_ip_out_clk_ip_core_1). Large setup violations at the end of those stages might be difficult to fix during the post-placement implementation flow and could be the result of non-optimal XDC constraints or non-optimal design architecture
Related violations: <none>

TIMING-16#256 Warning
Large setup violation  
There is a large setup violation of -5.942 ns between design_5_i/vga_0/U0/vga_instance/AXI_Stream_FIFO_inst/read_pointer_reg[3]/C (clocked by clk_out1_design_5_clk_wiz_1_0) and design_5_i/vga_0/U0/vga_instance/display_image_inst/image_inst/use_image/RAM_reg_0_63_3_5/RAMC/WADR2 (clocked by clk_ip_out_clk_ip_core_1). Large setup violations at the end of those stages might be difficult to fix during the post-placement implementation flow and could be the result of non-optimal XDC constraints or non-optimal design architecture
Related violations: <none>

TIMING-16#257 Warning
Large setup violation  
There is a large setup violation of -5.942 ns between design_5_i/vga_0/U0/vga_instance/AXI_Stream_FIFO_inst/read_pointer_reg[3]/C (clocked by clk_out1_design_5_clk_wiz_1_0) and design_5_i/vga_0/U0/vga_instance/display_image_inst/image_inst/use_image/RAM_reg_0_63_3_5/RAMD/WADR2 (clocked by clk_ip_out_clk_ip_core_1). Large setup violations at the end of those stages might be difficult to fix during the post-placement implementation flow and could be the result of non-optimal XDC constraints or non-optimal design architecture
Related violations: <none>

TIMING-16#258 Warning
Large setup violation  
There is a large setup violation of -5.943 ns between design_5_i/vga_0/U0/vga_instance/AXI_Stream_FIFO_inst/read_pointer_reg[0]_replica_1/C (clocked by clk_out1_design_5_clk_wiz_1_0) and design_5_i/vga_0/U0/vga_instance/display_image_inst/image_inst/use_image/RAM_reg_128_191_3_5/RAMA/WADR4 (clocked by clk_ip_out_clk_ip_core_1). Large setup violations at the end of those stages might be difficult to fix during the post-placement implementation flow and could be the result of non-optimal XDC constraints or non-optimal design architecture
Related violations: <none>

TIMING-16#259 Warning
Large setup violation  
There is a large setup violation of -5.943 ns between design_5_i/vga_0/U0/vga_instance/AXI_Stream_FIFO_inst/read_pointer_reg[0]_replica_1/C (clocked by clk_out1_design_5_clk_wiz_1_0) and design_5_i/vga_0/U0/vga_instance/display_image_inst/image_inst/use_image/RAM_reg_128_191_3_5/RAMB/WADR4 (clocked by clk_ip_out_clk_ip_core_1). Large setup violations at the end of those stages might be difficult to fix during the post-placement implementation flow and could be the result of non-optimal XDC constraints or non-optimal design architecture
Related violations: <none>

TIMING-16#260 Warning
Large setup violation  
There is a large setup violation of -5.943 ns between design_5_i/vga_0/U0/vga_instance/AXI_Stream_FIFO_inst/read_pointer_reg[0]_replica_1/C (clocked by clk_out1_design_5_clk_wiz_1_0) and design_5_i/vga_0/U0/vga_instance/display_image_inst/image_inst/use_image/RAM_reg_128_191_3_5/RAMC/WADR4 (clocked by clk_ip_out_clk_ip_core_1). Large setup violations at the end of those stages might be difficult to fix during the post-placement implementation flow and could be the result of non-optimal XDC constraints or non-optimal design architecture
Related violations: <none>

TIMING-16#261 Warning
Large setup violation  
There is a large setup violation of -5.943 ns between design_5_i/vga_0/U0/vga_instance/AXI_Stream_FIFO_inst/read_pointer_reg[0]_replica_1/C (clocked by clk_out1_design_5_clk_wiz_1_0) and design_5_i/vga_0/U0/vga_instance/display_image_inst/image_inst/use_image/RAM_reg_128_191_3_5/RAMD/WADR4 (clocked by clk_ip_out_clk_ip_core_1). Large setup violations at the end of those stages might be difficult to fix during the post-placement implementation flow and could be the result of non-optimal XDC constraints or non-optimal design architecture
Related violations: <none>

TIMING-16#262 Warning
Large setup violation  
There is a large setup violation of -5.943 ns between design_5_i/vga_0/U0/vga_instance/AXI_Stream_FIFO_inst/read_pointer_reg[3]/C (clocked by clk_out1_design_5_clk_wiz_1_0) and design_5_i/vga_0/U0/vga_instance/display_image_inst/image_inst/use_image/RAM_reg_128_191_0_2/RAMA/WADR3 (clocked by clk_ip_out_clk_ip_core_1). Large setup violations at the end of those stages might be difficult to fix during the post-placement implementation flow and could be the result of non-optimal XDC constraints or non-optimal design architecture
Related violations: <none>

TIMING-16#263 Warning
Large setup violation  
There is a large setup violation of -5.943 ns between design_5_i/vga_0/U0/vga_instance/AXI_Stream_FIFO_inst/read_pointer_reg[3]/C (clocked by clk_out1_design_5_clk_wiz_1_0) and design_5_i/vga_0/U0/vga_instance/display_image_inst/image_inst/use_image/RAM_reg_128_191_0_2/RAMB/WADR3 (clocked by clk_ip_out_clk_ip_core_1). Large setup violations at the end of those stages might be difficult to fix during the post-placement implementation flow and could be the result of non-optimal XDC constraints or non-optimal design architecture
Related violations: <none>

TIMING-16#264 Warning
Large setup violation  
There is a large setup violation of -5.943 ns between design_5_i/vga_0/U0/vga_instance/AXI_Stream_FIFO_inst/read_pointer_reg[3]/C (clocked by clk_out1_design_5_clk_wiz_1_0) and design_5_i/vga_0/U0/vga_instance/display_image_inst/image_inst/use_image/RAM_reg_128_191_0_2/RAMC/WADR3 (clocked by clk_ip_out_clk_ip_core_1). Large setup violations at the end of those stages might be difficult to fix during the post-placement implementation flow and could be the result of non-optimal XDC constraints or non-optimal design architecture
Related violations: <none>

TIMING-16#265 Warning
Large setup violation  
There is a large setup violation of -5.943 ns between design_5_i/vga_0/U0/vga_instance/AXI_Stream_FIFO_inst/read_pointer_reg[3]/C (clocked by clk_out1_design_5_clk_wiz_1_0) and design_5_i/vga_0/U0/vga_instance/display_image_inst/image_inst/use_image/RAM_reg_128_191_0_2/RAMD/WADR3 (clocked by clk_ip_out_clk_ip_core_1). Large setup violations at the end of those stages might be difficult to fix during the post-placement implementation flow and could be the result of non-optimal XDC constraints or non-optimal design architecture
Related violations: <none>

TIMING-16#266 Warning
Large setup violation  
There is a large setup violation of -5.949 ns between design_5_i/vga_0/U0/vga_instance/AXI_Stream_FIFO_inst/read_pointer_reg[0]_replica_1/C (clocked by clk_out1_design_5_clk_wiz_1_0) and design_5_i/vga_0/U0/vga_instance/display_image_inst/image_inst/use_image/RAM_reg_192_255_3_5/RAMA/WADR4 (clocked by clk_ip_out_clk_ip_core_1). Large setup violations at the end of those stages might be difficult to fix during the post-placement implementation flow and could be the result of non-optimal XDC constraints or non-optimal design architecture
Related violations: <none>

TIMING-16#267 Warning
Large setup violation  
There is a large setup violation of -5.949 ns between design_5_i/vga_0/U0/vga_instance/AXI_Stream_FIFO_inst/read_pointer_reg[0]_replica_1/C (clocked by clk_out1_design_5_clk_wiz_1_0) and design_5_i/vga_0/U0/vga_instance/display_image_inst/image_inst/use_image/RAM_reg_192_255_3_5/RAMB/WADR4 (clocked by clk_ip_out_clk_ip_core_1). Large setup violations at the end of those stages might be difficult to fix during the post-placement implementation flow and could be the result of non-optimal XDC constraints or non-optimal design architecture
Related violations: <none>

TIMING-16#268 Warning
Large setup violation  
There is a large setup violation of -5.949 ns between design_5_i/vga_0/U0/vga_instance/AXI_Stream_FIFO_inst/read_pointer_reg[0]_replica_1/C (clocked by clk_out1_design_5_clk_wiz_1_0) and design_5_i/vga_0/U0/vga_instance/display_image_inst/image_inst/use_image/RAM_reg_192_255_3_5/RAMC/WADR4 (clocked by clk_ip_out_clk_ip_core_1). Large setup violations at the end of those stages might be difficult to fix during the post-placement implementation flow and could be the result of non-optimal XDC constraints or non-optimal design architecture
Related violations: <none>

TIMING-16#269 Warning
Large setup violation  
There is a large setup violation of -5.949 ns between design_5_i/vga_0/U0/vga_instance/AXI_Stream_FIFO_inst/read_pointer_reg[0]_replica_1/C (clocked by clk_out1_design_5_clk_wiz_1_0) and design_5_i/vga_0/U0/vga_instance/display_image_inst/image_inst/use_image/RAM_reg_192_255_3_5/RAMD/WADR4 (clocked by clk_ip_out_clk_ip_core_1). Large setup violations at the end of those stages might be difficult to fix during the post-placement implementation flow and could be the result of non-optimal XDC constraints or non-optimal design architecture
Related violations: <none>

TIMING-16#270 Warning
Large setup violation  
There is a large setup violation of -5.956 ns between design_5_i/vga_0/U0/vga_instance/AXI_Stream_FIFO_inst/read_pointer_reg[0]_replica_1/C (clocked by clk_out1_design_5_clk_wiz_1_0) and design_5_i/vga_0/U0/vga_instance/display_image_inst/image_inst/use_image/RAM_reg_0_63_0_2/RAMA/WADR4 (clocked by clk_ip_out_clk_ip_core_1). Large setup violations at the end of those stages might be difficult to fix during the post-placement implementation flow and could be the result of non-optimal XDC constraints or non-optimal design architecture
Related violations: <none>

TIMING-16#271 Warning
Large setup violation  
There is a large setup violation of -5.956 ns between design_5_i/vga_0/U0/vga_instance/AXI_Stream_FIFO_inst/read_pointer_reg[0]_replica_1/C (clocked by clk_out1_design_5_clk_wiz_1_0) and design_5_i/vga_0/U0/vga_instance/display_image_inst/image_inst/use_image/RAM_reg_0_63_0_2/RAMB/WADR4 (clocked by clk_ip_out_clk_ip_core_1). Large setup violations at the end of those stages might be difficult to fix during the post-placement implementation flow and could be the result of non-optimal XDC constraints or non-optimal design architecture
Related violations: <none>

TIMING-16#272 Warning
Large setup violation  
There is a large setup violation of -5.956 ns between design_5_i/vga_0/U0/vga_instance/AXI_Stream_FIFO_inst/read_pointer_reg[0]_replica_1/C (clocked by clk_out1_design_5_clk_wiz_1_0) and design_5_i/vga_0/U0/vga_instance/display_image_inst/image_inst/use_image/RAM_reg_0_63_0_2/RAMC/WADR4 (clocked by clk_ip_out_clk_ip_core_1). Large setup violations at the end of those stages might be difficult to fix during the post-placement implementation flow and could be the result of non-optimal XDC constraints or non-optimal design architecture
Related violations: <none>

TIMING-16#273 Warning
Large setup violation  
There is a large setup violation of -5.956 ns between design_5_i/vga_0/U0/vga_instance/AXI_Stream_FIFO_inst/read_pointer_reg[0]_replica_1/C (clocked by clk_out1_design_5_clk_wiz_1_0) and design_5_i/vga_0/U0/vga_instance/display_image_inst/image_inst/use_image/RAM_reg_0_63_0_2/RAMD/WADR4 (clocked by clk_ip_out_clk_ip_core_1). Large setup violations at the end of those stages might be difficult to fix during the post-placement implementation flow and could be the result of non-optimal XDC constraints or non-optimal design architecture
Related violations: <none>

TIMING-16#274 Warning
Large setup violation  
There is a large setup violation of -5.957 ns between design_5_i/vga_0/U0/vga_instance/AXI_Stream_FIFO_inst/read_pointer_reg[0]_replica_1/C (clocked by clk_out1_design_5_clk_wiz_1_0) and design_5_i/vga_0/U0/vga_instance/display_image_inst/image_inst/use_image/RAM_reg_0_63_9_11/RAMA/WADR5 (clocked by clk_ip_out_clk_ip_core_1). Large setup violations at the end of those stages might be difficult to fix during the post-placement implementation flow and could be the result of non-optimal XDC constraints or non-optimal design architecture
Related violations: <none>

TIMING-16#275 Warning
Large setup violation  
There is a large setup violation of -5.957 ns between design_5_i/vga_0/U0/vga_instance/AXI_Stream_FIFO_inst/read_pointer_reg[0]_replica_1/C (clocked by clk_out1_design_5_clk_wiz_1_0) and design_5_i/vga_0/U0/vga_instance/display_image_inst/image_inst/use_image/RAM_reg_0_63_9_11/RAMB/WADR5 (clocked by clk_ip_out_clk_ip_core_1). Large setup violations at the end of those stages might be difficult to fix during the post-placement implementation flow and could be the result of non-optimal XDC constraints or non-optimal design architecture
Related violations: <none>

TIMING-16#276 Warning
Large setup violation  
There is a large setup violation of -5.957 ns between design_5_i/vga_0/U0/vga_instance/AXI_Stream_FIFO_inst/read_pointer_reg[0]_replica_1/C (clocked by clk_out1_design_5_clk_wiz_1_0) and design_5_i/vga_0/U0/vga_instance/display_image_inst/image_inst/use_image/RAM_reg_0_63_9_11/RAMC/WADR5 (clocked by clk_ip_out_clk_ip_core_1). Large setup violations at the end of those stages might be difficult to fix during the post-placement implementation flow and could be the result of non-optimal XDC constraints or non-optimal design architecture
Related violations: <none>

TIMING-16#277 Warning
Large setup violation  
There is a large setup violation of -5.957 ns between design_5_i/vga_0/U0/vga_instance/AXI_Stream_FIFO_inst/read_pointer_reg[0]_replica_1/C (clocked by clk_out1_design_5_clk_wiz_1_0) and design_5_i/vga_0/U0/vga_instance/display_image_inst/image_inst/use_image/RAM_reg_0_63_9_11/RAMD/WADR5 (clocked by clk_ip_out_clk_ip_core_1). Large setup violations at the end of those stages might be difficult to fix during the post-placement implementation flow and could be the result of non-optimal XDC constraints or non-optimal design architecture
Related violations: <none>

TIMING-16#278 Warning
Large setup violation  
There is a large setup violation of -5.957 ns between design_5_i/vga_0/U0/vga_instance/AXI_Stream_FIFO_inst/read_pointer_reg[3]/C (clocked by clk_out1_design_5_clk_wiz_1_0) and design_5_i/vga_0/U0/vga_instance/display_image_inst/image_inst/use_image/RAM_reg_192_255_9_11/RAMA/WADR3 (clocked by clk_ip_out_clk_ip_core_1). Large setup violations at the end of those stages might be difficult to fix during the post-placement implementation flow and could be the result of non-optimal XDC constraints or non-optimal design architecture
Related violations: <none>

TIMING-16#279 Warning
Large setup violation  
There is a large setup violation of -5.957 ns between design_5_i/vga_0/U0/vga_instance/AXI_Stream_FIFO_inst/read_pointer_reg[3]/C (clocked by clk_out1_design_5_clk_wiz_1_0) and design_5_i/vga_0/U0/vga_instance/display_image_inst/image_inst/use_image/RAM_reg_192_255_9_11/RAMB/WADR3 (clocked by clk_ip_out_clk_ip_core_1). Large setup violations at the end of those stages might be difficult to fix during the post-placement implementation flow and could be the result of non-optimal XDC constraints or non-optimal design architecture
Related violations: <none>

TIMING-16#280 Warning
Large setup violation  
There is a large setup violation of -5.957 ns between design_5_i/vga_0/U0/vga_instance/AXI_Stream_FIFO_inst/read_pointer_reg[3]/C (clocked by clk_out1_design_5_clk_wiz_1_0) and design_5_i/vga_0/U0/vga_instance/display_image_inst/image_inst/use_image/RAM_reg_192_255_9_11/RAMC/WADR3 (clocked by clk_ip_out_clk_ip_core_1). Large setup violations at the end of those stages might be difficult to fix during the post-placement implementation flow and could be the result of non-optimal XDC constraints or non-optimal design architecture
Related violations: <none>

TIMING-16#281 Warning
Large setup violation  
There is a large setup violation of -5.957 ns between design_5_i/vga_0/U0/vga_instance/AXI_Stream_FIFO_inst/read_pointer_reg[3]/C (clocked by clk_out1_design_5_clk_wiz_1_0) and design_5_i/vga_0/U0/vga_instance/display_image_inst/image_inst/use_image/RAM_reg_192_255_9_11/RAMD/WADR3 (clocked by clk_ip_out_clk_ip_core_1). Large setup violations at the end of those stages might be difficult to fix during the post-placement implementation flow and could be the result of non-optimal XDC constraints or non-optimal design architecture
Related violations: <none>

TIMING-16#282 Warning
Large setup violation  
There is a large setup violation of -5.957 ns between design_5_i/vga_0/U0/vga_instance/AXI_Stream_FIFO_inst/read_pointer_reg[3]/C (clocked by clk_out1_design_5_clk_wiz_1_0) and design_5_i/vga_0/U0/vga_instance/display_image_inst/image_inst/use_image/RAM_reg_64_127_9_11/RAMB/I (clocked by clk_ip_out_clk_ip_core_1). Large setup violations at the end of those stages might be difficult to fix during the post-placement implementation flow and could be the result of non-optimal XDC constraints or non-optimal design architecture
Related violations: <none>

TIMING-16#283 Warning
Large setup violation  
There is a large setup violation of -5.958 ns between design_5_i/vga_0/U0/vga_instance/AXI_Stream_FIFO_inst/read_pointer_reg[3]/C (clocked by clk_out1_design_5_clk_wiz_1_0) and design_5_i/vga_0/U0/vga_instance/display_image_inst/image_inst/use_image/RAM_reg_0_63_9_11/RAMA/WADR2 (clocked by clk_ip_out_clk_ip_core_1). Large setup violations at the end of those stages might be difficult to fix during the post-placement implementation flow and could be the result of non-optimal XDC constraints or non-optimal design architecture
Related violations: <none>

TIMING-16#284 Warning
Large setup violation  
There is a large setup violation of -5.958 ns between design_5_i/vga_0/U0/vga_instance/AXI_Stream_FIFO_inst/read_pointer_reg[3]/C (clocked by clk_out1_design_5_clk_wiz_1_0) and design_5_i/vga_0/U0/vga_instance/display_image_inst/image_inst/use_image/RAM_reg_0_63_9_11/RAMB/WADR2 (clocked by clk_ip_out_clk_ip_core_1). Large setup violations at the end of those stages might be difficult to fix during the post-placement implementation flow and could be the result of non-optimal XDC constraints or non-optimal design architecture
Related violations: <none>

TIMING-16#285 Warning
Large setup violation  
There is a large setup violation of -5.958 ns between design_5_i/vga_0/U0/vga_instance/AXI_Stream_FIFO_inst/read_pointer_reg[3]/C (clocked by clk_out1_design_5_clk_wiz_1_0) and design_5_i/vga_0/U0/vga_instance/display_image_inst/image_inst/use_image/RAM_reg_0_63_9_11/RAMC/WADR2 (clocked by clk_ip_out_clk_ip_core_1). Large setup violations at the end of those stages might be difficult to fix during the post-placement implementation flow and could be the result of non-optimal XDC constraints or non-optimal design architecture
Related violations: <none>

TIMING-16#286 Warning
Large setup violation  
There is a large setup violation of -5.958 ns between design_5_i/vga_0/U0/vga_instance/AXI_Stream_FIFO_inst/read_pointer_reg[3]/C (clocked by clk_out1_design_5_clk_wiz_1_0) and design_5_i/vga_0/U0/vga_instance/display_image_inst/image_inst/use_image/RAM_reg_0_63_9_11/RAMD/WADR2 (clocked by clk_ip_out_clk_ip_core_1). Large setup violations at the end of those stages might be difficult to fix during the post-placement implementation flow and could be the result of non-optimal XDC constraints or non-optimal design architecture
Related violations: <none>

TIMING-16#287 Warning
Large setup violation  
There is a large setup violation of -5.960 ns between design_5_i/vga_0/U0/vga_instance/AXI_Stream_FIFO_inst/read_pointer_reg[0]_replica_1/C (clocked by clk_out1_design_5_clk_wiz_1_0) and design_5_i/vga_0/U0/vga_instance/display_image_inst/image_inst/use_image/RAM_reg_192_255_0_2/RAMA/WADR4 (clocked by clk_ip_out_clk_ip_core_1). Large setup violations at the end of those stages might be difficult to fix during the post-placement implementation flow and could be the result of non-optimal XDC constraints or non-optimal design architecture
Related violations: <none>

TIMING-16#288 Warning
Large setup violation  
There is a large setup violation of -5.960 ns between design_5_i/vga_0/U0/vga_instance/AXI_Stream_FIFO_inst/read_pointer_reg[0]_replica_1/C (clocked by clk_out1_design_5_clk_wiz_1_0) and design_5_i/vga_0/U0/vga_instance/display_image_inst/image_inst/use_image/RAM_reg_192_255_0_2/RAMB/WADR4 (clocked by clk_ip_out_clk_ip_core_1). Large setup violations at the end of those stages might be difficult to fix during the post-placement implementation flow and could be the result of non-optimal XDC constraints or non-optimal design architecture
Related violations: <none>

TIMING-16#289 Warning
Large setup violation  
There is a large setup violation of -5.960 ns between design_5_i/vga_0/U0/vga_instance/AXI_Stream_FIFO_inst/read_pointer_reg[0]_replica_1/C (clocked by clk_out1_design_5_clk_wiz_1_0) and design_5_i/vga_0/U0/vga_instance/display_image_inst/image_inst/use_image/RAM_reg_192_255_0_2/RAMC/WADR4 (clocked by clk_ip_out_clk_ip_core_1). Large setup violations at the end of those stages might be difficult to fix during the post-placement implementation flow and could be the result of non-optimal XDC constraints or non-optimal design architecture
Related violations: <none>

TIMING-16#290 Warning
Large setup violation  
There is a large setup violation of -5.960 ns between design_5_i/vga_0/U0/vga_instance/AXI_Stream_FIFO_inst/read_pointer_reg[0]_replica_1/C (clocked by clk_out1_design_5_clk_wiz_1_0) and design_5_i/vga_0/U0/vga_instance/display_image_inst/image_inst/use_image/RAM_reg_192_255_0_2/RAMD/WADR4 (clocked by clk_ip_out_clk_ip_core_1). Large setup violations at the end of those stages might be difficult to fix during the post-placement implementation flow and could be the result of non-optimal XDC constraints or non-optimal design architecture
Related violations: <none>

TIMING-16#291 Warning
Large setup violation  
There is a large setup violation of -5.960 ns between design_5_i/vga_0/U0/vga_instance/AXI_Stream_FIFO_inst/read_pointer_reg[3]/C (clocked by clk_out1_design_5_clk_wiz_1_0) and design_5_i/vga_0/U0/vga_instance/display_image_inst/image_inst/use_image/RAM_reg_128_191_6_8/RAMA/WADR2 (clocked by clk_ip_out_clk_ip_core_1). Large setup violations at the end of those stages might be difficult to fix during the post-placement implementation flow and could be the result of non-optimal XDC constraints or non-optimal design architecture
Related violations: <none>

TIMING-16#292 Warning
Large setup violation  
There is a large setup violation of -5.960 ns between design_5_i/vga_0/U0/vga_instance/AXI_Stream_FIFO_inst/read_pointer_reg[3]/C (clocked by clk_out1_design_5_clk_wiz_1_0) and design_5_i/vga_0/U0/vga_instance/display_image_inst/image_inst/use_image/RAM_reg_128_191_6_8/RAMB/WADR2 (clocked by clk_ip_out_clk_ip_core_1). Large setup violations at the end of those stages might be difficult to fix during the post-placement implementation flow and could be the result of non-optimal XDC constraints or non-optimal design architecture
Related violations: <none>

TIMING-16#293 Warning
Large setup violation  
There is a large setup violation of -5.960 ns between design_5_i/vga_0/U0/vga_instance/AXI_Stream_FIFO_inst/read_pointer_reg[3]/C (clocked by clk_out1_design_5_clk_wiz_1_0) and design_5_i/vga_0/U0/vga_instance/display_image_inst/image_inst/use_image/RAM_reg_128_191_6_8/RAMC/WADR2 (clocked by clk_ip_out_clk_ip_core_1). Large setup violations at the end of those stages might be difficult to fix during the post-placement implementation flow and could be the result of non-optimal XDC constraints or non-optimal design architecture
Related violations: <none>

TIMING-16#294 Warning
Large setup violation  
There is a large setup violation of -5.960 ns between design_5_i/vga_0/U0/vga_instance/AXI_Stream_FIFO_inst/read_pointer_reg[3]/C (clocked by clk_out1_design_5_clk_wiz_1_0) and design_5_i/vga_0/U0/vga_instance/display_image_inst/image_inst/use_image/RAM_reg_128_191_6_8/RAMD/WADR2 (clocked by clk_ip_out_clk_ip_core_1). Large setup violations at the end of those stages might be difficult to fix during the post-placement implementation flow and could be the result of non-optimal XDC constraints or non-optimal design architecture
Related violations: <none>

TIMING-16#295 Warning
Large setup violation  
There is a large setup violation of -5.960 ns between design_5_i/vga_0/U0/vga_instance/AXI_Stream_FIFO_inst/read_pointer_reg[3]/C (clocked by clk_out1_design_5_clk_wiz_1_0) and design_5_i/vga_0/U0/vga_instance/display_image_inst/image_inst/use_image/RAM_reg_192_255_9_11/RAMA/WADR1 (clocked by clk_ip_out_clk_ip_core_1). Large setup violations at the end of those stages might be difficult to fix during the post-placement implementation flow and could be the result of non-optimal XDC constraints or non-optimal design architecture
Related violations: <none>

TIMING-16#296 Warning
Large setup violation  
There is a large setup violation of -5.960 ns between design_5_i/vga_0/U0/vga_instance/AXI_Stream_FIFO_inst/read_pointer_reg[3]/C (clocked by clk_out1_design_5_clk_wiz_1_0) and design_5_i/vga_0/U0/vga_instance/display_image_inst/image_inst/use_image/RAM_reg_192_255_9_11/RAMB/WADR1 (clocked by clk_ip_out_clk_ip_core_1). Large setup violations at the end of those stages might be difficult to fix during the post-placement implementation flow and could be the result of non-optimal XDC constraints or non-optimal design architecture
Related violations: <none>

TIMING-16#297 Warning
Large setup violation  
There is a large setup violation of -5.960 ns between design_5_i/vga_0/U0/vga_instance/AXI_Stream_FIFO_inst/read_pointer_reg[3]/C (clocked by clk_out1_design_5_clk_wiz_1_0) and design_5_i/vga_0/U0/vga_instance/display_image_inst/image_inst/use_image/RAM_reg_192_255_9_11/RAMC/WADR1 (clocked by clk_ip_out_clk_ip_core_1). Large setup violations at the end of those stages might be difficult to fix during the post-placement implementation flow and could be the result of non-optimal XDC constraints or non-optimal design architecture
Related violations: <none>

TIMING-16#298 Warning
Large setup violation  
There is a large setup violation of -5.960 ns between design_5_i/vga_0/U0/vga_instance/AXI_Stream_FIFO_inst/read_pointer_reg[3]/C (clocked by clk_out1_design_5_clk_wiz_1_0) and design_5_i/vga_0/U0/vga_instance/display_image_inst/image_inst/use_image/RAM_reg_192_255_9_11/RAMD/WADR1 (clocked by clk_ip_out_clk_ip_core_1). Large setup violations at the end of those stages might be difficult to fix during the post-placement implementation flow and could be the result of non-optimal XDC constraints or non-optimal design architecture
Related violations: <none>

TIMING-16#299 Warning
Large setup violation  
There is a large setup violation of -5.961 ns between design_5_i/vga_0/U0/vga_instance/AXI_Stream_FIFO_inst/read_pointer_reg[3]/C (clocked by clk_out1_design_5_clk_wiz_1_0) and design_5_i/vga_0/U0/vga_instance/display_image_inst/image_inst/use_image/RAM_reg_192_255_9_11/RAMC/I (clocked by clk_ip_out_clk_ip_core_1). Large setup violations at the end of those stages might be difficult to fix during the post-placement implementation flow and could be the result of non-optimal XDC constraints or non-optimal design architecture
Related violations: <none>

TIMING-16#300 Warning
Large setup violation  
There is a large setup violation of -5.961 ns between design_5_i/vga_0/U0/vga_instance/AXI_Stream_FIFO_inst/read_pointer_reg[3]/C (clocked by clk_out1_design_5_clk_wiz_1_0) and design_5_i/vga_0/U0/vga_instance/display_image_inst/image_inst/use_image/RAM_reg_64_127_6_8/RAMC/I (clocked by clk_ip_out_clk_ip_core_1). Large setup violations at the end of those stages might be difficult to fix during the post-placement implementation flow and could be the result of non-optimal XDC constraints or non-optimal design architecture
Related violations: <none>

TIMING-16#301 Warning
Large setup violation  
There is a large setup violation of -5.962 ns between design_5_i/vga_0/U0/vga_instance/AXI_Stream_FIFO_inst/read_pointer_reg[0]_replica_1/C (clocked by clk_out1_design_5_clk_wiz_1_0) and design_5_i/vga_0/U0/vga_instance/display_image_inst/image_inst/use_image/RAM_reg_64_127_0_2/RAMA/WADR5 (clocked by clk_ip_out_clk_ip_core_1). Large setup violations at the end of those stages might be difficult to fix during the post-placement implementation flow and could be the result of non-optimal XDC constraints or non-optimal design architecture
Related violations: <none>

TIMING-16#302 Warning
Large setup violation  
There is a large setup violation of -5.962 ns between design_5_i/vga_0/U0/vga_instance/AXI_Stream_FIFO_inst/read_pointer_reg[0]_replica_1/C (clocked by clk_out1_design_5_clk_wiz_1_0) and design_5_i/vga_0/U0/vga_instance/display_image_inst/image_inst/use_image/RAM_reg_64_127_0_2/RAMB/WADR5 (clocked by clk_ip_out_clk_ip_core_1). Large setup violations at the end of those stages might be difficult to fix during the post-placement implementation flow and could be the result of non-optimal XDC constraints or non-optimal design architecture
Related violations: <none>

TIMING-16#303 Warning
Large setup violation  
There is a large setup violation of -5.962 ns between design_5_i/vga_0/U0/vga_instance/AXI_Stream_FIFO_inst/read_pointer_reg[0]_replica_1/C (clocked by clk_out1_design_5_clk_wiz_1_0) and design_5_i/vga_0/U0/vga_instance/display_image_inst/image_inst/use_image/RAM_reg_64_127_0_2/RAMC/WADR5 (clocked by clk_ip_out_clk_ip_core_1). Large setup violations at the end of those stages might be difficult to fix during the post-placement implementation flow and could be the result of non-optimal XDC constraints or non-optimal design architecture
Related violations: <none>

TIMING-16#304 Warning
Large setup violation  
There is a large setup violation of -5.962 ns between design_5_i/vga_0/U0/vga_instance/AXI_Stream_FIFO_inst/read_pointer_reg[0]_replica_1/C (clocked by clk_out1_design_5_clk_wiz_1_0) and design_5_i/vga_0/U0/vga_instance/display_image_inst/image_inst/use_image/RAM_reg_64_127_0_2/RAMD/WADR5 (clocked by clk_ip_out_clk_ip_core_1). Large setup violations at the end of those stages might be difficult to fix during the post-placement implementation flow and could be the result of non-optimal XDC constraints or non-optimal design architecture
Related violations: <none>

TIMING-16#305 Warning
Large setup violation  
There is a large setup violation of -5.964 ns between design_5_i/vga_0/U0/vga_instance/AXI_Stream_FIFO_inst/read_pointer_reg[0]_replica_1/C (clocked by clk_out1_design_5_clk_wiz_1_0) and design_5_i/vga_0/U0/vga_instance/display_image_inst/image_inst/use_image/RAM_reg_64_127_3_5/RAMA/WADR4 (clocked by clk_ip_out_clk_ip_core_1). Large setup violations at the end of those stages might be difficult to fix during the post-placement implementation flow and could be the result of non-optimal XDC constraints or non-optimal design architecture
Related violations: <none>

TIMING-16#306 Warning
Large setup violation  
There is a large setup violation of -5.964 ns between design_5_i/vga_0/U0/vga_instance/AXI_Stream_FIFO_inst/read_pointer_reg[0]_replica_1/C (clocked by clk_out1_design_5_clk_wiz_1_0) and design_5_i/vga_0/U0/vga_instance/display_image_inst/image_inst/use_image/RAM_reg_64_127_3_5/RAMB/WADR4 (clocked by clk_ip_out_clk_ip_core_1). Large setup violations at the end of those stages might be difficult to fix during the post-placement implementation flow and could be the result of non-optimal XDC constraints or non-optimal design architecture
Related violations: <none>

TIMING-16#307 Warning
Large setup violation  
There is a large setup violation of -5.964 ns between design_5_i/vga_0/U0/vga_instance/AXI_Stream_FIFO_inst/read_pointer_reg[0]_replica_1/C (clocked by clk_out1_design_5_clk_wiz_1_0) and design_5_i/vga_0/U0/vga_instance/display_image_inst/image_inst/use_image/RAM_reg_64_127_3_5/RAMC/WADR4 (clocked by clk_ip_out_clk_ip_core_1). Large setup violations at the end of those stages might be difficult to fix during the post-placement implementation flow and could be the result of non-optimal XDC constraints or non-optimal design architecture
Related violations: <none>

TIMING-16#308 Warning
Large setup violation  
There is a large setup violation of -5.964 ns between design_5_i/vga_0/U0/vga_instance/AXI_Stream_FIFO_inst/read_pointer_reg[0]_replica_1/C (clocked by clk_out1_design_5_clk_wiz_1_0) and design_5_i/vga_0/U0/vga_instance/display_image_inst/image_inst/use_image/RAM_reg_64_127_3_5/RAMD/WADR4 (clocked by clk_ip_out_clk_ip_core_1). Large setup violations at the end of those stages might be difficult to fix during the post-placement implementation flow and could be the result of non-optimal XDC constraints or non-optimal design architecture
Related violations: <none>

TIMING-16#309 Warning
Large setup violation  
There is a large setup violation of -5.966 ns between design_5_i/vga_0/U0/vga_instance/AXI_Stream_FIFO_inst/read_pointer_reg[0]_replica_1/C (clocked by clk_out1_design_5_clk_wiz_1_0) and design_5_i/vga_0/U0/vga_instance/display_image_inst/image_inst/use_image/RAM_reg_128_191_6_8/RAMA/WADR4 (clocked by clk_ip_out_clk_ip_core_1). Large setup violations at the end of those stages might be difficult to fix during the post-placement implementation flow and could be the result of non-optimal XDC constraints or non-optimal design architecture
Related violations: <none>

TIMING-16#310 Warning
Large setup violation  
There is a large setup violation of -5.966 ns between design_5_i/vga_0/U0/vga_instance/AXI_Stream_FIFO_inst/read_pointer_reg[0]_replica_1/C (clocked by clk_out1_design_5_clk_wiz_1_0) and design_5_i/vga_0/U0/vga_instance/display_image_inst/image_inst/use_image/RAM_reg_128_191_6_8/RAMB/WADR4 (clocked by clk_ip_out_clk_ip_core_1). Large setup violations at the end of those stages might be difficult to fix during the post-placement implementation flow and could be the result of non-optimal XDC constraints or non-optimal design architecture
Related violations: <none>

TIMING-16#311 Warning
Large setup violation  
There is a large setup violation of -5.966 ns between design_5_i/vga_0/U0/vga_instance/AXI_Stream_FIFO_inst/read_pointer_reg[0]_replica_1/C (clocked by clk_out1_design_5_clk_wiz_1_0) and design_5_i/vga_0/U0/vga_instance/display_image_inst/image_inst/use_image/RAM_reg_128_191_6_8/RAMC/WADR4 (clocked by clk_ip_out_clk_ip_core_1). Large setup violations at the end of those stages might be difficult to fix during the post-placement implementation flow and could be the result of non-optimal XDC constraints or non-optimal design architecture
Related violations: <none>

TIMING-16#312 Warning
Large setup violation  
There is a large setup violation of -5.966 ns between design_5_i/vga_0/U0/vga_instance/AXI_Stream_FIFO_inst/read_pointer_reg[0]_replica_1/C (clocked by clk_out1_design_5_clk_wiz_1_0) and design_5_i/vga_0/U0/vga_instance/display_image_inst/image_inst/use_image/RAM_reg_128_191_6_8/RAMD/WADR4 (clocked by clk_ip_out_clk_ip_core_1). Large setup violations at the end of those stages might be difficult to fix during the post-placement implementation flow and could be the result of non-optimal XDC constraints or non-optimal design architecture
Related violations: <none>

TIMING-16#313 Warning
Large setup violation  
There is a large setup violation of -5.969 ns between design_5_i/vga_0/U0/vga_instance/AXI_Stream_FIFO_inst/read_pointer_reg[0]_replica_1/C (clocked by clk_out1_design_5_clk_wiz_1_0) and design_5_i/vga_0/U0/vga_instance/display_image_inst/image_inst/use_image/RAM_reg_128_191_9_11/RAMA/WADR5 (clocked by clk_ip_out_clk_ip_core_1). Large setup violations at the end of those stages might be difficult to fix during the post-placement implementation flow and could be the result of non-optimal XDC constraints or non-optimal design architecture
Related violations: <none>

TIMING-16#314 Warning
Large setup violation  
There is a large setup violation of -5.969 ns between design_5_i/vga_0/U0/vga_instance/AXI_Stream_FIFO_inst/read_pointer_reg[0]_replica_1/C (clocked by clk_out1_design_5_clk_wiz_1_0) and design_5_i/vga_0/U0/vga_instance/display_image_inst/image_inst/use_image/RAM_reg_128_191_9_11/RAMB/WADR5 (clocked by clk_ip_out_clk_ip_core_1). Large setup violations at the end of those stages might be difficult to fix during the post-placement implementation flow and could be the result of non-optimal XDC constraints or non-optimal design architecture
Related violations: <none>

TIMING-16#315 Warning
Large setup violation  
There is a large setup violation of -5.969 ns between design_5_i/vga_0/U0/vga_instance/AXI_Stream_FIFO_inst/read_pointer_reg[0]_replica_1/C (clocked by clk_out1_design_5_clk_wiz_1_0) and design_5_i/vga_0/U0/vga_instance/display_image_inst/image_inst/use_image/RAM_reg_128_191_9_11/RAMC/WADR5 (clocked by clk_ip_out_clk_ip_core_1). Large setup violations at the end of those stages might be difficult to fix during the post-placement implementation flow and could be the result of non-optimal XDC constraints or non-optimal design architecture
Related violations: <none>

TIMING-16#316 Warning
Large setup violation  
There is a large setup violation of -5.969 ns between design_5_i/vga_0/U0/vga_instance/AXI_Stream_FIFO_inst/read_pointer_reg[0]_replica_1/C (clocked by clk_out1_design_5_clk_wiz_1_0) and design_5_i/vga_0/U0/vga_instance/display_image_inst/image_inst/use_image/RAM_reg_128_191_9_11/RAMD/WADR5 (clocked by clk_ip_out_clk_ip_core_1). Large setup violations at the end of those stages might be difficult to fix during the post-placement implementation flow and could be the result of non-optimal XDC constraints or non-optimal design architecture
Related violations: <none>

TIMING-16#317 Warning
Large setup violation  
There is a large setup violation of -5.969 ns between design_5_i/vga_0/U0/vga_instance/AXI_Stream_FIFO_inst/read_pointer_reg[3]/C (clocked by clk_out1_design_5_clk_wiz_1_0) and design_5_i/vga_0/U0/vga_instance/display_image_inst/image_inst/use_image/RAM_reg_0_63_9_11/RAMB/I (clocked by clk_ip_out_clk_ip_core_1). Large setup violations at the end of those stages might be difficult to fix during the post-placement implementation flow and could be the result of non-optimal XDC constraints or non-optimal design architecture
Related violations: <none>

TIMING-16#318 Warning
Large setup violation  
There is a large setup violation of -5.973 ns between design_5_i/vga_0/U0/vga_instance/AXI_Stream_FIFO_inst/read_pointer_reg[3]/C (clocked by clk_out1_design_5_clk_wiz_1_0) and design_5_i/vga_0/U0/vga_instance/display_image_inst/image_inst/use_image/RAM_reg_128_191_6_8/RAMA/WADR3 (clocked by clk_ip_out_clk_ip_core_1). Large setup violations at the end of those stages might be difficult to fix during the post-placement implementation flow and could be the result of non-optimal XDC constraints or non-optimal design architecture
Related violations: <none>

TIMING-16#319 Warning
Large setup violation  
There is a large setup violation of -5.973 ns between design_5_i/vga_0/U0/vga_instance/AXI_Stream_FIFO_inst/read_pointer_reg[3]/C (clocked by clk_out1_design_5_clk_wiz_1_0) and design_5_i/vga_0/U0/vga_instance/display_image_inst/image_inst/use_image/RAM_reg_128_191_6_8/RAMB/WADR3 (clocked by clk_ip_out_clk_ip_core_1). Large setup violations at the end of those stages might be difficult to fix during the post-placement implementation flow and could be the result of non-optimal XDC constraints or non-optimal design architecture
Related violations: <none>

TIMING-16#320 Warning
Large setup violation  
There is a large setup violation of -5.973 ns between design_5_i/vga_0/U0/vga_instance/AXI_Stream_FIFO_inst/read_pointer_reg[3]/C (clocked by clk_out1_design_5_clk_wiz_1_0) and design_5_i/vga_0/U0/vga_instance/display_image_inst/image_inst/use_image/RAM_reg_128_191_6_8/RAMC/WADR3 (clocked by clk_ip_out_clk_ip_core_1). Large setup violations at the end of those stages might be difficult to fix during the post-placement implementation flow and could be the result of non-optimal XDC constraints or non-optimal design architecture
Related violations: <none>

TIMING-16#321 Warning
Large setup violation  
There is a large setup violation of -5.973 ns between design_5_i/vga_0/U0/vga_instance/AXI_Stream_FIFO_inst/read_pointer_reg[3]/C (clocked by clk_out1_design_5_clk_wiz_1_0) and design_5_i/vga_0/U0/vga_instance/display_image_inst/image_inst/use_image/RAM_reg_128_191_6_8/RAMD/WADR3 (clocked by clk_ip_out_clk_ip_core_1). Large setup violations at the end of those stages might be difficult to fix during the post-placement implementation flow and could be the result of non-optimal XDC constraints or non-optimal design architecture
Related violations: <none>

TIMING-16#322 Warning
Large setup violation  
There is a large setup violation of -5.977 ns between design_5_i/vga_0/U0/vga_instance/AXI_Stream_FIFO_inst/read_pointer_reg[3]/C (clocked by clk_out1_design_5_clk_wiz_1_0) and design_5_i/vga_0/U0/vga_instance/display_image_inst/image_inst/use_image/RAM_reg_0_63_3_5/RAMA/WADR1 (clocked by clk_ip_out_clk_ip_core_1). Large setup violations at the end of those stages might be difficult to fix during the post-placement implementation flow and could be the result of non-optimal XDC constraints or non-optimal design architecture
Related violations: <none>

TIMING-16#323 Warning
Large setup violation  
There is a large setup violation of -5.977 ns between design_5_i/vga_0/U0/vga_instance/AXI_Stream_FIFO_inst/read_pointer_reg[3]/C (clocked by clk_out1_design_5_clk_wiz_1_0) and design_5_i/vga_0/U0/vga_instance/display_image_inst/image_inst/use_image/RAM_reg_0_63_3_5/RAMB/WADR1 (clocked by clk_ip_out_clk_ip_core_1). Large setup violations at the end of those stages might be difficult to fix during the post-placement implementation flow and could be the result of non-optimal XDC constraints or non-optimal design architecture
Related violations: <none>

TIMING-16#324 Warning
Large setup violation  
There is a large setup violation of -5.977 ns between design_5_i/vga_0/U0/vga_instance/AXI_Stream_FIFO_inst/read_pointer_reg[3]/C (clocked by clk_out1_design_5_clk_wiz_1_0) and design_5_i/vga_0/U0/vga_instance/display_image_inst/image_inst/use_image/RAM_reg_0_63_3_5/RAMC/WADR1 (clocked by clk_ip_out_clk_ip_core_1). Large setup violations at the end of those stages might be difficult to fix during the post-placement implementation flow and could be the result of non-optimal XDC constraints or non-optimal design architecture
Related violations: <none>

TIMING-16#325 Warning
Large setup violation  
There is a large setup violation of -5.977 ns between design_5_i/vga_0/U0/vga_instance/AXI_Stream_FIFO_inst/read_pointer_reg[3]/C (clocked by clk_out1_design_5_clk_wiz_1_0) and design_5_i/vga_0/U0/vga_instance/display_image_inst/image_inst/use_image/RAM_reg_0_63_3_5/RAMD/WADR1 (clocked by clk_ip_out_clk_ip_core_1). Large setup violations at the end of those stages might be difficult to fix during the post-placement implementation flow and could be the result of non-optimal XDC constraints or non-optimal design architecture
Related violations: <none>

TIMING-16#326 Warning
Large setup violation  
There is a large setup violation of -5.979 ns between design_5_i/vga_0/U0/vga_instance/AXI_Stream_FIFO_inst/read_pointer_reg[3]/C (clocked by clk_out1_design_5_clk_wiz_1_0) and design_5_i/vga_0/U0/vga_instance/display_image_inst/image_inst/use_image/RAM_reg_192_255_3_5/RAMA/WADR3 (clocked by clk_ip_out_clk_ip_core_1). Large setup violations at the end of those stages might be difficult to fix during the post-placement implementation flow and could be the result of non-optimal XDC constraints or non-optimal design architecture
Related violations: <none>

TIMING-16#327 Warning
Large setup violation  
There is a large setup violation of -5.979 ns between design_5_i/vga_0/U0/vga_instance/AXI_Stream_FIFO_inst/read_pointer_reg[3]/C (clocked by clk_out1_design_5_clk_wiz_1_0) and design_5_i/vga_0/U0/vga_instance/display_image_inst/image_inst/use_image/RAM_reg_192_255_3_5/RAMB/WADR3 (clocked by clk_ip_out_clk_ip_core_1). Large setup violations at the end of those stages might be difficult to fix during the post-placement implementation flow and could be the result of non-optimal XDC constraints or non-optimal design architecture
Related violations: <none>

TIMING-16#328 Warning
Large setup violation  
There is a large setup violation of -5.979 ns between design_5_i/vga_0/U0/vga_instance/AXI_Stream_FIFO_inst/read_pointer_reg[3]/C (clocked by clk_out1_design_5_clk_wiz_1_0) and design_5_i/vga_0/U0/vga_instance/display_image_inst/image_inst/use_image/RAM_reg_192_255_3_5/RAMC/WADR3 (clocked by clk_ip_out_clk_ip_core_1). Large setup violations at the end of those stages might be difficult to fix during the post-placement implementation flow and could be the result of non-optimal XDC constraints or non-optimal design architecture
Related violations: <none>

TIMING-16#329 Warning
Large setup violation  
There is a large setup violation of -5.979 ns between design_5_i/vga_0/U0/vga_instance/AXI_Stream_FIFO_inst/read_pointer_reg[3]/C (clocked by clk_out1_design_5_clk_wiz_1_0) and design_5_i/vga_0/U0/vga_instance/display_image_inst/image_inst/use_image/RAM_reg_192_255_3_5/RAMD/WADR3 (clocked by clk_ip_out_clk_ip_core_1). Large setup violations at the end of those stages might be difficult to fix during the post-placement implementation flow and could be the result of non-optimal XDC constraints or non-optimal design architecture
Related violations: <none>

TIMING-16#330 Warning
Large setup violation  
There is a large setup violation of -5.980 ns between design_5_i/vga_0/U0/vga_instance/AXI_Stream_FIFO_inst/read_pointer_reg[3]/C (clocked by clk_out1_design_5_clk_wiz_1_0) and design_5_i/vga_0/U0/vga_instance/display_image_inst/image_inst/use_image/RAM_reg_192_255_9_11/RAMB/I (clocked by clk_ip_out_clk_ip_core_1). Large setup violations at the end of those stages might be difficult to fix during the post-placement implementation flow and could be the result of non-optimal XDC constraints or non-optimal design architecture
Related violations: <none>

TIMING-16#331 Warning
Large setup violation  
There is a large setup violation of -5.982 ns between design_5_i/vga_0/U0/vga_instance/AXI_Stream_FIFO_inst/read_pointer_reg[0]_replica_1/C (clocked by clk_out1_design_5_clk_wiz_1_0) and design_5_i/vga_0/U0/vga_instance/display_image_inst/image_inst/use_image/RAM_reg_128_191_9_11/RAMA/WADR4 (clocked by clk_ip_out_clk_ip_core_1). Large setup violations at the end of those stages might be difficult to fix during the post-placement implementation flow and could be the result of non-optimal XDC constraints or non-optimal design architecture
Related violations: <none>

TIMING-16#332 Warning
Large setup violation  
There is a large setup violation of -5.982 ns between design_5_i/vga_0/U0/vga_instance/AXI_Stream_FIFO_inst/read_pointer_reg[0]_replica_1/C (clocked by clk_out1_design_5_clk_wiz_1_0) and design_5_i/vga_0/U0/vga_instance/display_image_inst/image_inst/use_image/RAM_reg_128_191_9_11/RAMB/WADR4 (clocked by clk_ip_out_clk_ip_core_1). Large setup violations at the end of those stages might be difficult to fix during the post-placement implementation flow and could be the result of non-optimal XDC constraints or non-optimal design architecture
Related violations: <none>

TIMING-16#333 Warning
Large setup violation  
There is a large setup violation of -5.982 ns between design_5_i/vga_0/U0/vga_instance/AXI_Stream_FIFO_inst/read_pointer_reg[0]_replica_1/C (clocked by clk_out1_design_5_clk_wiz_1_0) and design_5_i/vga_0/U0/vga_instance/display_image_inst/image_inst/use_image/RAM_reg_128_191_9_11/RAMC/WADR4 (clocked by clk_ip_out_clk_ip_core_1). Large setup violations at the end of those stages might be difficult to fix during the post-placement implementation flow and could be the result of non-optimal XDC constraints or non-optimal design architecture
Related violations: <none>

TIMING-16#334 Warning
Large setup violation  
There is a large setup violation of -5.982 ns between design_5_i/vga_0/U0/vga_instance/AXI_Stream_FIFO_inst/read_pointer_reg[0]_replica_1/C (clocked by clk_out1_design_5_clk_wiz_1_0) and design_5_i/vga_0/U0/vga_instance/display_image_inst/image_inst/use_image/RAM_reg_128_191_9_11/RAMD/WADR4 (clocked by clk_ip_out_clk_ip_core_1). Large setup violations at the end of those stages might be difficult to fix during the post-placement implementation flow and could be the result of non-optimal XDC constraints or non-optimal design architecture
Related violations: <none>

TIMING-16#335 Warning
Large setup violation  
There is a large setup violation of -5.984 ns between design_5_i/vga_0/U0/vga_instance/AXI_Stream_FIFO_inst/read_pointer_reg[3]/C (clocked by clk_out1_design_5_clk_wiz_1_0) and design_5_i/vga_0/U0/vga_instance/display_image_inst/image_inst/use_image/RAM_reg_128_191_9_11/RAMB/I (clocked by clk_ip_out_clk_ip_core_1). Large setup violations at the end of those stages might be difficult to fix during the post-placement implementation flow and could be the result of non-optimal XDC constraints or non-optimal design architecture
Related violations: <none>

TIMING-16#336 Warning
Large setup violation  
There is a large setup violation of -5.986 ns between design_5_i/vga_0/U0/vga_instance/AXI_Stream_FIFO_inst/read_pointer_reg[3]/C (clocked by clk_out1_design_5_clk_wiz_1_0) and design_5_i/vga_0/U0/vga_instance/display_image_inst/image_inst/use_image/RAM_reg_128_191_0_2/RAMA/WADR2 (clocked by clk_ip_out_clk_ip_core_1). Large setup violations at the end of those stages might be difficult to fix during the post-placement implementation flow and could be the result of non-optimal XDC constraints or non-optimal design architecture
Related violations: <none>

TIMING-16#337 Warning
Large setup violation  
There is a large setup violation of -5.986 ns between design_5_i/vga_0/U0/vga_instance/AXI_Stream_FIFO_inst/read_pointer_reg[3]/C (clocked by clk_out1_design_5_clk_wiz_1_0) and design_5_i/vga_0/U0/vga_instance/display_image_inst/image_inst/use_image/RAM_reg_128_191_0_2/RAMB/WADR2 (clocked by clk_ip_out_clk_ip_core_1). Large setup violations at the end of those stages might be difficult to fix during the post-placement implementation flow and could be the result of non-optimal XDC constraints or non-optimal design architecture
Related violations: <none>

TIMING-16#338 Warning
Large setup violation  
There is a large setup violation of -5.986 ns between design_5_i/vga_0/U0/vga_instance/AXI_Stream_FIFO_inst/read_pointer_reg[3]/C (clocked by clk_out1_design_5_clk_wiz_1_0) and design_5_i/vga_0/U0/vga_instance/display_image_inst/image_inst/use_image/RAM_reg_128_191_0_2/RAMC/WADR2 (clocked by clk_ip_out_clk_ip_core_1). Large setup violations at the end of those stages might be difficult to fix during the post-placement implementation flow and could be the result of non-optimal XDC constraints or non-optimal design architecture
Related violations: <none>

TIMING-16#339 Warning
Large setup violation  
There is a large setup violation of -5.986 ns between design_5_i/vga_0/U0/vga_instance/AXI_Stream_FIFO_inst/read_pointer_reg[3]/C (clocked by clk_out1_design_5_clk_wiz_1_0) and design_5_i/vga_0/U0/vga_instance/display_image_inst/image_inst/use_image/RAM_reg_128_191_0_2/RAMD/WADR2 (clocked by clk_ip_out_clk_ip_core_1). Large setup violations at the end of those stages might be difficult to fix during the post-placement implementation flow and could be the result of non-optimal XDC constraints or non-optimal design architecture
Related violations: <none>

TIMING-16#340 Warning
Large setup violation  
There is a large setup violation of -5.989 ns between design_5_i/vga_0/U0/vga_instance/AXI_Stream_FIFO_inst/read_pointer_reg[3]/C (clocked by clk_out1_design_5_clk_wiz_1_0) and design_5_i/vga_0/U0/vga_instance/display_image_inst/image_inst/use_image/RAM_reg_0_63_0_2/RAMA/WADR3 (clocked by clk_ip_out_clk_ip_core_1). Large setup violations at the end of those stages might be difficult to fix during the post-placement implementation flow and could be the result of non-optimal XDC constraints or non-optimal design architecture
Related violations: <none>

TIMING-16#341 Warning
Large setup violation  
There is a large setup violation of -5.989 ns between design_5_i/vga_0/U0/vga_instance/AXI_Stream_FIFO_inst/read_pointer_reg[3]/C (clocked by clk_out1_design_5_clk_wiz_1_0) and design_5_i/vga_0/U0/vga_instance/display_image_inst/image_inst/use_image/RAM_reg_0_63_0_2/RAMB/WADR3 (clocked by clk_ip_out_clk_ip_core_1). Large setup violations at the end of those stages might be difficult to fix during the post-placement implementation flow and could be the result of non-optimal XDC constraints or non-optimal design architecture
Related violations: <none>

TIMING-16#342 Warning
Large setup violation  
There is a large setup violation of -5.989 ns between design_5_i/vga_0/U0/vga_instance/AXI_Stream_FIFO_inst/read_pointer_reg[3]/C (clocked by clk_out1_design_5_clk_wiz_1_0) and design_5_i/vga_0/U0/vga_instance/display_image_inst/image_inst/use_image/RAM_reg_0_63_0_2/RAMC/WADR3 (clocked by clk_ip_out_clk_ip_core_1). Large setup violations at the end of those stages might be difficult to fix during the post-placement implementation flow and could be the result of non-optimal XDC constraints or non-optimal design architecture
Related violations: <none>

TIMING-16#343 Warning
Large setup violation  
There is a large setup violation of -5.989 ns between design_5_i/vga_0/U0/vga_instance/AXI_Stream_FIFO_inst/read_pointer_reg[3]/C (clocked by clk_out1_design_5_clk_wiz_1_0) and design_5_i/vga_0/U0/vga_instance/display_image_inst/image_inst/use_image/RAM_reg_0_63_0_2/RAMD/WADR3 (clocked by clk_ip_out_clk_ip_core_1). Large setup violations at the end of those stages might be difficult to fix during the post-placement implementation flow and could be the result of non-optimal XDC constraints or non-optimal design architecture
Related violations: <none>

TIMING-16#344 Warning
Large setup violation  
There is a large setup violation of -5.990 ns between design_5_i/vga_0/U0/vga_instance/AXI_Stream_FIFO_inst/read_pointer_reg[2]/C (clocked by clk_out1_design_5_clk_wiz_1_0) and design_5_i/vga_0/U0/vga_instance/display_image_inst/image_inst/use_image/RAM_reg_64_127_6_8/RAMA/WE (clocked by clk_ip_out_clk_ip_core_1). Large setup violations at the end of those stages might be difficult to fix during the post-placement implementation flow and could be the result of non-optimal XDC constraints or non-optimal design architecture
Related violations: <none>

TIMING-16#345 Warning
Large setup violation  
There is a large setup violation of -5.990 ns between design_5_i/vga_0/U0/vga_instance/AXI_Stream_FIFO_inst/read_pointer_reg[2]/C (clocked by clk_out1_design_5_clk_wiz_1_0) and design_5_i/vga_0/U0/vga_instance/display_image_inst/image_inst/use_image/RAM_reg_64_127_6_8/RAMB/WE (clocked by clk_ip_out_clk_ip_core_1). Large setup violations at the end of those stages might be difficult to fix during the post-placement implementation flow and could be the result of non-optimal XDC constraints or non-optimal design architecture
Related violations: <none>

TIMING-16#346 Warning
Large setup violation  
There is a large setup violation of -5.990 ns between design_5_i/vga_0/U0/vga_instance/AXI_Stream_FIFO_inst/read_pointer_reg[2]/C (clocked by clk_out1_design_5_clk_wiz_1_0) and design_5_i/vga_0/U0/vga_instance/display_image_inst/image_inst/use_image/RAM_reg_64_127_6_8/RAMC/WE (clocked by clk_ip_out_clk_ip_core_1). Large setup violations at the end of those stages might be difficult to fix during the post-placement implementation flow and could be the result of non-optimal XDC constraints or non-optimal design architecture
Related violations: <none>

TIMING-16#347 Warning
Large setup violation  
There is a large setup violation of -5.990 ns between design_5_i/vga_0/U0/vga_instance/AXI_Stream_FIFO_inst/read_pointer_reg[2]/C (clocked by clk_out1_design_5_clk_wiz_1_0) and design_5_i/vga_0/U0/vga_instance/display_image_inst/image_inst/use_image/RAM_reg_64_127_6_8/RAMD/WE (clocked by clk_ip_out_clk_ip_core_1). Large setup violations at the end of those stages might be difficult to fix during the post-placement implementation flow and could be the result of non-optimal XDC constraints or non-optimal design architecture
Related violations: <none>

TIMING-16#348 Warning
Large setup violation  
There is a large setup violation of -5.994 ns between design_5_i/vga_0/U0/vga_instance/AXI_Stream_FIFO_inst/read_pointer_reg[3]/C (clocked by clk_out1_design_5_clk_wiz_1_0) and design_5_i/vga_0/U0/vga_instance/display_image_inst/image_inst/use_image/RAM_reg_64_127_3_5/RAMA/WADR2 (clocked by clk_ip_out_clk_ip_core_1). Large setup violations at the end of those stages might be difficult to fix during the post-placement implementation flow and could be the result of non-optimal XDC constraints or non-optimal design architecture
Related violations: <none>

TIMING-16#349 Warning
Large setup violation  
There is a large setup violation of -5.994 ns between design_5_i/vga_0/U0/vga_instance/AXI_Stream_FIFO_inst/read_pointer_reg[3]/C (clocked by clk_out1_design_5_clk_wiz_1_0) and design_5_i/vga_0/U0/vga_instance/display_image_inst/image_inst/use_image/RAM_reg_64_127_3_5/RAMB/WADR2 (clocked by clk_ip_out_clk_ip_core_1). Large setup violations at the end of those stages might be difficult to fix during the post-placement implementation flow and could be the result of non-optimal XDC constraints or non-optimal design architecture
Related violations: <none>

TIMING-16#350 Warning
Large setup violation  
There is a large setup violation of -5.994 ns between design_5_i/vga_0/U0/vga_instance/AXI_Stream_FIFO_inst/read_pointer_reg[3]/C (clocked by clk_out1_design_5_clk_wiz_1_0) and design_5_i/vga_0/U0/vga_instance/display_image_inst/image_inst/use_image/RAM_reg_64_127_3_5/RAMC/WADR2 (clocked by clk_ip_out_clk_ip_core_1). Large setup violations at the end of those stages might be difficult to fix during the post-placement implementation flow and could be the result of non-optimal XDC constraints or non-optimal design architecture
Related violations: <none>

TIMING-16#351 Warning
Large setup violation  
There is a large setup violation of -5.994 ns between design_5_i/vga_0/U0/vga_instance/AXI_Stream_FIFO_inst/read_pointer_reg[3]/C (clocked by clk_out1_design_5_clk_wiz_1_0) and design_5_i/vga_0/U0/vga_instance/display_image_inst/image_inst/use_image/RAM_reg_64_127_3_5/RAMD/WADR2 (clocked by clk_ip_out_clk_ip_core_1). Large setup violations at the end of those stages might be difficult to fix during the post-placement implementation flow and could be the result of non-optimal XDC constraints or non-optimal design architecture
Related violations: <none>

TIMING-16#352 Warning
Large setup violation  
There is a large setup violation of -5.998 ns between design_5_i/vga_0/U0/vga_instance/AXI_Stream_FIFO_inst/read_pointer_reg[3]/C (clocked by clk_out1_design_5_clk_wiz_1_0) and design_5_i/vga_0/U0/vga_instance/display_image_inst/image_inst/use_image/RAM_reg_64_127_9_11/RAMA/WADR3 (clocked by clk_ip_out_clk_ip_core_1). Large setup violations at the end of those stages might be difficult to fix during the post-placement implementation flow and could be the result of non-optimal XDC constraints or non-optimal design architecture
Related violations: <none>

TIMING-16#353 Warning
Large setup violation  
There is a large setup violation of -5.998 ns between design_5_i/vga_0/U0/vga_instance/AXI_Stream_FIFO_inst/read_pointer_reg[3]/C (clocked by clk_out1_design_5_clk_wiz_1_0) and design_5_i/vga_0/U0/vga_instance/display_image_inst/image_inst/use_image/RAM_reg_64_127_9_11/RAMB/WADR3 (clocked by clk_ip_out_clk_ip_core_1). Large setup violations at the end of those stages might be difficult to fix during the post-placement implementation flow and could be the result of non-optimal XDC constraints or non-optimal design architecture
Related violations: <none>

TIMING-16#354 Warning
Large setup violation  
There is a large setup violation of -5.998 ns between design_5_i/vga_0/U0/vga_instance/AXI_Stream_FIFO_inst/read_pointer_reg[3]/C (clocked by clk_out1_design_5_clk_wiz_1_0) and design_5_i/vga_0/U0/vga_instance/display_image_inst/image_inst/use_image/RAM_reg_64_127_9_11/RAMC/WADR3 (clocked by clk_ip_out_clk_ip_core_1). Large setup violations at the end of those stages might be difficult to fix during the post-placement implementation flow and could be the result of non-optimal XDC constraints or non-optimal design architecture
Related violations: <none>

TIMING-16#355 Warning
Large setup violation  
There is a large setup violation of -5.998 ns between design_5_i/vga_0/U0/vga_instance/AXI_Stream_FIFO_inst/read_pointer_reg[3]/C (clocked by clk_out1_design_5_clk_wiz_1_0) and design_5_i/vga_0/U0/vga_instance/display_image_inst/image_inst/use_image/RAM_reg_64_127_9_11/RAMD/WADR3 (clocked by clk_ip_out_clk_ip_core_1). Large setup violations at the end of those stages might be difficult to fix during the post-placement implementation flow and could be the result of non-optimal XDC constraints or non-optimal design architecture
Related violations: <none>

TIMING-16#356 Warning
Large setup violation  
There is a large setup violation of -5.999 ns between design_5_i/vga_0/U0/vga_instance/AXI_Stream_FIFO_inst/read_pointer_reg[0]_replica_1/C (clocked by clk_out1_design_5_clk_wiz_1_0) and design_5_i/vga_0/U0/vga_instance/display_image_inst/image_inst/use_image/RAM_reg_64_127_0_2/RAMA/WADR4 (clocked by clk_ip_out_clk_ip_core_1). Large setup violations at the end of those stages might be difficult to fix during the post-placement implementation flow and could be the result of non-optimal XDC constraints or non-optimal design architecture
Related violations: <none>

TIMING-16#357 Warning
Large setup violation  
There is a large setup violation of -5.999 ns between design_5_i/vga_0/U0/vga_instance/AXI_Stream_FIFO_inst/read_pointer_reg[0]_replica_1/C (clocked by clk_out1_design_5_clk_wiz_1_0) and design_5_i/vga_0/U0/vga_instance/display_image_inst/image_inst/use_image/RAM_reg_64_127_0_2/RAMB/WADR4 (clocked by clk_ip_out_clk_ip_core_1). Large setup violations at the end of those stages might be difficult to fix during the post-placement implementation flow and could be the result of non-optimal XDC constraints or non-optimal design architecture
Related violations: <none>

TIMING-16#358 Warning
Large setup violation  
There is a large setup violation of -5.999 ns between design_5_i/vga_0/U0/vga_instance/AXI_Stream_FIFO_inst/read_pointer_reg[0]_replica_1/C (clocked by clk_out1_design_5_clk_wiz_1_0) and design_5_i/vga_0/U0/vga_instance/display_image_inst/image_inst/use_image/RAM_reg_64_127_0_2/RAMC/WADR4 (clocked by clk_ip_out_clk_ip_core_1). Large setup violations at the end of those stages might be difficult to fix during the post-placement implementation flow and could be the result of non-optimal XDC constraints or non-optimal design architecture
Related violations: <none>

TIMING-16#359 Warning
Large setup violation  
There is a large setup violation of -5.999 ns between design_5_i/vga_0/U0/vga_instance/AXI_Stream_FIFO_inst/read_pointer_reg[0]_replica_1/C (clocked by clk_out1_design_5_clk_wiz_1_0) and design_5_i/vga_0/U0/vga_instance/display_image_inst/image_inst/use_image/RAM_reg_64_127_0_2/RAMD/WADR4 (clocked by clk_ip_out_clk_ip_core_1). Large setup violations at the end of those stages might be difficult to fix during the post-placement implementation flow and could be the result of non-optimal XDC constraints or non-optimal design architecture
Related violations: <none>

TIMING-16#360 Warning
Large setup violation  
There is a large setup violation of -6.000 ns between design_5_i/vga_0/U0/vga_instance/AXI_Stream_FIFO_inst/read_pointer_reg[0]_replica_1/C (clocked by clk_out1_design_5_clk_wiz_1_0) and design_5_i/vga_0/U0/vga_instance/display_image_inst/image_inst/use_image/RAM_reg_128_191_0_2/RAMA/WADR4 (clocked by clk_ip_out_clk_ip_core_1). Large setup violations at the end of those stages might be difficult to fix during the post-placement implementation flow and could be the result of non-optimal XDC constraints or non-optimal design architecture
Related violations: <none>

TIMING-16#361 Warning
Large setup violation  
There is a large setup violation of -6.000 ns between design_5_i/vga_0/U0/vga_instance/AXI_Stream_FIFO_inst/read_pointer_reg[0]_replica_1/C (clocked by clk_out1_design_5_clk_wiz_1_0) and design_5_i/vga_0/U0/vga_instance/display_image_inst/image_inst/use_image/RAM_reg_128_191_0_2/RAMB/WADR4 (clocked by clk_ip_out_clk_ip_core_1). Large setup violations at the end of those stages might be difficult to fix during the post-placement implementation flow and could be the result of non-optimal XDC constraints or non-optimal design architecture
Related violations: <none>

TIMING-16#362 Warning
Large setup violation  
There is a large setup violation of -6.000 ns between design_5_i/vga_0/U0/vga_instance/AXI_Stream_FIFO_inst/read_pointer_reg[0]_replica_1/C (clocked by clk_out1_design_5_clk_wiz_1_0) and design_5_i/vga_0/U0/vga_instance/display_image_inst/image_inst/use_image/RAM_reg_128_191_0_2/RAMC/WADR4 (clocked by clk_ip_out_clk_ip_core_1). Large setup violations at the end of those stages might be difficult to fix during the post-placement implementation flow and could be the result of non-optimal XDC constraints or non-optimal design architecture
Related violations: <none>

TIMING-16#363 Warning
Large setup violation  
There is a large setup violation of -6.000 ns between design_5_i/vga_0/U0/vga_instance/AXI_Stream_FIFO_inst/read_pointer_reg[0]_replica_1/C (clocked by clk_out1_design_5_clk_wiz_1_0) and design_5_i/vga_0/U0/vga_instance/display_image_inst/image_inst/use_image/RAM_reg_128_191_0_2/RAMD/WADR4 (clocked by clk_ip_out_clk_ip_core_1). Large setup violations at the end of those stages might be difficult to fix during the post-placement implementation flow and could be the result of non-optimal XDC constraints or non-optimal design architecture
Related violations: <none>

TIMING-16#364 Warning
Large setup violation  
There is a large setup violation of -6.002 ns between design_5_i/vga_0/U0/vga_instance/AXI_Stream_FIFO_inst/read_pointer_reg[2]/C (clocked by clk_out1_design_5_clk_wiz_1_0) and design_5_i/vga_0/U0/vga_instance/display_image_inst/image_inst/use_image/RAM_reg_64_127_0_2/RAMA/WE (clocked by clk_ip_out_clk_ip_core_1). Large setup violations at the end of those stages might be difficult to fix during the post-placement implementation flow and could be the result of non-optimal XDC constraints or non-optimal design architecture
Related violations: <none>

TIMING-16#365 Warning
Large setup violation  
There is a large setup violation of -6.002 ns between design_5_i/vga_0/U0/vga_instance/AXI_Stream_FIFO_inst/read_pointer_reg[2]/C (clocked by clk_out1_design_5_clk_wiz_1_0) and design_5_i/vga_0/U0/vga_instance/display_image_inst/image_inst/use_image/RAM_reg_64_127_0_2/RAMB/WE (clocked by clk_ip_out_clk_ip_core_1). Large setup violations at the end of those stages might be difficult to fix during the post-placement implementation flow and could be the result of non-optimal XDC constraints or non-optimal design architecture
Related violations: <none>

TIMING-16#366 Warning
Large setup violation  
There is a large setup violation of -6.002 ns between design_5_i/vga_0/U0/vga_instance/AXI_Stream_FIFO_inst/read_pointer_reg[2]/C (clocked by clk_out1_design_5_clk_wiz_1_0) and design_5_i/vga_0/U0/vga_instance/display_image_inst/image_inst/use_image/RAM_reg_64_127_0_2/RAMC/WE (clocked by clk_ip_out_clk_ip_core_1). Large setup violations at the end of those stages might be difficult to fix during the post-placement implementation flow and could be the result of non-optimal XDC constraints or non-optimal design architecture
Related violations: <none>

TIMING-16#367 Warning
Large setup violation  
There is a large setup violation of -6.002 ns between design_5_i/vga_0/U0/vga_instance/AXI_Stream_FIFO_inst/read_pointer_reg[2]/C (clocked by clk_out1_design_5_clk_wiz_1_0) and design_5_i/vga_0/U0/vga_instance/display_image_inst/image_inst/use_image/RAM_reg_64_127_0_2/RAMD/WE (clocked by clk_ip_out_clk_ip_core_1). Large setup violations at the end of those stages might be difficult to fix during the post-placement implementation flow and could be the result of non-optimal XDC constraints or non-optimal design architecture
Related violations: <none>

TIMING-16#368 Warning
Large setup violation  
There is a large setup violation of -6.004 ns between design_5_i/vga_0/U0/vga_instance/AXI_Stream_FIFO_inst/read_pointer_reg[0]_replica_1/C (clocked by clk_out1_design_5_clk_wiz_1_0) and design_5_i/vga_0/U0/vga_instance/display_image_inst/image_inst/use_image/RAM_reg_192_255_6_8/RAMA/WADR4 (clocked by clk_ip_out_clk_ip_core_1). Large setup violations at the end of those stages might be difficult to fix during the post-placement implementation flow and could be the result of non-optimal XDC constraints or non-optimal design architecture
Related violations: <none>

TIMING-16#369 Warning
Large setup violation  
There is a large setup violation of -6.004 ns between design_5_i/vga_0/U0/vga_instance/AXI_Stream_FIFO_inst/read_pointer_reg[0]_replica_1/C (clocked by clk_out1_design_5_clk_wiz_1_0) and design_5_i/vga_0/U0/vga_instance/display_image_inst/image_inst/use_image/RAM_reg_192_255_6_8/RAMB/WADR4 (clocked by clk_ip_out_clk_ip_core_1). Large setup violations at the end of those stages might be difficult to fix during the post-placement implementation flow and could be the result of non-optimal XDC constraints or non-optimal design architecture
Related violations: <none>

TIMING-16#370 Warning
Large setup violation  
There is a large setup violation of -6.004 ns between design_5_i/vga_0/U0/vga_instance/AXI_Stream_FIFO_inst/read_pointer_reg[0]_replica_1/C (clocked by clk_out1_design_5_clk_wiz_1_0) and design_5_i/vga_0/U0/vga_instance/display_image_inst/image_inst/use_image/RAM_reg_192_255_6_8/RAMC/WADR4 (clocked by clk_ip_out_clk_ip_core_1). Large setup violations at the end of those stages might be difficult to fix during the post-placement implementation flow and could be the result of non-optimal XDC constraints or non-optimal design architecture
Related violations: <none>

TIMING-16#371 Warning
Large setup violation  
There is a large setup violation of -6.004 ns between design_5_i/vga_0/U0/vga_instance/AXI_Stream_FIFO_inst/read_pointer_reg[0]_replica_1/C (clocked by clk_out1_design_5_clk_wiz_1_0) and design_5_i/vga_0/U0/vga_instance/display_image_inst/image_inst/use_image/RAM_reg_192_255_6_8/RAMD/WADR4 (clocked by clk_ip_out_clk_ip_core_1). Large setup violations at the end of those stages might be difficult to fix during the post-placement implementation flow and could be the result of non-optimal XDC constraints or non-optimal design architecture
Related violations: <none>

TIMING-16#372 Warning
Large setup violation  
There is a large setup violation of -6.007 ns between design_5_i/vga_0/U0/vga_instance/AXI_Stream_FIFO_inst/read_pointer_reg[3]/C (clocked by clk_out1_design_5_clk_wiz_1_0) and design_5_i/vga_0/U0/vga_instance/display_image_inst/image_inst/use_image/RAM_reg_64_127_9_11/RAMA/WADR1 (clocked by clk_ip_out_clk_ip_core_1). Large setup violations at the end of those stages might be difficult to fix during the post-placement implementation flow and could be the result of non-optimal XDC constraints or non-optimal design architecture
Related violations: <none>

TIMING-16#373 Warning
Large setup violation  
There is a large setup violation of -6.007 ns between design_5_i/vga_0/U0/vga_instance/AXI_Stream_FIFO_inst/read_pointer_reg[3]/C (clocked by clk_out1_design_5_clk_wiz_1_0) and design_5_i/vga_0/U0/vga_instance/display_image_inst/image_inst/use_image/RAM_reg_64_127_9_11/RAMB/WADR1 (clocked by clk_ip_out_clk_ip_core_1). Large setup violations at the end of those stages might be difficult to fix during the post-placement implementation flow and could be the result of non-optimal XDC constraints or non-optimal design architecture
Related violations: <none>

TIMING-16#374 Warning
Large setup violation  
There is a large setup violation of -6.007 ns between design_5_i/vga_0/U0/vga_instance/AXI_Stream_FIFO_inst/read_pointer_reg[3]/C (clocked by clk_out1_design_5_clk_wiz_1_0) and design_5_i/vga_0/U0/vga_instance/display_image_inst/image_inst/use_image/RAM_reg_64_127_9_11/RAMC/WADR1 (clocked by clk_ip_out_clk_ip_core_1). Large setup violations at the end of those stages might be difficult to fix during the post-placement implementation flow and could be the result of non-optimal XDC constraints or non-optimal design architecture
Related violations: <none>

TIMING-16#375 Warning
Large setup violation  
There is a large setup violation of -6.007 ns between design_5_i/vga_0/U0/vga_instance/AXI_Stream_FIFO_inst/read_pointer_reg[3]/C (clocked by clk_out1_design_5_clk_wiz_1_0) and design_5_i/vga_0/U0/vga_instance/display_image_inst/image_inst/use_image/RAM_reg_64_127_9_11/RAMD/WADR1 (clocked by clk_ip_out_clk_ip_core_1). Large setup violations at the end of those stages might be difficult to fix during the post-placement implementation flow and could be the result of non-optimal XDC constraints or non-optimal design architecture
Related violations: <none>

TIMING-16#376 Warning
Large setup violation  
There is a large setup violation of -6.014 ns between design_5_i/vga_0/U0/vga_instance/AXI_Stream_FIFO_inst/read_pointer_reg[3]/C (clocked by clk_out1_design_5_clk_wiz_1_0) and design_5_i/vga_0/U0/vga_instance/display_image_inst/image_inst/use_image/RAM_reg_0_63_6_8/RAMA/WADR1 (clocked by clk_ip_out_clk_ip_core_1). Large setup violations at the end of those stages might be difficult to fix during the post-placement implementation flow and could be the result of non-optimal XDC constraints or non-optimal design architecture
Related violations: <none>

TIMING-16#377 Warning
Large setup violation  
There is a large setup violation of -6.014 ns between design_5_i/vga_0/U0/vga_instance/AXI_Stream_FIFO_inst/read_pointer_reg[3]/C (clocked by clk_out1_design_5_clk_wiz_1_0) and design_5_i/vga_0/U0/vga_instance/display_image_inst/image_inst/use_image/RAM_reg_0_63_6_8/RAMB/WADR1 (clocked by clk_ip_out_clk_ip_core_1). Large setup violations at the end of those stages might be difficult to fix during the post-placement implementation flow and could be the result of non-optimal XDC constraints or non-optimal design architecture
Related violations: <none>

TIMING-16#378 Warning
Large setup violation  
There is a large setup violation of -6.014 ns between design_5_i/vga_0/U0/vga_instance/AXI_Stream_FIFO_inst/read_pointer_reg[3]/C (clocked by clk_out1_design_5_clk_wiz_1_0) and design_5_i/vga_0/U0/vga_instance/display_image_inst/image_inst/use_image/RAM_reg_0_63_6_8/RAMC/WADR1 (clocked by clk_ip_out_clk_ip_core_1). Large setup violations at the end of those stages might be difficult to fix during the post-placement implementation flow and could be the result of non-optimal XDC constraints or non-optimal design architecture
Related violations: <none>

TIMING-16#379 Warning
Large setup violation  
There is a large setup violation of -6.014 ns between design_5_i/vga_0/U0/vga_instance/AXI_Stream_FIFO_inst/read_pointer_reg[3]/C (clocked by clk_out1_design_5_clk_wiz_1_0) and design_5_i/vga_0/U0/vga_instance/display_image_inst/image_inst/use_image/RAM_reg_0_63_6_8/RAMD/WADR1 (clocked by clk_ip_out_clk_ip_core_1). Large setup violations at the end of those stages might be difficult to fix during the post-placement implementation flow and could be the result of non-optimal XDC constraints or non-optimal design architecture
Related violations: <none>

TIMING-16#380 Warning
Large setup violation  
There is a large setup violation of -6.014 ns between design_5_i/vga_0/U0/vga_instance/AXI_Stream_FIFO_inst/read_pointer_reg[3]/C (clocked by clk_out1_design_5_clk_wiz_1_0) and design_5_i/vga_0/U0/vga_instance/display_image_inst/image_inst/use_image/RAM_reg_192_255_0_2/RAMA/WADR1 (clocked by clk_ip_out_clk_ip_core_1). Large setup violations at the end of those stages might be difficult to fix during the post-placement implementation flow and could be the result of non-optimal XDC constraints or non-optimal design architecture
Related violations: <none>

TIMING-16#381 Warning
Large setup violation  
There is a large setup violation of -6.014 ns between design_5_i/vga_0/U0/vga_instance/AXI_Stream_FIFO_inst/read_pointer_reg[3]/C (clocked by clk_out1_design_5_clk_wiz_1_0) and design_5_i/vga_0/U0/vga_instance/display_image_inst/image_inst/use_image/RAM_reg_192_255_0_2/RAMB/WADR1 (clocked by clk_ip_out_clk_ip_core_1). Large setup violations at the end of those stages might be difficult to fix during the post-placement implementation flow and could be the result of non-optimal XDC constraints or non-optimal design architecture
Related violations: <none>

TIMING-16#382 Warning
Large setup violation  
There is a large setup violation of -6.014 ns between design_5_i/vga_0/U0/vga_instance/AXI_Stream_FIFO_inst/read_pointer_reg[3]/C (clocked by clk_out1_design_5_clk_wiz_1_0) and design_5_i/vga_0/U0/vga_instance/display_image_inst/image_inst/use_image/RAM_reg_192_255_0_2/RAMC/WADR1 (clocked by clk_ip_out_clk_ip_core_1). Large setup violations at the end of those stages might be difficult to fix during the post-placement implementation flow and could be the result of non-optimal XDC constraints or non-optimal design architecture
Related violations: <none>

TIMING-16#383 Warning
Large setup violation  
There is a large setup violation of -6.014 ns between design_5_i/vga_0/U0/vga_instance/AXI_Stream_FIFO_inst/read_pointer_reg[3]/C (clocked by clk_out1_design_5_clk_wiz_1_0) and design_5_i/vga_0/U0/vga_instance/display_image_inst/image_inst/use_image/RAM_reg_192_255_0_2/RAMD/WADR1 (clocked by clk_ip_out_clk_ip_core_1). Large setup violations at the end of those stages might be difficult to fix during the post-placement implementation flow and could be the result of non-optimal XDC constraints or non-optimal design architecture
Related violations: <none>

TIMING-16#384 Warning
Large setup violation  
There is a large setup violation of -6.020 ns between design_5_i/vga_0/U0/vga_instance/AXI_Stream_FIFO_inst/read_pointer_reg[3]/C (clocked by clk_out1_design_5_clk_wiz_1_0) and design_5_i/vga_0/U0/vga_instance/display_image_inst/image_inst/use_image/RAM_reg_64_127_0_2/RAMA/WADR1 (clocked by clk_ip_out_clk_ip_core_1). Large setup violations at the end of those stages might be difficult to fix during the post-placement implementation flow and could be the result of non-optimal XDC constraints or non-optimal design architecture
Related violations: <none>

TIMING-16#385 Warning
Large setup violation  
There is a large setup violation of -6.020 ns between design_5_i/vga_0/U0/vga_instance/AXI_Stream_FIFO_inst/read_pointer_reg[3]/C (clocked by clk_out1_design_5_clk_wiz_1_0) and design_5_i/vga_0/U0/vga_instance/display_image_inst/image_inst/use_image/RAM_reg_64_127_0_2/RAMB/WADR1 (clocked by clk_ip_out_clk_ip_core_1). Large setup violations at the end of those stages might be difficult to fix during the post-placement implementation flow and could be the result of non-optimal XDC constraints or non-optimal design architecture
Related violations: <none>

TIMING-16#386 Warning
Large setup violation  
There is a large setup violation of -6.020 ns between design_5_i/vga_0/U0/vga_instance/AXI_Stream_FIFO_inst/read_pointer_reg[3]/C (clocked by clk_out1_design_5_clk_wiz_1_0) and design_5_i/vga_0/U0/vga_instance/display_image_inst/image_inst/use_image/RAM_reg_64_127_0_2/RAMC/WADR1 (clocked by clk_ip_out_clk_ip_core_1). Large setup violations at the end of those stages might be difficult to fix during the post-placement implementation flow and could be the result of non-optimal XDC constraints or non-optimal design architecture
Related violations: <none>

TIMING-16#387 Warning
Large setup violation  
There is a large setup violation of -6.020 ns between design_5_i/vga_0/U0/vga_instance/AXI_Stream_FIFO_inst/read_pointer_reg[3]/C (clocked by clk_out1_design_5_clk_wiz_1_0) and design_5_i/vga_0/U0/vga_instance/display_image_inst/image_inst/use_image/RAM_reg_64_127_0_2/RAMD/WADR1 (clocked by clk_ip_out_clk_ip_core_1). Large setup violations at the end of those stages might be difficult to fix during the post-placement implementation flow and could be the result of non-optimal XDC constraints or non-optimal design architecture
Related violations: <none>

TIMING-16#388 Warning
Large setup violation  
There is a large setup violation of -6.022 ns between design_5_i/vga_0/U0/vga_instance/AXI_Stream_FIFO_inst/read_pointer_reg[0]_replica_1/C (clocked by clk_out1_design_5_clk_wiz_1_0) and design_5_i/vga_0/U0/vga_instance/display_image_inst/image_inst/use_image/RAM_reg_64_127_6_8/RAMA/WADR4 (clocked by clk_ip_out_clk_ip_core_1). Large setup violations at the end of those stages might be difficult to fix during the post-placement implementation flow and could be the result of non-optimal XDC constraints or non-optimal design architecture
Related violations: <none>

TIMING-16#389 Warning
Large setup violation  
There is a large setup violation of -6.022 ns between design_5_i/vga_0/U0/vga_instance/AXI_Stream_FIFO_inst/read_pointer_reg[0]_replica_1/C (clocked by clk_out1_design_5_clk_wiz_1_0) and design_5_i/vga_0/U0/vga_instance/display_image_inst/image_inst/use_image/RAM_reg_64_127_6_8/RAMB/WADR4 (clocked by clk_ip_out_clk_ip_core_1). Large setup violations at the end of those stages might be difficult to fix during the post-placement implementation flow and could be the result of non-optimal XDC constraints or non-optimal design architecture
Related violations: <none>

TIMING-16#390 Warning
Large setup violation  
There is a large setup violation of -6.022 ns between design_5_i/vga_0/U0/vga_instance/AXI_Stream_FIFO_inst/read_pointer_reg[0]_replica_1/C (clocked by clk_out1_design_5_clk_wiz_1_0) and design_5_i/vga_0/U0/vga_instance/display_image_inst/image_inst/use_image/RAM_reg_64_127_6_8/RAMC/WADR4 (clocked by clk_ip_out_clk_ip_core_1). Large setup violations at the end of those stages might be difficult to fix during the post-placement implementation flow and could be the result of non-optimal XDC constraints or non-optimal design architecture
Related violations: <none>

TIMING-16#391 Warning
Large setup violation  
There is a large setup violation of -6.022 ns between design_5_i/vga_0/U0/vga_instance/AXI_Stream_FIFO_inst/read_pointer_reg[0]_replica_1/C (clocked by clk_out1_design_5_clk_wiz_1_0) and design_5_i/vga_0/U0/vga_instance/display_image_inst/image_inst/use_image/RAM_reg_64_127_6_8/RAMD/WADR4 (clocked by clk_ip_out_clk_ip_core_1). Large setup violations at the end of those stages might be difficult to fix during the post-placement implementation flow and could be the result of non-optimal XDC constraints or non-optimal design architecture
Related violations: <none>

TIMING-16#392 Warning
Large setup violation  
There is a large setup violation of -6.022 ns between design_5_i/vga_0/U0/vga_instance/AXI_Stream_FIFO_inst/read_pointer_reg[3]/C (clocked by clk_out1_design_5_clk_wiz_1_0) and design_5_i/vga_0/U0/vga_instance/display_image_inst/image_inst/use_image/RAM_reg_192_255_3_5/RAMA/WADR2 (clocked by clk_ip_out_clk_ip_core_1). Large setup violations at the end of those stages might be difficult to fix during the post-placement implementation flow and could be the result of non-optimal XDC constraints or non-optimal design architecture
Related violations: <none>

TIMING-16#393 Warning
Large setup violation  
There is a large setup violation of -6.022 ns between design_5_i/vga_0/U0/vga_instance/AXI_Stream_FIFO_inst/read_pointer_reg[3]/C (clocked by clk_out1_design_5_clk_wiz_1_0) and design_5_i/vga_0/U0/vga_instance/display_image_inst/image_inst/use_image/RAM_reg_192_255_3_5/RAMB/WADR2 (clocked by clk_ip_out_clk_ip_core_1). Large setup violations at the end of those stages might be difficult to fix during the post-placement implementation flow and could be the result of non-optimal XDC constraints or non-optimal design architecture
Related violations: <none>

TIMING-16#394 Warning
Large setup violation  
There is a large setup violation of -6.022 ns between design_5_i/vga_0/U0/vga_instance/AXI_Stream_FIFO_inst/read_pointer_reg[3]/C (clocked by clk_out1_design_5_clk_wiz_1_0) and design_5_i/vga_0/U0/vga_instance/display_image_inst/image_inst/use_image/RAM_reg_192_255_3_5/RAMC/WADR2 (clocked by clk_ip_out_clk_ip_core_1). Large setup violations at the end of those stages might be difficult to fix during the post-placement implementation flow and could be the result of non-optimal XDC constraints or non-optimal design architecture
Related violations: <none>

TIMING-16#395 Warning
Large setup violation  
There is a large setup violation of -6.022 ns between design_5_i/vga_0/U0/vga_instance/AXI_Stream_FIFO_inst/read_pointer_reg[3]/C (clocked by clk_out1_design_5_clk_wiz_1_0) and design_5_i/vga_0/U0/vga_instance/display_image_inst/image_inst/use_image/RAM_reg_192_255_3_5/RAMD/WADR2 (clocked by clk_ip_out_clk_ip_core_1). Large setup violations at the end of those stages might be difficult to fix during the post-placement implementation flow and could be the result of non-optimal XDC constraints or non-optimal design architecture
Related violations: <none>

TIMING-16#396 Warning
Large setup violation  
There is a large setup violation of -6.022 ns between design_5_i/vga_0/U0/vga_instance/AXI_Stream_FIFO_inst/read_pointer_reg[3]/C (clocked by clk_out1_design_5_clk_wiz_1_0) and design_5_i/vga_0/U0/vga_instance/display_image_inst/image_inst/use_image/RAM_reg_64_127_3_5/RAMA/WADR1 (clocked by clk_ip_out_clk_ip_core_1). Large setup violations at the end of those stages might be difficult to fix during the post-placement implementation flow and could be the result of non-optimal XDC constraints or non-optimal design architecture
Related violations: <none>

TIMING-16#397 Warning
Large setup violation  
There is a large setup violation of -6.022 ns between design_5_i/vga_0/U0/vga_instance/AXI_Stream_FIFO_inst/read_pointer_reg[3]/C (clocked by clk_out1_design_5_clk_wiz_1_0) and design_5_i/vga_0/U0/vga_instance/display_image_inst/image_inst/use_image/RAM_reg_64_127_3_5/RAMB/WADR1 (clocked by clk_ip_out_clk_ip_core_1). Large setup violations at the end of those stages might be difficult to fix during the post-placement implementation flow and could be the result of non-optimal XDC constraints or non-optimal design architecture
Related violations: <none>

TIMING-16#398 Warning
Large setup violation  
There is a large setup violation of -6.022 ns between design_5_i/vga_0/U0/vga_instance/AXI_Stream_FIFO_inst/read_pointer_reg[3]/C (clocked by clk_out1_design_5_clk_wiz_1_0) and design_5_i/vga_0/U0/vga_instance/display_image_inst/image_inst/use_image/RAM_reg_64_127_3_5/RAMC/WADR1 (clocked by clk_ip_out_clk_ip_core_1). Large setup violations at the end of those stages might be difficult to fix during the post-placement implementation flow and could be the result of non-optimal XDC constraints or non-optimal design architecture
Related violations: <none>

TIMING-16#399 Warning
Large setup violation  
There is a large setup violation of -6.022 ns between design_5_i/vga_0/U0/vga_instance/AXI_Stream_FIFO_inst/read_pointer_reg[3]/C (clocked by clk_out1_design_5_clk_wiz_1_0) and design_5_i/vga_0/U0/vga_instance/display_image_inst/image_inst/use_image/RAM_reg_64_127_3_5/RAMD/WADR1 (clocked by clk_ip_out_clk_ip_core_1). Large setup violations at the end of those stages might be difficult to fix during the post-placement implementation flow and could be the result of non-optimal XDC constraints or non-optimal design architecture
Related violations: <none>

TIMING-16#400 Warning
Large setup violation  
There is a large setup violation of -6.028 ns between design_5_i/vga_0/U0/vga_instance/AXI_Stream_FIFO_inst/read_pointer_reg[3]/C (clocked by clk_out1_design_5_clk_wiz_1_0) and design_5_i/vga_0/U0/vga_instance/display_image_inst/image_inst/use_image/RAM_reg_64_127_3_5/RAMA/WADR3 (clocked by clk_ip_out_clk_ip_core_1). Large setup violations at the end of those stages might be difficult to fix during the post-placement implementation flow and could be the result of non-optimal XDC constraints or non-optimal design architecture
Related violations: <none>

TIMING-16#401 Warning
Large setup violation  
There is a large setup violation of -6.028 ns between design_5_i/vga_0/U0/vga_instance/AXI_Stream_FIFO_inst/read_pointer_reg[3]/C (clocked by clk_out1_design_5_clk_wiz_1_0) and design_5_i/vga_0/U0/vga_instance/display_image_inst/image_inst/use_image/RAM_reg_64_127_3_5/RAMB/WADR3 (clocked by clk_ip_out_clk_ip_core_1). Large setup violations at the end of those stages might be difficult to fix during the post-placement implementation flow and could be the result of non-optimal XDC constraints or non-optimal design architecture
Related violations: <none>

TIMING-16#402 Warning
Large setup violation  
There is a large setup violation of -6.028 ns between design_5_i/vga_0/U0/vga_instance/AXI_Stream_FIFO_inst/read_pointer_reg[3]/C (clocked by clk_out1_design_5_clk_wiz_1_0) and design_5_i/vga_0/U0/vga_instance/display_image_inst/image_inst/use_image/RAM_reg_64_127_3_5/RAMC/WADR3 (clocked by clk_ip_out_clk_ip_core_1). Large setup violations at the end of those stages might be difficult to fix during the post-placement implementation flow and could be the result of non-optimal XDC constraints or non-optimal design architecture
Related violations: <none>

TIMING-16#403 Warning
Large setup violation  
There is a large setup violation of -6.028 ns between design_5_i/vga_0/U0/vga_instance/AXI_Stream_FIFO_inst/read_pointer_reg[3]/C (clocked by clk_out1_design_5_clk_wiz_1_0) and design_5_i/vga_0/U0/vga_instance/display_image_inst/image_inst/use_image/RAM_reg_64_127_3_5/RAMD/WADR3 (clocked by clk_ip_out_clk_ip_core_1). Large setup violations at the end of those stages might be difficult to fix during the post-placement implementation flow and could be the result of non-optimal XDC constraints or non-optimal design architecture
Related violations: <none>

TIMING-16#404 Warning
Large setup violation  
There is a large setup violation of -6.030 ns between design_5_i/vga_0/U0/vga_instance/AXI_Stream_FIFO_inst/read_pointer_reg[3]/C (clocked by clk_out1_design_5_clk_wiz_1_0) and design_5_i/vga_0/U0/vga_instance/display_image_inst/image_inst/use_image/RAM_reg_64_127_3_5/RAMA/WADR0 (clocked by clk_ip_out_clk_ip_core_1). Large setup violations at the end of those stages might be difficult to fix during the post-placement implementation flow and could be the result of non-optimal XDC constraints or non-optimal design architecture
Related violations: <none>

TIMING-16#405 Warning
Large setup violation  
There is a large setup violation of -6.030 ns between design_5_i/vga_0/U0/vga_instance/AXI_Stream_FIFO_inst/read_pointer_reg[3]/C (clocked by clk_out1_design_5_clk_wiz_1_0) and design_5_i/vga_0/U0/vga_instance/display_image_inst/image_inst/use_image/RAM_reg_64_127_3_5/RAMB/WADR0 (clocked by clk_ip_out_clk_ip_core_1). Large setup violations at the end of those stages might be difficult to fix during the post-placement implementation flow and could be the result of non-optimal XDC constraints or non-optimal design architecture
Related violations: <none>

TIMING-16#406 Warning
Large setup violation  
There is a large setup violation of -6.030 ns between design_5_i/vga_0/U0/vga_instance/AXI_Stream_FIFO_inst/read_pointer_reg[3]/C (clocked by clk_out1_design_5_clk_wiz_1_0) and design_5_i/vga_0/U0/vga_instance/display_image_inst/image_inst/use_image/RAM_reg_64_127_3_5/RAMC/WADR0 (clocked by clk_ip_out_clk_ip_core_1). Large setup violations at the end of those stages might be difficult to fix during the post-placement implementation flow and could be the result of non-optimal XDC constraints or non-optimal design architecture
Related violations: <none>

TIMING-16#407 Warning
Large setup violation  
There is a large setup violation of -6.030 ns between design_5_i/vga_0/U0/vga_instance/AXI_Stream_FIFO_inst/read_pointer_reg[3]/C (clocked by clk_out1_design_5_clk_wiz_1_0) and design_5_i/vga_0/U0/vga_instance/display_image_inst/image_inst/use_image/RAM_reg_64_127_3_5/RAMD/WADR0 (clocked by clk_ip_out_clk_ip_core_1). Large setup violations at the end of those stages might be difficult to fix during the post-placement implementation flow and could be the result of non-optimal XDC constraints or non-optimal design architecture
Related violations: <none>

TIMING-16#408 Warning
Large setup violation  
There is a large setup violation of -6.033 ns between design_5_i/vga_0/U0/vga_instance/AXI_Stream_FIFO_inst/read_pointer_reg[3]/C (clocked by clk_out1_design_5_clk_wiz_1_0) and design_5_i/vga_0/U0/vga_instance/display_image_inst/image_inst/use_image/RAM_reg_64_127_6_8/RAMA/WADR1 (clocked by clk_ip_out_clk_ip_core_1). Large setup violations at the end of those stages might be difficult to fix during the post-placement implementation flow and could be the result of non-optimal XDC constraints or non-optimal design architecture
Related violations: <none>

TIMING-16#409 Warning
Large setup violation  
There is a large setup violation of -6.033 ns between design_5_i/vga_0/U0/vga_instance/AXI_Stream_FIFO_inst/read_pointer_reg[3]/C (clocked by clk_out1_design_5_clk_wiz_1_0) and design_5_i/vga_0/U0/vga_instance/display_image_inst/image_inst/use_image/RAM_reg_64_127_6_8/RAMB/WADR1 (clocked by clk_ip_out_clk_ip_core_1). Large setup violations at the end of those stages might be difficult to fix during the post-placement implementation flow and could be the result of non-optimal XDC constraints or non-optimal design architecture
Related violations: <none>

TIMING-16#410 Warning
Large setup violation  
There is a large setup violation of -6.033 ns between design_5_i/vga_0/U0/vga_instance/AXI_Stream_FIFO_inst/read_pointer_reg[3]/C (clocked by clk_out1_design_5_clk_wiz_1_0) and design_5_i/vga_0/U0/vga_instance/display_image_inst/image_inst/use_image/RAM_reg_64_127_6_8/RAMC/WADR1 (clocked by clk_ip_out_clk_ip_core_1). Large setup violations at the end of those stages might be difficult to fix during the post-placement implementation flow and could be the result of non-optimal XDC constraints or non-optimal design architecture
Related violations: <none>

TIMING-16#411 Warning
Large setup violation  
There is a large setup violation of -6.033 ns between design_5_i/vga_0/U0/vga_instance/AXI_Stream_FIFO_inst/read_pointer_reg[3]/C (clocked by clk_out1_design_5_clk_wiz_1_0) and design_5_i/vga_0/U0/vga_instance/display_image_inst/image_inst/use_image/RAM_reg_64_127_6_8/RAMD/WADR1 (clocked by clk_ip_out_clk_ip_core_1). Large setup violations at the end of those stages might be difficult to fix during the post-placement implementation flow and could be the result of non-optimal XDC constraints or non-optimal design architecture
Related violations: <none>

TIMING-16#412 Warning
Large setup violation  
There is a large setup violation of -6.038 ns between design_5_i/vga_0/U0/vga_instance/AXI_Stream_FIFO_inst/read_pointer_reg[3]/C (clocked by clk_out1_design_5_clk_wiz_1_0) and design_5_i/vga_0/U0/vga_instance/display_image_inst/image_inst/use_image/RAM_reg_192_255_6_8/RAMA/WADR3 (clocked by clk_ip_out_clk_ip_core_1). Large setup violations at the end of those stages might be difficult to fix during the post-placement implementation flow and could be the result of non-optimal XDC constraints or non-optimal design architecture
Related violations: <none>

TIMING-16#413 Warning
Large setup violation  
There is a large setup violation of -6.038 ns between design_5_i/vga_0/U0/vga_instance/AXI_Stream_FIFO_inst/read_pointer_reg[3]/C (clocked by clk_out1_design_5_clk_wiz_1_0) and design_5_i/vga_0/U0/vga_instance/display_image_inst/image_inst/use_image/RAM_reg_192_255_6_8/RAMB/WADR3 (clocked by clk_ip_out_clk_ip_core_1). Large setup violations at the end of those stages might be difficult to fix during the post-placement implementation flow and could be the result of non-optimal XDC constraints or non-optimal design architecture
Related violations: <none>

TIMING-16#414 Warning
Large setup violation  
There is a large setup violation of -6.038 ns between design_5_i/vga_0/U0/vga_instance/AXI_Stream_FIFO_inst/read_pointer_reg[3]/C (clocked by clk_out1_design_5_clk_wiz_1_0) and design_5_i/vga_0/U0/vga_instance/display_image_inst/image_inst/use_image/RAM_reg_192_255_6_8/RAMC/WADR3 (clocked by clk_ip_out_clk_ip_core_1). Large setup violations at the end of those stages might be difficult to fix during the post-placement implementation flow and could be the result of non-optimal XDC constraints or non-optimal design architecture
Related violations: <none>

TIMING-16#415 Warning
Large setup violation  
There is a large setup violation of -6.038 ns between design_5_i/vga_0/U0/vga_instance/AXI_Stream_FIFO_inst/read_pointer_reg[3]/C (clocked by clk_out1_design_5_clk_wiz_1_0) and design_5_i/vga_0/U0/vga_instance/display_image_inst/image_inst/use_image/RAM_reg_192_255_6_8/RAMD/WADR3 (clocked by clk_ip_out_clk_ip_core_1). Large setup violations at the end of those stages might be difficult to fix during the post-placement implementation flow and could be the result of non-optimal XDC constraints or non-optimal design architecture
Related violations: <none>

TIMING-16#416 Warning
Large setup violation  
There is a large setup violation of -6.042 ns between design_5_i/vga_0/U0/vga_instance/AXI_Stream_FIFO_inst/read_pointer_reg[0]_replica_1/C (clocked by clk_out1_design_5_clk_wiz_1_0) and design_5_i/vga_0/U0/vga_instance/display_image_inst/image_inst/use_image/RAM_reg_0_63_6_8/RAMA/WADR4 (clocked by clk_ip_out_clk_ip_core_1). Large setup violations at the end of those stages might be difficult to fix during the post-placement implementation flow and could be the result of non-optimal XDC constraints or non-optimal design architecture
Related violations: <none>

TIMING-16#417 Warning
Large setup violation  
There is a large setup violation of -6.042 ns between design_5_i/vga_0/U0/vga_instance/AXI_Stream_FIFO_inst/read_pointer_reg[0]_replica_1/C (clocked by clk_out1_design_5_clk_wiz_1_0) and design_5_i/vga_0/U0/vga_instance/display_image_inst/image_inst/use_image/RAM_reg_0_63_6_8/RAMB/WADR4 (clocked by clk_ip_out_clk_ip_core_1). Large setup violations at the end of those stages might be difficult to fix during the post-placement implementation flow and could be the result of non-optimal XDC constraints or non-optimal design architecture
Related violations: <none>

TIMING-16#418 Warning
Large setup violation  
There is a large setup violation of -6.042 ns between design_5_i/vga_0/U0/vga_instance/AXI_Stream_FIFO_inst/read_pointer_reg[0]_replica_1/C (clocked by clk_out1_design_5_clk_wiz_1_0) and design_5_i/vga_0/U0/vga_instance/display_image_inst/image_inst/use_image/RAM_reg_0_63_6_8/RAMC/WADR4 (clocked by clk_ip_out_clk_ip_core_1). Large setup violations at the end of those stages might be difficult to fix during the post-placement implementation flow and could be the result of non-optimal XDC constraints or non-optimal design architecture
Related violations: <none>

TIMING-16#419 Warning
Large setup violation  
There is a large setup violation of -6.042 ns between design_5_i/vga_0/U0/vga_instance/AXI_Stream_FIFO_inst/read_pointer_reg[0]_replica_1/C (clocked by clk_out1_design_5_clk_wiz_1_0) and design_5_i/vga_0/U0/vga_instance/display_image_inst/image_inst/use_image/RAM_reg_0_63_6_8/RAMD/WADR4 (clocked by clk_ip_out_clk_ip_core_1). Large setup violations at the end of those stages might be difficult to fix during the post-placement implementation flow and could be the result of non-optimal XDC constraints or non-optimal design architecture
Related violations: <none>

TIMING-16#420 Warning
Large setup violation  
There is a large setup violation of -6.059 ns between design_5_i/vga_0/U0/vga_instance/AXI_Stream_FIFO_inst/read_pointer_reg[3]/C (clocked by clk_out1_design_5_clk_wiz_1_0) and design_5_i/vga_0/U0/vga_instance/display_image_inst/image_inst/use_image/RAM_reg_0_63_9_11/RAMC/I (clocked by clk_ip_out_clk_ip_core_1). Large setup violations at the end of those stages might be difficult to fix during the post-placement implementation flow and could be the result of non-optimal XDC constraints or non-optimal design architecture
Related violations: <none>

TIMING-16#421 Warning
Large setup violation  
There is a large setup violation of -6.060 ns between design_5_i/vga_0/U0/vga_instance/AXI_Stream_FIFO_inst/read_pointer_reg[0]_replica_1/C (clocked by clk_out1_design_5_clk_wiz_1_0) and design_5_i/vga_0/U0/vga_instance/display_image_inst/image_inst/use_image/RAM_reg_192_255_9_11/RAMA/WADR4 (clocked by clk_ip_out_clk_ip_core_1). Large setup violations at the end of those stages might be difficult to fix during the post-placement implementation flow and could be the result of non-optimal XDC constraints or non-optimal design architecture
Related violations: <none>

TIMING-16#422 Warning
Large setup violation  
There is a large setup violation of -6.060 ns between design_5_i/vga_0/U0/vga_instance/AXI_Stream_FIFO_inst/read_pointer_reg[0]_replica_1/C (clocked by clk_out1_design_5_clk_wiz_1_0) and design_5_i/vga_0/U0/vga_instance/display_image_inst/image_inst/use_image/RAM_reg_192_255_9_11/RAMB/WADR4 (clocked by clk_ip_out_clk_ip_core_1). Large setup violations at the end of those stages might be difficult to fix during the post-placement implementation flow and could be the result of non-optimal XDC constraints or non-optimal design architecture
Related violations: <none>

TIMING-16#423 Warning
Large setup violation  
There is a large setup violation of -6.060 ns between design_5_i/vga_0/U0/vga_instance/AXI_Stream_FIFO_inst/read_pointer_reg[0]_replica_1/C (clocked by clk_out1_design_5_clk_wiz_1_0) and design_5_i/vga_0/U0/vga_instance/display_image_inst/image_inst/use_image/RAM_reg_192_255_9_11/RAMC/WADR4 (clocked by clk_ip_out_clk_ip_core_1). Large setup violations at the end of those stages might be difficult to fix during the post-placement implementation flow and could be the result of non-optimal XDC constraints or non-optimal design architecture
Related violations: <none>

TIMING-16#424 Warning
Large setup violation  
There is a large setup violation of -6.060 ns between design_5_i/vga_0/U0/vga_instance/AXI_Stream_FIFO_inst/read_pointer_reg[0]_replica_1/C (clocked by clk_out1_design_5_clk_wiz_1_0) and design_5_i/vga_0/U0/vga_instance/display_image_inst/image_inst/use_image/RAM_reg_192_255_9_11/RAMD/WADR4 (clocked by clk_ip_out_clk_ip_core_1). Large setup violations at the end of those stages might be difficult to fix during the post-placement implementation flow and could be the result of non-optimal XDC constraints or non-optimal design architecture
Related violations: <none>

TIMING-16#425 Warning
Large setup violation  
There is a large setup violation of -6.074 ns between design_5_i/vga_0/U0/vga_instance/AXI_Stream_FIFO_inst/read_pointer_reg[3]/C (clocked by clk_out1_design_5_clk_wiz_1_0) and design_5_i/vga_0/U0/vga_instance/display_image_inst/image_inst/use_image/RAM_reg_192_255_0_2/RAMA/WADR3 (clocked by clk_ip_out_clk_ip_core_1). Large setup violations at the end of those stages might be difficult to fix during the post-placement implementation flow and could be the result of non-optimal XDC constraints or non-optimal design architecture
Related violations: <none>

TIMING-16#426 Warning
Large setup violation  
There is a large setup violation of -6.074 ns between design_5_i/vga_0/U0/vga_instance/AXI_Stream_FIFO_inst/read_pointer_reg[3]/C (clocked by clk_out1_design_5_clk_wiz_1_0) and design_5_i/vga_0/U0/vga_instance/display_image_inst/image_inst/use_image/RAM_reg_192_255_0_2/RAMB/WADR3 (clocked by clk_ip_out_clk_ip_core_1). Large setup violations at the end of those stages might be difficult to fix during the post-placement implementation flow and could be the result of non-optimal XDC constraints or non-optimal design architecture
Related violations: <none>

TIMING-16#427 Warning
Large setup violation  
There is a large setup violation of -6.074 ns between design_5_i/vga_0/U0/vga_instance/AXI_Stream_FIFO_inst/read_pointer_reg[3]/C (clocked by clk_out1_design_5_clk_wiz_1_0) and design_5_i/vga_0/U0/vga_instance/display_image_inst/image_inst/use_image/RAM_reg_192_255_0_2/RAMC/WADR3 (clocked by clk_ip_out_clk_ip_core_1). Large setup violations at the end of those stages might be difficult to fix during the post-placement implementation flow and could be the result of non-optimal XDC constraints or non-optimal design architecture
Related violations: <none>

TIMING-16#428 Warning
Large setup violation  
There is a large setup violation of -6.074 ns between design_5_i/vga_0/U0/vga_instance/AXI_Stream_FIFO_inst/read_pointer_reg[3]/C (clocked by clk_out1_design_5_clk_wiz_1_0) and design_5_i/vga_0/U0/vga_instance/display_image_inst/image_inst/use_image/RAM_reg_192_255_0_2/RAMD/WADR3 (clocked by clk_ip_out_clk_ip_core_1). Large setup violations at the end of those stages might be difficult to fix during the post-placement implementation flow and could be the result of non-optimal XDC constraints or non-optimal design architecture
Related violations: <none>

TIMING-16#429 Warning
Large setup violation  
There is a large setup violation of -6.085 ns between design_5_i/vga_0/U0/vga_instance/AXI_Stream_FIFO_inst/read_pointer_reg[3]/C (clocked by clk_out1_design_5_clk_wiz_1_0) and design_5_i/vga_0/U0/vga_instance/display_image_inst/image_inst/use_image/RAM_reg_192_255_9_11/RAMA/WADR0 (clocked by clk_ip_out_clk_ip_core_1). Large setup violations at the end of those stages might be difficult to fix during the post-placement implementation flow and could be the result of non-optimal XDC constraints or non-optimal design architecture
Related violations: <none>

TIMING-16#430 Warning
Large setup violation  
There is a large setup violation of -6.085 ns between design_5_i/vga_0/U0/vga_instance/AXI_Stream_FIFO_inst/read_pointer_reg[3]/C (clocked by clk_out1_design_5_clk_wiz_1_0) and design_5_i/vga_0/U0/vga_instance/display_image_inst/image_inst/use_image/RAM_reg_192_255_9_11/RAMB/WADR0 (clocked by clk_ip_out_clk_ip_core_1). Large setup violations at the end of those stages might be difficult to fix during the post-placement implementation flow and could be the result of non-optimal XDC constraints or non-optimal design architecture
Related violations: <none>

TIMING-16#431 Warning
Large setup violation  
There is a large setup violation of -6.085 ns between design_5_i/vga_0/U0/vga_instance/AXI_Stream_FIFO_inst/read_pointer_reg[3]/C (clocked by clk_out1_design_5_clk_wiz_1_0) and design_5_i/vga_0/U0/vga_instance/display_image_inst/image_inst/use_image/RAM_reg_192_255_9_11/RAMC/WADR0 (clocked by clk_ip_out_clk_ip_core_1). Large setup violations at the end of those stages might be difficult to fix during the post-placement implementation flow and could be the result of non-optimal XDC constraints or non-optimal design architecture
Related violations: <none>

TIMING-16#432 Warning
Large setup violation  
There is a large setup violation of -6.085 ns between design_5_i/vga_0/U0/vga_instance/AXI_Stream_FIFO_inst/read_pointer_reg[3]/C (clocked by clk_out1_design_5_clk_wiz_1_0) and design_5_i/vga_0/U0/vga_instance/display_image_inst/image_inst/use_image/RAM_reg_192_255_9_11/RAMD/WADR0 (clocked by clk_ip_out_clk_ip_core_1). Large setup violations at the end of those stages might be difficult to fix during the post-placement implementation flow and could be the result of non-optimal XDC constraints or non-optimal design architecture
Related violations: <none>

TIMING-16#433 Warning
Large setup violation  
There is a large setup violation of -6.086 ns between design_5_i/vga_0/U0/vga_instance/AXI_Stream_FIFO_inst/read_pointer_reg[3]/C (clocked by clk_out1_design_5_clk_wiz_1_0) and design_5_i/vga_0/U0/vga_instance/display_image_inst/image_inst/use_image/RAM_reg_192_255_6_8/RAMA/WADR0 (clocked by clk_ip_out_clk_ip_core_1). Large setup violations at the end of those stages might be difficult to fix during the post-placement implementation flow and could be the result of non-optimal XDC constraints or non-optimal design architecture
Related violations: <none>

TIMING-16#434 Warning
Large setup violation  
There is a large setup violation of -6.086 ns between design_5_i/vga_0/U0/vga_instance/AXI_Stream_FIFO_inst/read_pointer_reg[3]/C (clocked by clk_out1_design_5_clk_wiz_1_0) and design_5_i/vga_0/U0/vga_instance/display_image_inst/image_inst/use_image/RAM_reg_192_255_6_8/RAMB/WADR0 (clocked by clk_ip_out_clk_ip_core_1). Large setup violations at the end of those stages might be difficult to fix during the post-placement implementation flow and could be the result of non-optimal XDC constraints or non-optimal design architecture
Related violations: <none>

TIMING-16#435 Warning
Large setup violation  
There is a large setup violation of -6.086 ns between design_5_i/vga_0/U0/vga_instance/AXI_Stream_FIFO_inst/read_pointer_reg[3]/C (clocked by clk_out1_design_5_clk_wiz_1_0) and design_5_i/vga_0/U0/vga_instance/display_image_inst/image_inst/use_image/RAM_reg_192_255_6_8/RAMC/WADR0 (clocked by clk_ip_out_clk_ip_core_1). Large setup violations at the end of those stages might be difficult to fix during the post-placement implementation flow and could be the result of non-optimal XDC constraints or non-optimal design architecture
Related violations: <none>

TIMING-16#436 Warning
Large setup violation  
There is a large setup violation of -6.086 ns between design_5_i/vga_0/U0/vga_instance/AXI_Stream_FIFO_inst/read_pointer_reg[3]/C (clocked by clk_out1_design_5_clk_wiz_1_0) and design_5_i/vga_0/U0/vga_instance/display_image_inst/image_inst/use_image/RAM_reg_192_255_6_8/RAMD/WADR0 (clocked by clk_ip_out_clk_ip_core_1). Large setup violations at the end of those stages might be difficult to fix during the post-placement implementation flow and could be the result of non-optimal XDC constraints or non-optimal design architecture
Related violations: <none>

TIMING-16#437 Warning
Large setup violation  
There is a large setup violation of -6.088 ns between design_5_i/vga_0/U0/vga_instance/AXI_Stream_FIFO_inst/read_pointer_reg[3]/C (clocked by clk_out1_design_5_clk_wiz_1_0) and design_5_i/vga_0/U0/vga_instance/display_image_inst/image_inst/use_image/RAM_reg_128_191_3_5/RAMA/WADR0 (clocked by clk_ip_out_clk_ip_core_1). Large setup violations at the end of those stages might be difficult to fix during the post-placement implementation flow and could be the result of non-optimal XDC constraints or non-optimal design architecture
Related violations: <none>

TIMING-16#438 Warning
Large setup violation  
There is a large setup violation of -6.088 ns between design_5_i/vga_0/U0/vga_instance/AXI_Stream_FIFO_inst/read_pointer_reg[3]/C (clocked by clk_out1_design_5_clk_wiz_1_0) and design_5_i/vga_0/U0/vga_instance/display_image_inst/image_inst/use_image/RAM_reg_128_191_3_5/RAMB/WADR0 (clocked by clk_ip_out_clk_ip_core_1). Large setup violations at the end of those stages might be difficult to fix during the post-placement implementation flow and could be the result of non-optimal XDC constraints or non-optimal design architecture
Related violations: <none>

TIMING-16#439 Warning
Large setup violation  
There is a large setup violation of -6.088 ns between design_5_i/vga_0/U0/vga_instance/AXI_Stream_FIFO_inst/read_pointer_reg[3]/C (clocked by clk_out1_design_5_clk_wiz_1_0) and design_5_i/vga_0/U0/vga_instance/display_image_inst/image_inst/use_image/RAM_reg_128_191_3_5/RAMC/WADR0 (clocked by clk_ip_out_clk_ip_core_1). Large setup violations at the end of those stages might be difficult to fix during the post-placement implementation flow and could be the result of non-optimal XDC constraints or non-optimal design architecture
Related violations: <none>

TIMING-16#440 Warning
Large setup violation  
There is a large setup violation of -6.088 ns between design_5_i/vga_0/U0/vga_instance/AXI_Stream_FIFO_inst/read_pointer_reg[3]/C (clocked by clk_out1_design_5_clk_wiz_1_0) and design_5_i/vga_0/U0/vga_instance/display_image_inst/image_inst/use_image/RAM_reg_128_191_3_5/RAMD/WADR0 (clocked by clk_ip_out_clk_ip_core_1). Large setup violations at the end of those stages might be difficult to fix during the post-placement implementation flow and could be the result of non-optimal XDC constraints or non-optimal design architecture
Related violations: <none>

TIMING-16#441 Warning
Large setup violation  
There is a large setup violation of -6.092 ns between design_5_i/vga_0/U0/vga_instance/AXI_Stream_FIFO_inst/read_pointer_reg[2]/C (clocked by clk_out1_design_5_clk_wiz_1_0) and design_5_i/vga_0/U0/vga_instance/display_image_inst/image_inst/use_image/RAM_reg_64_127_9_11/RAMA/WE (clocked by clk_ip_out_clk_ip_core_1). Large setup violations at the end of those stages might be difficult to fix during the post-placement implementation flow and could be the result of non-optimal XDC constraints or non-optimal design architecture
Related violations: <none>

TIMING-16#442 Warning
Large setup violation  
There is a large setup violation of -6.092 ns between design_5_i/vga_0/U0/vga_instance/AXI_Stream_FIFO_inst/read_pointer_reg[2]/C (clocked by clk_out1_design_5_clk_wiz_1_0) and design_5_i/vga_0/U0/vga_instance/display_image_inst/image_inst/use_image/RAM_reg_64_127_9_11/RAMB/WE (clocked by clk_ip_out_clk_ip_core_1). Large setup violations at the end of those stages might be difficult to fix during the post-placement implementation flow and could be the result of non-optimal XDC constraints or non-optimal design architecture
Related violations: <none>

TIMING-16#443 Warning
Large setup violation  
There is a large setup violation of -6.092 ns between design_5_i/vga_0/U0/vga_instance/AXI_Stream_FIFO_inst/read_pointer_reg[2]/C (clocked by clk_out1_design_5_clk_wiz_1_0) and design_5_i/vga_0/U0/vga_instance/display_image_inst/image_inst/use_image/RAM_reg_64_127_9_11/RAMC/WE (clocked by clk_ip_out_clk_ip_core_1). Large setup violations at the end of those stages might be difficult to fix during the post-placement implementation flow and could be the result of non-optimal XDC constraints or non-optimal design architecture
Related violations: <none>

TIMING-16#444 Warning
Large setup violation  
There is a large setup violation of -6.092 ns between design_5_i/vga_0/U0/vga_instance/AXI_Stream_FIFO_inst/read_pointer_reg[2]/C (clocked by clk_out1_design_5_clk_wiz_1_0) and design_5_i/vga_0/U0/vga_instance/display_image_inst/image_inst/use_image/RAM_reg_64_127_9_11/RAMD/WE (clocked by clk_ip_out_clk_ip_core_1). Large setup violations at the end of those stages might be difficult to fix during the post-placement implementation flow and could be the result of non-optimal XDC constraints or non-optimal design architecture
Related violations: <none>

TIMING-16#445 Warning
Large setup violation  
There is a large setup violation of -6.095 ns between design_5_i/vga_0/U0/vga_instance/AXI_Stream_FIFO_inst/read_pointer_reg[3]/C (clocked by clk_out1_design_5_clk_wiz_1_0) and design_5_i/vga_0/U0/vga_instance/display_image_inst/image_inst/use_image/RAM_reg_0_63_9_11/RAMA/WADR0 (clocked by clk_ip_out_clk_ip_core_1). Large setup violations at the end of those stages might be difficult to fix during the post-placement implementation flow and could be the result of non-optimal XDC constraints or non-optimal design architecture
Related violations: <none>

TIMING-16#446 Warning
Large setup violation  
There is a large setup violation of -6.095 ns between design_5_i/vga_0/U0/vga_instance/AXI_Stream_FIFO_inst/read_pointer_reg[3]/C (clocked by clk_out1_design_5_clk_wiz_1_0) and design_5_i/vga_0/U0/vga_instance/display_image_inst/image_inst/use_image/RAM_reg_0_63_9_11/RAMB/WADR0 (clocked by clk_ip_out_clk_ip_core_1). Large setup violations at the end of those stages might be difficult to fix during the post-placement implementation flow and could be the result of non-optimal XDC constraints or non-optimal design architecture
Related violations: <none>

TIMING-16#447 Warning
Large setup violation  
There is a large setup violation of -6.095 ns between design_5_i/vga_0/U0/vga_instance/AXI_Stream_FIFO_inst/read_pointer_reg[3]/C (clocked by clk_out1_design_5_clk_wiz_1_0) and design_5_i/vga_0/U0/vga_instance/display_image_inst/image_inst/use_image/RAM_reg_0_63_9_11/RAMC/WADR0 (clocked by clk_ip_out_clk_ip_core_1). Large setup violations at the end of those stages might be difficult to fix during the post-placement implementation flow and could be the result of non-optimal XDC constraints or non-optimal design architecture
Related violations: <none>

TIMING-16#448 Warning
Large setup violation  
There is a large setup violation of -6.095 ns between design_5_i/vga_0/U0/vga_instance/AXI_Stream_FIFO_inst/read_pointer_reg[3]/C (clocked by clk_out1_design_5_clk_wiz_1_0) and design_5_i/vga_0/U0/vga_instance/display_image_inst/image_inst/use_image/RAM_reg_0_63_9_11/RAMD/WADR0 (clocked by clk_ip_out_clk_ip_core_1). Large setup violations at the end of those stages might be difficult to fix during the post-placement implementation flow and could be the result of non-optimal XDC constraints or non-optimal design architecture
Related violations: <none>

TIMING-16#449 Warning
Large setup violation  
There is a large setup violation of -6.101 ns between design_5_i/vga_0/U0/vga_instance/AXI_Stream_FIFO_inst/read_pointer_reg[3]/C (clocked by clk_out1_design_5_clk_wiz_1_0) and design_5_i/vga_0/U0/vga_instance/display_image_inst/image_inst/use_image/RAM_reg_0_63_6_8/RAMA/WADR0 (clocked by clk_ip_out_clk_ip_core_1). Large setup violations at the end of those stages might be difficult to fix during the post-placement implementation flow and could be the result of non-optimal XDC constraints or non-optimal design architecture
Related violations: <none>

TIMING-16#450 Warning
Large setup violation  
There is a large setup violation of -6.101 ns between design_5_i/vga_0/U0/vga_instance/AXI_Stream_FIFO_inst/read_pointer_reg[3]/C (clocked by clk_out1_design_5_clk_wiz_1_0) and design_5_i/vga_0/U0/vga_instance/display_image_inst/image_inst/use_image/RAM_reg_0_63_6_8/RAMB/WADR0 (clocked by clk_ip_out_clk_ip_core_1). Large setup violations at the end of those stages might be difficult to fix during the post-placement implementation flow and could be the result of non-optimal XDC constraints or non-optimal design architecture
Related violations: <none>

TIMING-16#451 Warning
Large setup violation  
There is a large setup violation of -6.101 ns between design_5_i/vga_0/U0/vga_instance/AXI_Stream_FIFO_inst/read_pointer_reg[3]/C (clocked by clk_out1_design_5_clk_wiz_1_0) and design_5_i/vga_0/U0/vga_instance/display_image_inst/image_inst/use_image/RAM_reg_0_63_6_8/RAMC/WADR0 (clocked by clk_ip_out_clk_ip_core_1). Large setup violations at the end of those stages might be difficult to fix during the post-placement implementation flow and could be the result of non-optimal XDC constraints or non-optimal design architecture
Related violations: <none>

TIMING-16#452 Warning
Large setup violation  
There is a large setup violation of -6.101 ns between design_5_i/vga_0/U0/vga_instance/AXI_Stream_FIFO_inst/read_pointer_reg[3]/C (clocked by clk_out1_design_5_clk_wiz_1_0) and design_5_i/vga_0/U0/vga_instance/display_image_inst/image_inst/use_image/RAM_reg_0_63_6_8/RAMD/WADR0 (clocked by clk_ip_out_clk_ip_core_1). Large setup violations at the end of those stages might be difficult to fix during the post-placement implementation flow and could be the result of non-optimal XDC constraints or non-optimal design architecture
Related violations: <none>

TIMING-16#453 Warning
Large setup violation  
There is a large setup violation of -6.103 ns between design_5_i/vga_0/U0/vga_instance/AXI_Stream_FIFO_inst/read_pointer_reg[3]/C (clocked by clk_out1_design_5_clk_wiz_1_0) and design_5_i/vga_0/U0/vga_instance/display_image_inst/image_inst/use_image/RAM_reg_64_127_0_2/RAMA/WADR0 (clocked by clk_ip_out_clk_ip_core_1). Large setup violations at the end of those stages might be difficult to fix during the post-placement implementation flow and could be the result of non-optimal XDC constraints or non-optimal design architecture
Related violations: <none>

TIMING-16#454 Warning
Large setup violation  
There is a large setup violation of -6.103 ns between design_5_i/vga_0/U0/vga_instance/AXI_Stream_FIFO_inst/read_pointer_reg[3]/C (clocked by clk_out1_design_5_clk_wiz_1_0) and design_5_i/vga_0/U0/vga_instance/display_image_inst/image_inst/use_image/RAM_reg_64_127_0_2/RAMB/WADR0 (clocked by clk_ip_out_clk_ip_core_1). Large setup violations at the end of those stages might be difficult to fix during the post-placement implementation flow and could be the result of non-optimal XDC constraints or non-optimal design architecture
Related violations: <none>

TIMING-16#455 Warning
Large setup violation  
There is a large setup violation of -6.103 ns between design_5_i/vga_0/U0/vga_instance/AXI_Stream_FIFO_inst/read_pointer_reg[3]/C (clocked by clk_out1_design_5_clk_wiz_1_0) and design_5_i/vga_0/U0/vga_instance/display_image_inst/image_inst/use_image/RAM_reg_64_127_0_2/RAMC/WADR0 (clocked by clk_ip_out_clk_ip_core_1). Large setup violations at the end of those stages might be difficult to fix during the post-placement implementation flow and could be the result of non-optimal XDC constraints or non-optimal design architecture
Related violations: <none>

TIMING-16#456 Warning
Large setup violation  
There is a large setup violation of -6.103 ns between design_5_i/vga_0/U0/vga_instance/AXI_Stream_FIFO_inst/read_pointer_reg[3]/C (clocked by clk_out1_design_5_clk_wiz_1_0) and design_5_i/vga_0/U0/vga_instance/display_image_inst/image_inst/use_image/RAM_reg_64_127_0_2/RAMD/WADR0 (clocked by clk_ip_out_clk_ip_core_1). Large setup violations at the end of those stages might be difficult to fix during the post-placement implementation flow and could be the result of non-optimal XDC constraints or non-optimal design architecture
Related violations: <none>

TIMING-16#457 Warning
Large setup violation  
There is a large setup violation of -6.105 ns between design_5_i/vga_0/U0/vga_instance/AXI_Stream_FIFO_inst/read_pointer_reg[3]/C (clocked by clk_out1_design_5_clk_wiz_1_0) and design_5_i/vga_0/U0/vga_instance/display_image_inst/image_inst/use_image/RAM_reg_64_127_9_11/RAMA/WADR0 (clocked by clk_ip_out_clk_ip_core_1). Large setup violations at the end of those stages might be difficult to fix during the post-placement implementation flow and could be the result of non-optimal XDC constraints or non-optimal design architecture
Related violations: <none>

TIMING-16#458 Warning
Large setup violation  
There is a large setup violation of -6.105 ns between design_5_i/vga_0/U0/vga_instance/AXI_Stream_FIFO_inst/read_pointer_reg[3]/C (clocked by clk_out1_design_5_clk_wiz_1_0) and design_5_i/vga_0/U0/vga_instance/display_image_inst/image_inst/use_image/RAM_reg_64_127_9_11/RAMB/WADR0 (clocked by clk_ip_out_clk_ip_core_1). Large setup violations at the end of those stages might be difficult to fix during the post-placement implementation flow and could be the result of non-optimal XDC constraints or non-optimal design architecture
Related violations: <none>

TIMING-16#459 Warning
Large setup violation  
There is a large setup violation of -6.105 ns between design_5_i/vga_0/U0/vga_instance/AXI_Stream_FIFO_inst/read_pointer_reg[3]/C (clocked by clk_out1_design_5_clk_wiz_1_0) and design_5_i/vga_0/U0/vga_instance/display_image_inst/image_inst/use_image/RAM_reg_64_127_9_11/RAMC/WADR0 (clocked by clk_ip_out_clk_ip_core_1). Large setup violations at the end of those stages might be difficult to fix during the post-placement implementation flow and could be the result of non-optimal XDC constraints or non-optimal design architecture
Related violations: <none>

TIMING-16#460 Warning
Large setup violation  
There is a large setup violation of -6.105 ns between design_5_i/vga_0/U0/vga_instance/AXI_Stream_FIFO_inst/read_pointer_reg[3]/C (clocked by clk_out1_design_5_clk_wiz_1_0) and design_5_i/vga_0/U0/vga_instance/display_image_inst/image_inst/use_image/RAM_reg_64_127_9_11/RAMD/WADR0 (clocked by clk_ip_out_clk_ip_core_1). Large setup violations at the end of those stages might be difficult to fix during the post-placement implementation flow and could be the result of non-optimal XDC constraints or non-optimal design architecture
Related violations: <none>

TIMING-16#461 Warning
Large setup violation  
There is a large setup violation of -6.110 ns between design_5_i/vga_0/U0/vga_instance/AXI_Stream_FIFO_inst/read_pointer_reg[3]/C (clocked by clk_out1_design_5_clk_wiz_1_0) and design_5_i/vga_0/U0/vga_instance/display_image_inst/image_inst/use_image/RAM_reg_128_191_6_8/RAMA/WADR0 (clocked by clk_ip_out_clk_ip_core_1). Large setup violations at the end of those stages might be difficult to fix during the post-placement implementation flow and could be the result of non-optimal XDC constraints or non-optimal design architecture
Related violations: <none>

TIMING-16#462 Warning
Large setup violation  
There is a large setup violation of -6.110 ns between design_5_i/vga_0/U0/vga_instance/AXI_Stream_FIFO_inst/read_pointer_reg[3]/C (clocked by clk_out1_design_5_clk_wiz_1_0) and design_5_i/vga_0/U0/vga_instance/display_image_inst/image_inst/use_image/RAM_reg_128_191_6_8/RAMB/WADR0 (clocked by clk_ip_out_clk_ip_core_1). Large setup violations at the end of those stages might be difficult to fix during the post-placement implementation flow and could be the result of non-optimal XDC constraints or non-optimal design architecture
Related violations: <none>

TIMING-16#463 Warning
Large setup violation  
There is a large setup violation of -6.110 ns between design_5_i/vga_0/U0/vga_instance/AXI_Stream_FIFO_inst/read_pointer_reg[3]/C (clocked by clk_out1_design_5_clk_wiz_1_0) and design_5_i/vga_0/U0/vga_instance/display_image_inst/image_inst/use_image/RAM_reg_128_191_6_8/RAMC/WADR0 (clocked by clk_ip_out_clk_ip_core_1). Large setup violations at the end of those stages might be difficult to fix during the post-placement implementation flow and could be the result of non-optimal XDC constraints or non-optimal design architecture
Related violations: <none>

TIMING-16#464 Warning
Large setup violation  
There is a large setup violation of -6.110 ns between design_5_i/vga_0/U0/vga_instance/AXI_Stream_FIFO_inst/read_pointer_reg[3]/C (clocked by clk_out1_design_5_clk_wiz_1_0) and design_5_i/vga_0/U0/vga_instance/display_image_inst/image_inst/use_image/RAM_reg_128_191_6_8/RAMD/WADR0 (clocked by clk_ip_out_clk_ip_core_1). Large setup violations at the end of those stages might be difficult to fix during the post-placement implementation flow and could be the result of non-optimal XDC constraints or non-optimal design architecture
Related violations: <none>

TIMING-16#465 Warning
Large setup violation  
There is a large setup violation of -6.112 ns between design_5_i/vga_0/U0/vga_instance/AXI_Stream_FIFO_inst/read_pointer_reg[3]/C (clocked by clk_out1_design_5_clk_wiz_1_0) and design_5_i/vga_0/U0/vga_instance/display_image_inst/image_inst/use_image/RAM_reg_64_127_6_8/RAMA/WADR0 (clocked by clk_ip_out_clk_ip_core_1). Large setup violations at the end of those stages might be difficult to fix during the post-placement implementation flow and could be the result of non-optimal XDC constraints or non-optimal design architecture
Related violations: <none>

TIMING-16#466 Warning
Large setup violation  
There is a large setup violation of -6.112 ns between design_5_i/vga_0/U0/vga_instance/AXI_Stream_FIFO_inst/read_pointer_reg[3]/C (clocked by clk_out1_design_5_clk_wiz_1_0) and design_5_i/vga_0/U0/vga_instance/display_image_inst/image_inst/use_image/RAM_reg_64_127_6_8/RAMB/WADR0 (clocked by clk_ip_out_clk_ip_core_1). Large setup violations at the end of those stages might be difficult to fix during the post-placement implementation flow and could be the result of non-optimal XDC constraints or non-optimal design architecture
Related violations: <none>

TIMING-16#467 Warning
Large setup violation  
There is a large setup violation of -6.112 ns between design_5_i/vga_0/U0/vga_instance/AXI_Stream_FIFO_inst/read_pointer_reg[3]/C (clocked by clk_out1_design_5_clk_wiz_1_0) and design_5_i/vga_0/U0/vga_instance/display_image_inst/image_inst/use_image/RAM_reg_64_127_6_8/RAMC/WADR0 (clocked by clk_ip_out_clk_ip_core_1). Large setup violations at the end of those stages might be difficult to fix during the post-placement implementation flow and could be the result of non-optimal XDC constraints or non-optimal design architecture
Related violations: <none>

TIMING-16#468 Warning
Large setup violation  
There is a large setup violation of -6.112 ns between design_5_i/vga_0/U0/vga_instance/AXI_Stream_FIFO_inst/read_pointer_reg[3]/C (clocked by clk_out1_design_5_clk_wiz_1_0) and design_5_i/vga_0/U0/vga_instance/display_image_inst/image_inst/use_image/RAM_reg_64_127_6_8/RAMD/WADR0 (clocked by clk_ip_out_clk_ip_core_1). Large setup violations at the end of those stages might be difficult to fix during the post-placement implementation flow and could be the result of non-optimal XDC constraints or non-optimal design architecture
Related violations: <none>

TIMING-16#469 Warning
Large setup violation  
There is a large setup violation of -6.123 ns between design_5_i/vga_0/U0/vga_instance/AXI_Stream_FIFO_inst/read_pointer_reg[3]/C (clocked by clk_out1_design_5_clk_wiz_1_0) and design_5_i/vga_0/U0/vga_instance/display_image_inst/image_inst/use_image/RAM_reg_0_63_0_2/RAMA/WADR0 (clocked by clk_ip_out_clk_ip_core_1). Large setup violations at the end of those stages might be difficult to fix during the post-placement implementation flow and could be the result of non-optimal XDC constraints or non-optimal design architecture
Related violations: <none>

TIMING-16#470 Warning
Large setup violation  
There is a large setup violation of -6.123 ns between design_5_i/vga_0/U0/vga_instance/AXI_Stream_FIFO_inst/read_pointer_reg[3]/C (clocked by clk_out1_design_5_clk_wiz_1_0) and design_5_i/vga_0/U0/vga_instance/display_image_inst/image_inst/use_image/RAM_reg_0_63_0_2/RAMB/WADR0 (clocked by clk_ip_out_clk_ip_core_1). Large setup violations at the end of those stages might be difficult to fix during the post-placement implementation flow and could be the result of non-optimal XDC constraints or non-optimal design architecture
Related violations: <none>

TIMING-16#471 Warning
Large setup violation  
There is a large setup violation of -6.123 ns between design_5_i/vga_0/U0/vga_instance/AXI_Stream_FIFO_inst/read_pointer_reg[3]/C (clocked by clk_out1_design_5_clk_wiz_1_0) and design_5_i/vga_0/U0/vga_instance/display_image_inst/image_inst/use_image/RAM_reg_0_63_0_2/RAMC/WADR0 (clocked by clk_ip_out_clk_ip_core_1). Large setup violations at the end of those stages might be difficult to fix during the post-placement implementation flow and could be the result of non-optimal XDC constraints or non-optimal design architecture
Related violations: <none>

TIMING-16#472 Warning
Large setup violation  
There is a large setup violation of -6.123 ns between design_5_i/vga_0/U0/vga_instance/AXI_Stream_FIFO_inst/read_pointer_reg[3]/C (clocked by clk_out1_design_5_clk_wiz_1_0) and design_5_i/vga_0/U0/vga_instance/display_image_inst/image_inst/use_image/RAM_reg_0_63_0_2/RAMD/WADR0 (clocked by clk_ip_out_clk_ip_core_1). Large setup violations at the end of those stages might be difficult to fix during the post-placement implementation flow and could be the result of non-optimal XDC constraints or non-optimal design architecture
Related violations: <none>

TIMING-16#473 Warning
Large setup violation  
There is a large setup violation of -6.124 ns between design_5_i/vga_0/U0/vga_instance/AXI_Stream_FIFO_inst/read_pointer_reg[3]/C (clocked by clk_out1_design_5_clk_wiz_1_0) and design_5_i/vga_0/U0/vga_instance/display_image_inst/image_inst/use_image/RAM_reg_192_255_3_5/RAMA/WADR0 (clocked by clk_ip_out_clk_ip_core_1). Large setup violations at the end of those stages might be difficult to fix during the post-placement implementation flow and could be the result of non-optimal XDC constraints or non-optimal design architecture
Related violations: <none>

TIMING-16#474 Warning
Large setup violation  
There is a large setup violation of -6.124 ns between design_5_i/vga_0/U0/vga_instance/AXI_Stream_FIFO_inst/read_pointer_reg[3]/C (clocked by clk_out1_design_5_clk_wiz_1_0) and design_5_i/vga_0/U0/vga_instance/display_image_inst/image_inst/use_image/RAM_reg_192_255_3_5/RAMB/WADR0 (clocked by clk_ip_out_clk_ip_core_1). Large setup violations at the end of those stages might be difficult to fix during the post-placement implementation flow and could be the result of non-optimal XDC constraints or non-optimal design architecture
Related violations: <none>

TIMING-16#475 Warning
Large setup violation  
There is a large setup violation of -6.124 ns between design_5_i/vga_0/U0/vga_instance/AXI_Stream_FIFO_inst/read_pointer_reg[3]/C (clocked by clk_out1_design_5_clk_wiz_1_0) and design_5_i/vga_0/U0/vga_instance/display_image_inst/image_inst/use_image/RAM_reg_192_255_3_5/RAMC/WADR0 (clocked by clk_ip_out_clk_ip_core_1). Large setup violations at the end of those stages might be difficult to fix during the post-placement implementation flow and could be the result of non-optimal XDC constraints or non-optimal design architecture
Related violations: <none>

TIMING-16#476 Warning
Large setup violation  
There is a large setup violation of -6.124 ns between design_5_i/vga_0/U0/vga_instance/AXI_Stream_FIFO_inst/read_pointer_reg[3]/C (clocked by clk_out1_design_5_clk_wiz_1_0) and design_5_i/vga_0/U0/vga_instance/display_image_inst/image_inst/use_image/RAM_reg_192_255_3_5/RAMD/WADR0 (clocked by clk_ip_out_clk_ip_core_1). Large setup violations at the end of those stages might be difficult to fix during the post-placement implementation flow and could be the result of non-optimal XDC constraints or non-optimal design architecture
Related violations: <none>

TIMING-16#477 Warning
Large setup violation  
There is a large setup violation of -6.125 ns between design_5_i/vga_0/U0/vga_instance/AXI_Stream_FIFO_inst/read_pointer_reg[3]/C (clocked by clk_out1_design_5_clk_wiz_1_0) and design_5_i/vga_0/U0/vga_instance/display_image_inst/image_inst/use_image/RAM_reg_192_255_0_2/RAMA/WADR0 (clocked by clk_ip_out_clk_ip_core_1). Large setup violations at the end of those stages might be difficult to fix during the post-placement implementation flow and could be the result of non-optimal XDC constraints or non-optimal design architecture
Related violations: <none>

TIMING-16#478 Warning
Large setup violation  
There is a large setup violation of -6.125 ns between design_5_i/vga_0/U0/vga_instance/AXI_Stream_FIFO_inst/read_pointer_reg[3]/C (clocked by clk_out1_design_5_clk_wiz_1_0) and design_5_i/vga_0/U0/vga_instance/display_image_inst/image_inst/use_image/RAM_reg_192_255_0_2/RAMB/WADR0 (clocked by clk_ip_out_clk_ip_core_1). Large setup violations at the end of those stages might be difficult to fix during the post-placement implementation flow and could be the result of non-optimal XDC constraints or non-optimal design architecture
Related violations: <none>

TIMING-16#479 Warning
Large setup violation  
There is a large setup violation of -6.125 ns between design_5_i/vga_0/U0/vga_instance/AXI_Stream_FIFO_inst/read_pointer_reg[3]/C (clocked by clk_out1_design_5_clk_wiz_1_0) and design_5_i/vga_0/U0/vga_instance/display_image_inst/image_inst/use_image/RAM_reg_192_255_0_2/RAMC/WADR0 (clocked by clk_ip_out_clk_ip_core_1). Large setup violations at the end of those stages might be difficult to fix during the post-placement implementation flow and could be the result of non-optimal XDC constraints or non-optimal design architecture
Related violations: <none>

TIMING-16#480 Warning
Large setup violation  
There is a large setup violation of -6.125 ns between design_5_i/vga_0/U0/vga_instance/AXI_Stream_FIFO_inst/read_pointer_reg[3]/C (clocked by clk_out1_design_5_clk_wiz_1_0) and design_5_i/vga_0/U0/vga_instance/display_image_inst/image_inst/use_image/RAM_reg_192_255_0_2/RAMD/WADR0 (clocked by clk_ip_out_clk_ip_core_1). Large setup violations at the end of those stages might be difficult to fix during the post-placement implementation flow and could be the result of non-optimal XDC constraints or non-optimal design architecture
Related violations: <none>

TIMING-16#481 Warning
Large setup violation  
There is a large setup violation of -6.138 ns between design_5_i/vga_0/U0/vga_instance/AXI_Stream_FIFO_inst/read_pointer_reg[3]/C (clocked by clk_out1_design_5_clk_wiz_1_0) and design_5_i/vga_0/U0/vga_instance/display_image_inst/image_inst/use_image/RAM_reg_128_191_9_11/RAMA/WADR0 (clocked by clk_ip_out_clk_ip_core_1). Large setup violations at the end of those stages might be difficult to fix during the post-placement implementation flow and could be the result of non-optimal XDC constraints or non-optimal design architecture
Related violations: <none>

TIMING-16#482 Warning
Large setup violation  
There is a large setup violation of -6.138 ns between design_5_i/vga_0/U0/vga_instance/AXI_Stream_FIFO_inst/read_pointer_reg[3]/C (clocked by clk_out1_design_5_clk_wiz_1_0) and design_5_i/vga_0/U0/vga_instance/display_image_inst/image_inst/use_image/RAM_reg_128_191_9_11/RAMB/WADR0 (clocked by clk_ip_out_clk_ip_core_1). Large setup violations at the end of those stages might be difficult to fix during the post-placement implementation flow and could be the result of non-optimal XDC constraints or non-optimal design architecture
Related violations: <none>

TIMING-16#483 Warning
Large setup violation  
There is a large setup violation of -6.138 ns between design_5_i/vga_0/U0/vga_instance/AXI_Stream_FIFO_inst/read_pointer_reg[3]/C (clocked by clk_out1_design_5_clk_wiz_1_0) and design_5_i/vga_0/U0/vga_instance/display_image_inst/image_inst/use_image/RAM_reg_128_191_9_11/RAMC/WADR0 (clocked by clk_ip_out_clk_ip_core_1). Large setup violations at the end of those stages might be difficult to fix during the post-placement implementation flow and could be the result of non-optimal XDC constraints or non-optimal design architecture
Related violations: <none>

TIMING-16#484 Warning
Large setup violation  
There is a large setup violation of -6.138 ns between design_5_i/vga_0/U0/vga_instance/AXI_Stream_FIFO_inst/read_pointer_reg[3]/C (clocked by clk_out1_design_5_clk_wiz_1_0) and design_5_i/vga_0/U0/vga_instance/display_image_inst/image_inst/use_image/RAM_reg_128_191_9_11/RAMD/WADR0 (clocked by clk_ip_out_clk_ip_core_1). Large setup violations at the end of those stages might be difficult to fix during the post-placement implementation flow and could be the result of non-optimal XDC constraints or non-optimal design architecture
Related violations: <none>

TIMING-16#485 Warning
Large setup violation  
There is a large setup violation of -6.165 ns between design_5_i/vga_0/U0/vga_instance/AXI_Stream_FIFO_inst/read_pointer_reg[3]/C (clocked by clk_out1_design_5_clk_wiz_1_0) and design_5_i/vga_0/U0/vga_instance/display_image_inst/image_inst/use_image/RAM_reg_0_63_3_5/RAMA/WADR0 (clocked by clk_ip_out_clk_ip_core_1). Large setup violations at the end of those stages might be difficult to fix during the post-placement implementation flow and could be the result of non-optimal XDC constraints or non-optimal design architecture
Related violations: <none>

TIMING-16#486 Warning
Large setup violation  
There is a large setup violation of -6.165 ns between design_5_i/vga_0/U0/vga_instance/AXI_Stream_FIFO_inst/read_pointer_reg[3]/C (clocked by clk_out1_design_5_clk_wiz_1_0) and design_5_i/vga_0/U0/vga_instance/display_image_inst/image_inst/use_image/RAM_reg_0_63_3_5/RAMB/WADR0 (clocked by clk_ip_out_clk_ip_core_1). Large setup violations at the end of those stages might be difficult to fix during the post-placement implementation flow and could be the result of non-optimal XDC constraints or non-optimal design architecture
Related violations: <none>

TIMING-16#487 Warning
Large setup violation  
There is a large setup violation of -6.165 ns between design_5_i/vga_0/U0/vga_instance/AXI_Stream_FIFO_inst/read_pointer_reg[3]/C (clocked by clk_out1_design_5_clk_wiz_1_0) and design_5_i/vga_0/U0/vga_instance/display_image_inst/image_inst/use_image/RAM_reg_0_63_3_5/RAMC/WADR0 (clocked by clk_ip_out_clk_ip_core_1). Large setup violations at the end of those stages might be difficult to fix during the post-placement implementation flow and could be the result of non-optimal XDC constraints or non-optimal design architecture
Related violations: <none>

TIMING-16#488 Warning
Large setup violation  
There is a large setup violation of -6.165 ns between design_5_i/vga_0/U0/vga_instance/AXI_Stream_FIFO_inst/read_pointer_reg[3]/C (clocked by clk_out1_design_5_clk_wiz_1_0) and design_5_i/vga_0/U0/vga_instance/display_image_inst/image_inst/use_image/RAM_reg_0_63_3_5/RAMD/WADR0 (clocked by clk_ip_out_clk_ip_core_1). Large setup violations at the end of those stages might be difficult to fix during the post-placement implementation flow and could be the result of non-optimal XDC constraints or non-optimal design architecture
Related violations: <none>

TIMING-16#489 Warning
Large setup violation  
There is a large setup violation of -6.183 ns between design_5_i/vga_0/U0/vga_instance/AXI_Stream_FIFO_inst/read_pointer_reg[2]/C (clocked by clk_out1_design_5_clk_wiz_1_0) and design_5_i/vga_0/U0/vga_instance/display_image_inst/image_inst/use_image/RAM_reg_0_63_6_8/RAMA/WE (clocked by clk_ip_out_clk_ip_core_1). Large setup violations at the end of those stages might be difficult to fix during the post-placement implementation flow and could be the result of non-optimal XDC constraints or non-optimal design architecture
Related violations: <none>

TIMING-16#490 Warning
Large setup violation  
There is a large setup violation of -6.183 ns between design_5_i/vga_0/U0/vga_instance/AXI_Stream_FIFO_inst/read_pointer_reg[2]/C (clocked by clk_out1_design_5_clk_wiz_1_0) and design_5_i/vga_0/U0/vga_instance/display_image_inst/image_inst/use_image/RAM_reg_0_63_6_8/RAMB/WE (clocked by clk_ip_out_clk_ip_core_1). Large setup violations at the end of those stages might be difficult to fix during the post-placement implementation flow and could be the result of non-optimal XDC constraints or non-optimal design architecture
Related violations: <none>

TIMING-16#491 Warning
Large setup violation  
There is a large setup violation of -6.183 ns between design_5_i/vga_0/U0/vga_instance/AXI_Stream_FIFO_inst/read_pointer_reg[2]/C (clocked by clk_out1_design_5_clk_wiz_1_0) and design_5_i/vga_0/U0/vga_instance/display_image_inst/image_inst/use_image/RAM_reg_0_63_6_8/RAMC/WE (clocked by clk_ip_out_clk_ip_core_1). Large setup violations at the end of those stages might be difficult to fix during the post-placement implementation flow and could be the result of non-optimal XDC constraints or non-optimal design architecture
Related violations: <none>

TIMING-16#492 Warning
Large setup violation  
There is a large setup violation of -6.183 ns between design_5_i/vga_0/U0/vga_instance/AXI_Stream_FIFO_inst/read_pointer_reg[2]/C (clocked by clk_out1_design_5_clk_wiz_1_0) and design_5_i/vga_0/U0/vga_instance/display_image_inst/image_inst/use_image/RAM_reg_0_63_6_8/RAMD/WE (clocked by clk_ip_out_clk_ip_core_1). Large setup violations at the end of those stages might be difficult to fix during the post-placement implementation flow and could be the result of non-optimal XDC constraints or non-optimal design architecture
Related violations: <none>

TIMING-16#493 Warning
Large setup violation  
There is a large setup violation of -6.291 ns between design_5_i/vga_0/U0/vga_instance/AXI_Stream_FIFO_inst/read_pointer_reg[3]/C (clocked by clk_out1_design_5_clk_wiz_1_0) and design_5_i/vga_0/U0/vga_instance/display_image_inst/image_inst/use_image/RAM_reg_128_191_0_2/RAMA/WADR0 (clocked by clk_ip_out_clk_ip_core_1). Large setup violations at the end of those stages might be difficult to fix during the post-placement implementation flow and could be the result of non-optimal XDC constraints or non-optimal design architecture
Related violations: <none>

TIMING-16#494 Warning
Large setup violation  
There is a large setup violation of -6.291 ns between design_5_i/vga_0/U0/vga_instance/AXI_Stream_FIFO_inst/read_pointer_reg[3]/C (clocked by clk_out1_design_5_clk_wiz_1_0) and design_5_i/vga_0/U0/vga_instance/display_image_inst/image_inst/use_image/RAM_reg_128_191_0_2/RAMB/WADR0 (clocked by clk_ip_out_clk_ip_core_1). Large setup violations at the end of those stages might be difficult to fix during the post-placement implementation flow and could be the result of non-optimal XDC constraints or non-optimal design architecture
Related violations: <none>

TIMING-16#495 Warning
Large setup violation  
There is a large setup violation of -6.291 ns between design_5_i/vga_0/U0/vga_instance/AXI_Stream_FIFO_inst/read_pointer_reg[3]/C (clocked by clk_out1_design_5_clk_wiz_1_0) and design_5_i/vga_0/U0/vga_instance/display_image_inst/image_inst/use_image/RAM_reg_128_191_0_2/RAMC/WADR0 (clocked by clk_ip_out_clk_ip_core_1). Large setup violations at the end of those stages might be difficult to fix during the post-placement implementation flow and could be the result of non-optimal XDC constraints or non-optimal design architecture
Related violations: <none>

TIMING-16#496 Warning
Large setup violation  
There is a large setup violation of -6.291 ns between design_5_i/vga_0/U0/vga_instance/AXI_Stream_FIFO_inst/read_pointer_reg[3]/C (clocked by clk_out1_design_5_clk_wiz_1_0) and design_5_i/vga_0/U0/vga_instance/display_image_inst/image_inst/use_image/RAM_reg_128_191_0_2/RAMD/WADR0 (clocked by clk_ip_out_clk_ip_core_1). Large setup violations at the end of those stages might be difficult to fix during the post-placement implementation flow and could be the result of non-optimal XDC constraints or non-optimal design architecture
Related violations: <none>

TIMING-18#1 Warning
Missing input or output delay  
An input delay is missing on reset relative to the rising and/or falling clock edge(s) of sys_clock.
Related violations: <none>

TIMING-18#2 Warning
Missing input or output delay  
An input delay is missing on usb_uart_rxd relative to the rising and/or falling clock edge(s) of sys_clock.
Related violations: <none>

TIMING-18#3 Warning
Missing input or output delay  
An output delay is missing on usb_uart_txd relative to the rising and/or falling clock edge(s) of sys_clock.
Related violations: <none>


