Copyright 1986-2022 Xilinx, Inc. All Rights Reserved. Copyright 2022-2023 Advanced Micro Devices, Inc. All Rights Reserved.
--------------------------------------------------------------------------------------------------------------------------------------------------------------------------------------------------
| Tool Version : Vivado v.2023.1 (win64) Build 3865809 Sun May  7 15:05:29 MDT 2023
| Date         : Wed Jan 28 22:44:27 2026
| Host         : PC-OSCAR running 64-bit major release  (build 9200)
| Command      : report_methodology -file design_final_wrapper_methodology_drc_routed.rpt -pb design_final_wrapper_methodology_drc_routed.pb -rpx design_final_wrapper_methodology_drc_routed.rpx
| Design       : design_final_wrapper
| Device       : xc7a35tcpg236-1
| Speed File   : -1
| Design State : Fully Routed
--------------------------------------------------------------------------------------------------------------------------------------------------------------------------------------------------

Report Methodology

Table of Contents
-----------------
1. REPORT SUMMARY
2. REPORT DETAILS

1. REPORT SUMMARY
-----------------
            Netlist: netlist
          Floorplan: design_1
      Design limits: <entire design considered>
             Max violations: <unlimited>
             Violations found: 606
+-----------+------------------+----------------------------------------------------+------------+
| Rule      | Severity         | Description                                        | Violations |
+-----------+------------------+----------------------------------------------------+------------+
| TIMING-4  | Critical Warning | Invalid primary clock redefinition on a clock tree | 1          |
| TIMING-6  | Critical Warning | No common primary clock between related clocks     | 1          |
| TIMING-7  | Critical Warning | No common node between related clocks              | 1          |
| TIMING-17 | Critical Warning | Non-clocked sequential cell                        | 94         |
| TIMING-27 | Critical Warning | Invalid primary clock on hierarchical pin          | 1          |
| LUTAR-1   | Warning          | LUT drives async reset alert                       | 1          |
| TIMING-9  | Warning          | Unknown CDC Logic                                  | 1          |
| TIMING-16 | Warning          | Large setup violation                              | 496        |
| TIMING-18 | Warning          | Missing input or output delay                      | 10         |
+-----------+------------------+----------------------------------------------------+------------+

2. REPORT DETAILS
-----------------
TIMING-4#1 Critical Warning
Invalid primary clock redefinition on a clock tree  
Invalid clock redefinition on a clock tree. The primary clock design_final_i/vga_0/U0/vga_instance/display_image_inst/clk_ip_core_inst/inst/clk_ip_in is defined downstream of clock clk_out1_design_final_clk_wiz_1_0 and overrides its insertion delay and/or waveform definition
Related violations: <none>

TIMING-6#1 Critical Warning
No common primary clock between related clocks  
The clocks clk_out1_design_final_clk_wiz_1_0 and clk_ip_out_clk_ip_core_1 are related (timed together) but they have no common primary clock. The design could fail in hardware. To find a timing path between these clocks, run the following command: report_timing -from [get_clocks clk_out1_design_final_clk_wiz_1_0] -to [get_clocks clk_ip_out_clk_ip_core_1]
Related violations: <none>

TIMING-7#1 Critical Warning
No common node between related clocks  
The clocks clk_out1_design_final_clk_wiz_1_0 and clk_ip_out_clk_ip_core_1 are related (timed together) but they have no common node. The design could fail in hardware. To find a timing path between these clocks, run the following command: report_timing -from [get_clocks clk_out1_design_final_clk_wiz_1_0] -to [get_clocks clk_ip_out_clk_ip_core_1]
Related violations: <none>

TIMING-17#1 Critical Warning
Non-clocked sequential cell  
The clock pin design_final_i/keypad_0/U0/keypad_v1_0_S00_AXI_inst/TeclaDetecInst/FSM_sequential_state_reg[0]/C is not reached by a timing clock
Related violations: <none>

TIMING-17#2 Critical Warning
Non-clocked sequential cell  
The clock pin design_final_i/keypad_0/U0/keypad_v1_0_S00_AXI_inst/TeclaDetecInst/FSM_sequential_state_reg[1]/C is not reached by a timing clock
Related violations: <none>

TIMING-17#3 Critical Warning
Non-clocked sequential cell  
The clock pin design_final_i/keypad_0/U0/keypad_v1_0_S00_AXI_inst/TeclaDetecInst/FSM_sequential_state_reg[2]/C is not reached by a timing clock
Related violations: <none>

TIMING-17#4 Critical Warning
Non-clocked sequential cell  
The clock pin design_final_i/keypad_0/U0/keypad_v1_0_S00_AXI_inst/TeclaDetecInst/ldCode2_reg/C is not reached by a timing clock
Related violations: <none>

TIMING-17#5 Critical Warning
Non-clocked sequential cell  
The clock pin design_final_i/keypad_0/U0/keypad_v1_0_S00_AXI_inst/TeclaDetecInst/regcode_reg[0]/C is not reached by a timing clock
Related violations: <none>

TIMING-17#6 Critical Warning
Non-clocked sequential cell  
The clock pin design_final_i/keypad_0/U0/keypad_v1_0_S00_AXI_inst/TeclaDetecInst/regcode_reg[1]/C is not reached by a timing clock
Related violations: <none>

TIMING-17#7 Critical Warning
Non-clocked sequential cell  
The clock pin design_final_i/keypad_0/U0/keypad_v1_0_S00_AXI_inst/TeclaDetecInst/regcode_reg[2]/C is not reached by a timing clock
Related violations: <none>

TIMING-17#8 Critical Warning
Non-clocked sequential cell  
The clock pin design_final_i/keypad_0/U0/keypad_v1_0_S00_AXI_inst/TeclaDetecInst/regcode_reg[3]/C is not reached by a timing clock
Related violations: <none>

TIMING-17#9 Critical Warning
Non-clocked sequential cell  
The clock pin design_final_i/keypad_0/U0/keypad_v1_0_S00_AXI_inst/TeclaDetecInst/synchronizer.aux1_reg/C is not reached by a timing clock
Related violations: <none>

TIMING-17#10 Critical Warning
Non-clocked sequential cell  
The clock pin design_final_i/keypad_0/U0/keypad_v1_0_S00_AXI_inst/TeclaDetecInst/timer.count_reg[0]/C is not reached by a timing clock
Related violations: <none>

TIMING-17#11 Critical Warning
Non-clocked sequential cell  
The clock pin design_final_i/keypad_0/U0/keypad_v1_0_S00_AXI_inst/TeclaDetecInst/timer.count_reg[10]/C is not reached by a timing clock
Related violations: <none>

TIMING-17#12 Critical Warning
Non-clocked sequential cell  
The clock pin design_final_i/keypad_0/U0/keypad_v1_0_S00_AXI_inst/TeclaDetecInst/timer.count_reg[11]/C is not reached by a timing clock
Related violations: <none>

TIMING-17#13 Critical Warning
Non-clocked sequential cell  
The clock pin design_final_i/keypad_0/U0/keypad_v1_0_S00_AXI_inst/TeclaDetecInst/timer.count_reg[12]/C is not reached by a timing clock
Related violations: <none>

TIMING-17#14 Critical Warning
Non-clocked sequential cell  
The clock pin design_final_i/keypad_0/U0/keypad_v1_0_S00_AXI_inst/TeclaDetecInst/timer.count_reg[13]/C is not reached by a timing clock
Related violations: <none>

TIMING-17#15 Critical Warning
Non-clocked sequential cell  
The clock pin design_final_i/keypad_0/U0/keypad_v1_0_S00_AXI_inst/TeclaDetecInst/timer.count_reg[14]/C is not reached by a timing clock
Related violations: <none>

TIMING-17#16 Critical Warning
Non-clocked sequential cell  
The clock pin design_final_i/keypad_0/U0/keypad_v1_0_S00_AXI_inst/TeclaDetecInst/timer.count_reg[15]/C is not reached by a timing clock
Related violations: <none>

TIMING-17#17 Critical Warning
Non-clocked sequential cell  
The clock pin design_final_i/keypad_0/U0/keypad_v1_0_S00_AXI_inst/TeclaDetecInst/timer.count_reg[16]/C is not reached by a timing clock
Related violations: <none>

TIMING-17#18 Critical Warning
Non-clocked sequential cell  
The clock pin design_final_i/keypad_0/U0/keypad_v1_0_S00_AXI_inst/TeclaDetecInst/timer.count_reg[17]/C is not reached by a timing clock
Related violations: <none>

TIMING-17#19 Critical Warning
Non-clocked sequential cell  
The clock pin design_final_i/keypad_0/U0/keypad_v1_0_S00_AXI_inst/TeclaDetecInst/timer.count_reg[18]/C is not reached by a timing clock
Related violations: <none>

TIMING-17#20 Critical Warning
Non-clocked sequential cell  
The clock pin design_final_i/keypad_0/U0/keypad_v1_0_S00_AXI_inst/TeclaDetecInst/timer.count_reg[19]/C is not reached by a timing clock
Related violations: <none>

TIMING-17#21 Critical Warning
Non-clocked sequential cell  
The clock pin design_final_i/keypad_0/U0/keypad_v1_0_S00_AXI_inst/TeclaDetecInst/timer.count_reg[1]/C is not reached by a timing clock
Related violations: <none>

TIMING-17#22 Critical Warning
Non-clocked sequential cell  
The clock pin design_final_i/keypad_0/U0/keypad_v1_0_S00_AXI_inst/TeclaDetecInst/timer.count_reg[2]/C is not reached by a timing clock
Related violations: <none>

TIMING-17#23 Critical Warning
Non-clocked sequential cell  
The clock pin design_final_i/keypad_0/U0/keypad_v1_0_S00_AXI_inst/TeclaDetecInst/timer.count_reg[3]/C is not reached by a timing clock
Related violations: <none>

TIMING-17#24 Critical Warning
Non-clocked sequential cell  
The clock pin design_final_i/keypad_0/U0/keypad_v1_0_S00_AXI_inst/TeclaDetecInst/timer.count_reg[4]/C is not reached by a timing clock
Related violations: <none>

TIMING-17#25 Critical Warning
Non-clocked sequential cell  
The clock pin design_final_i/keypad_0/U0/keypad_v1_0_S00_AXI_inst/TeclaDetecInst/timer.count_reg[5]/C is not reached by a timing clock
Related violations: <none>

TIMING-17#26 Critical Warning
Non-clocked sequential cell  
The clock pin design_final_i/keypad_0/U0/keypad_v1_0_S00_AXI_inst/TeclaDetecInst/timer.count_reg[6]/C is not reached by a timing clock
Related violations: <none>

TIMING-17#27 Critical Warning
Non-clocked sequential cell  
The clock pin design_final_i/keypad_0/U0/keypad_v1_0_S00_AXI_inst/TeclaDetecInst/timer.count_reg[7]/C is not reached by a timing clock
Related violations: <none>

TIMING-17#28 Critical Warning
Non-clocked sequential cell  
The clock pin design_final_i/keypad_0/U0/keypad_v1_0_S00_AXI_inst/TeclaDetecInst/timer.count_reg[8]/C is not reached by a timing clock
Related violations: <none>

TIMING-17#29 Critical Warning
Non-clocked sequential cell  
The clock pin design_final_i/keypad_0/U0/keypad_v1_0_S00_AXI_inst/TeclaDetecInst/timer.count_reg[9]/C is not reached by a timing clock
Related violations: <none>

TIMING-17#30 Critical Warning
Non-clocked sequential cell  
The clock pin design_final_i/keypad_0/U0/keypad_v1_0_S00_AXI_inst/TeclaDetecInst/xSync_reg/C is not reached by a timing clock
Related violations: <none>

TIMING-17#31 Critical Warning
Non-clocked sequential cell  
The clock pin design_final_i/matriz_0/U0/matriz_v1_0_S00_AXI_inst/inst1/ce_row_clk_reg/C is not reached by a timing clock
Related violations: <none>

TIMING-17#32 Critical Warning
Non-clocked sequential cell  
The clock pin design_final_i/matriz_0/U0/matriz_v1_0_S00_AXI_inst/inst1/col_clk_reg/C is not reached by a timing clock
Related violations: <none>

TIMING-17#33 Critical Warning
Non-clocked sequential cell  
The clock pin design_final_i/matriz_0/U0/matriz_v1_0_S00_AXI_inst/inst1/col_serial_out_reg/C is not reached by a timing clock
Related violations: <none>

TIMING-17#34 Critical Warning
Non-clocked sequential cell  
The clock pin design_final_i/matriz_0/U0/matriz_v1_0_S00_AXI_inst/inst1/fin_per_reg/C is not reached by a timing clock
Related violations: <none>

TIMING-17#35 Critical Warning
Non-clocked sequential cell  
The clock pin design_final_i/matriz_0/U0/matriz_v1_0_S00_AXI_inst/inst1/fin_pixel_cont_reg/C is not reached by a timing clock
Related violations: <none>

TIMING-17#36 Critical Warning
Non-clocked sequential cell  
The clock pin design_final_i/matriz_0/U0/matriz_v1_0_S00_AXI_inst/inst1/miregistro_reg[0]/C is not reached by a timing clock
Related violations: <none>

TIMING-17#37 Critical Warning
Non-clocked sequential cell  
The clock pin design_final_i/matriz_0/U0/matriz_v1_0_S00_AXI_inst/inst1/miregistro_reg[10]/C is not reached by a timing clock
Related violations: <none>

TIMING-17#38 Critical Warning
Non-clocked sequential cell  
The clock pin design_final_i/matriz_0/U0/matriz_v1_0_S00_AXI_inst/inst1/miregistro_reg[11]/C is not reached by a timing clock
Related violations: <none>

TIMING-17#39 Critical Warning
Non-clocked sequential cell  
The clock pin design_final_i/matriz_0/U0/matriz_v1_0_S00_AXI_inst/inst1/miregistro_reg[12]/C is not reached by a timing clock
Related violations: <none>

TIMING-17#40 Critical Warning
Non-clocked sequential cell  
The clock pin design_final_i/matriz_0/U0/matriz_v1_0_S00_AXI_inst/inst1/miregistro_reg[13]/C is not reached by a timing clock
Related violations: <none>

TIMING-17#41 Critical Warning
Non-clocked sequential cell  
The clock pin design_final_i/matriz_0/U0/matriz_v1_0_S00_AXI_inst/inst1/miregistro_reg[14]/C is not reached by a timing clock
Related violations: <none>

TIMING-17#42 Critical Warning
Non-clocked sequential cell  
The clock pin design_final_i/matriz_0/U0/matriz_v1_0_S00_AXI_inst/inst1/miregistro_reg[15]/C is not reached by a timing clock
Related violations: <none>

TIMING-17#43 Critical Warning
Non-clocked sequential cell  
The clock pin design_final_i/matriz_0/U0/matriz_v1_0_S00_AXI_inst/inst1/miregistro_reg[16]/C is not reached by a timing clock
Related violations: <none>

TIMING-17#44 Critical Warning
Non-clocked sequential cell  
The clock pin design_final_i/matriz_0/U0/matriz_v1_0_S00_AXI_inst/inst1/miregistro_reg[17]/C is not reached by a timing clock
Related violations: <none>

TIMING-17#45 Critical Warning
Non-clocked sequential cell  
The clock pin design_final_i/matriz_0/U0/matriz_v1_0_S00_AXI_inst/inst1/miregistro_reg[18]/C is not reached by a timing clock
Related violations: <none>

TIMING-17#46 Critical Warning
Non-clocked sequential cell  
The clock pin design_final_i/matriz_0/U0/matriz_v1_0_S00_AXI_inst/inst1/miregistro_reg[19]/C is not reached by a timing clock
Related violations: <none>

TIMING-17#47 Critical Warning
Non-clocked sequential cell  
The clock pin design_final_i/matriz_0/U0/matriz_v1_0_S00_AXI_inst/inst1/miregistro_reg[1]/C is not reached by a timing clock
Related violations: <none>

TIMING-17#48 Critical Warning
Non-clocked sequential cell  
The clock pin design_final_i/matriz_0/U0/matriz_v1_0_S00_AXI_inst/inst1/miregistro_reg[20]/C is not reached by a timing clock
Related violations: <none>

TIMING-17#49 Critical Warning
Non-clocked sequential cell  
The clock pin design_final_i/matriz_0/U0/matriz_v1_0_S00_AXI_inst/inst1/miregistro_reg[21]/C is not reached by a timing clock
Related violations: <none>

TIMING-17#50 Critical Warning
Non-clocked sequential cell  
The clock pin design_final_i/matriz_0/U0/matriz_v1_0_S00_AXI_inst/inst1/miregistro_reg[22]/C is not reached by a timing clock
Related violations: <none>

TIMING-17#51 Critical Warning
Non-clocked sequential cell  
The clock pin design_final_i/matriz_0/U0/matriz_v1_0_S00_AXI_inst/inst1/miregistro_reg[23]/C is not reached by a timing clock
Related violations: <none>

TIMING-17#52 Critical Warning
Non-clocked sequential cell  
The clock pin design_final_i/matriz_0/U0/matriz_v1_0_S00_AXI_inst/inst1/miregistro_reg[24]/C is not reached by a timing clock
Related violations: <none>

TIMING-17#53 Critical Warning
Non-clocked sequential cell  
The clock pin design_final_i/matriz_0/U0/matriz_v1_0_S00_AXI_inst/inst1/miregistro_reg[25]/C is not reached by a timing clock
Related violations: <none>

TIMING-17#54 Critical Warning
Non-clocked sequential cell  
The clock pin design_final_i/matriz_0/U0/matriz_v1_0_S00_AXI_inst/inst1/miregistro_reg[26]/C is not reached by a timing clock
Related violations: <none>

TIMING-17#55 Critical Warning
Non-clocked sequential cell  
The clock pin design_final_i/matriz_0/U0/matriz_v1_0_S00_AXI_inst/inst1/miregistro_reg[27]/C is not reached by a timing clock
Related violations: <none>

TIMING-17#56 Critical Warning
Non-clocked sequential cell  
The clock pin design_final_i/matriz_0/U0/matriz_v1_0_S00_AXI_inst/inst1/miregistro_reg[28]/C is not reached by a timing clock
Related violations: <none>

TIMING-17#57 Critical Warning
Non-clocked sequential cell  
The clock pin design_final_i/matriz_0/U0/matriz_v1_0_S00_AXI_inst/inst1/miregistro_reg[29]/C is not reached by a timing clock
Related violations: <none>

TIMING-17#58 Critical Warning
Non-clocked sequential cell  
The clock pin design_final_i/matriz_0/U0/matriz_v1_0_S00_AXI_inst/inst1/miregistro_reg[2]/C is not reached by a timing clock
Related violations: <none>

TIMING-17#59 Critical Warning
Non-clocked sequential cell  
The clock pin design_final_i/matriz_0/U0/matriz_v1_0_S00_AXI_inst/inst1/miregistro_reg[30]/C is not reached by a timing clock
Related violations: <none>

TIMING-17#60 Critical Warning
Non-clocked sequential cell  
The clock pin design_final_i/matriz_0/U0/matriz_v1_0_S00_AXI_inst/inst1/miregistro_reg[31]/C is not reached by a timing clock
Related violations: <none>

TIMING-17#61 Critical Warning
Non-clocked sequential cell  
The clock pin design_final_i/matriz_0/U0/matriz_v1_0_S00_AXI_inst/inst1/miregistro_reg[32]/C is not reached by a timing clock
Related violations: <none>

TIMING-17#62 Critical Warning
Non-clocked sequential cell  
The clock pin design_final_i/matriz_0/U0/matriz_v1_0_S00_AXI_inst/inst1/miregistro_reg[33]/C is not reached by a timing clock
Related violations: <none>

TIMING-17#63 Critical Warning
Non-clocked sequential cell  
The clock pin design_final_i/matriz_0/U0/matriz_v1_0_S00_AXI_inst/inst1/miregistro_reg[34]/C is not reached by a timing clock
Related violations: <none>

TIMING-17#64 Critical Warning
Non-clocked sequential cell  
The clock pin design_final_i/matriz_0/U0/matriz_v1_0_S00_AXI_inst/inst1/miregistro_reg[35]/C is not reached by a timing clock
Related violations: <none>

TIMING-17#65 Critical Warning
Non-clocked sequential cell  
The clock pin design_final_i/matriz_0/U0/matriz_v1_0_S00_AXI_inst/inst1/miregistro_reg[36]/C is not reached by a timing clock
Related violations: <none>

TIMING-17#66 Critical Warning
Non-clocked sequential cell  
The clock pin design_final_i/matriz_0/U0/matriz_v1_0_S00_AXI_inst/inst1/miregistro_reg[37]/C is not reached by a timing clock
Related violations: <none>

TIMING-17#67 Critical Warning
Non-clocked sequential cell  
The clock pin design_final_i/matriz_0/U0/matriz_v1_0_S00_AXI_inst/inst1/miregistro_reg[38]/C is not reached by a timing clock
Related violations: <none>

TIMING-17#68 Critical Warning
Non-clocked sequential cell  
The clock pin design_final_i/matriz_0/U0/matriz_v1_0_S00_AXI_inst/inst1/miregistro_reg[39]/C is not reached by a timing clock
Related violations: <none>

TIMING-17#69 Critical Warning
Non-clocked sequential cell  
The clock pin design_final_i/matriz_0/U0/matriz_v1_0_S00_AXI_inst/inst1/miregistro_reg[3]/C is not reached by a timing clock
Related violations: <none>

TIMING-17#70 Critical Warning
Non-clocked sequential cell  
The clock pin design_final_i/matriz_0/U0/matriz_v1_0_S00_AXI_inst/inst1/miregistro_reg[4]/C is not reached by a timing clock
Related violations: <none>

TIMING-17#71 Critical Warning
Non-clocked sequential cell  
The clock pin design_final_i/matriz_0/U0/matriz_v1_0_S00_AXI_inst/inst1/miregistro_reg[5]/C is not reached by a timing clock
Related violations: <none>

TIMING-17#72 Critical Warning
Non-clocked sequential cell  
The clock pin design_final_i/matriz_0/U0/matriz_v1_0_S00_AXI_inst/inst1/miregistro_reg[6]/C is not reached by a timing clock
Related violations: <none>

TIMING-17#73 Critical Warning
Non-clocked sequential cell  
The clock pin design_final_i/matriz_0/U0/matriz_v1_0_S00_AXI_inst/inst1/miregistro_reg[7]/C is not reached by a timing clock
Related violations: <none>

TIMING-17#74 Critical Warning
Non-clocked sequential cell  
The clock pin design_final_i/matriz_0/U0/matriz_v1_0_S00_AXI_inst/inst1/miregistro_reg[8]/C is not reached by a timing clock
Related violations: <none>

TIMING-17#75 Critical Warning
Non-clocked sequential cell  
The clock pin design_final_i/matriz_0/U0/matriz_v1_0_S00_AXI_inst/inst1/miregistro_reg[9]/C is not reached by a timing clock
Related violations: <none>

TIMING-17#76 Critical Warning
Non-clocked sequential cell  
The clock pin design_final_i/matriz_0/U0/matriz_v1_0_S00_AXI_inst/inst1/persistenciap.t_persistencia_reg[0]/C is not reached by a timing clock
Related violations: <none>

TIMING-17#77 Critical Warning
Non-clocked sequential cell  
The clock pin design_final_i/matriz_0/U0/matriz_v1_0_S00_AXI_inst/inst1/persistenciap.t_persistencia_reg[1]/C is not reached by a timing clock
Related violations: <none>

TIMING-17#78 Critical Warning
Non-clocked sequential cell  
The clock pin design_final_i/matriz_0/U0/matriz_v1_0_S00_AXI_inst/inst1/persistenciap.t_persistencia_reg[2]/C is not reached by a timing clock
Related violations: <none>

TIMING-17#79 Critical Warning
Non-clocked sequential cell  
The clock pin design_final_i/matriz_0/U0/matriz_v1_0_S00_AXI_inst/inst1/persistenciap.t_persistencia_reg[3]/C is not reached by a timing clock
Related violations: <none>

TIMING-17#80 Critical Warning
Non-clocked sequential cell  
The clock pin design_final_i/matriz_0/U0/matriz_v1_0_S00_AXI_inst/inst1/persistenciap.t_persistencia_reg[4]/C is not reached by a timing clock
Related violations: <none>

TIMING-17#81 Critical Warning
Non-clocked sequential cell  
The clock pin design_final_i/matriz_0/U0/matriz_v1_0_S00_AXI_inst/inst1/persistenciap.t_persistencia_reg[5]/C is not reached by a timing clock
Related violations: <none>

TIMING-17#82 Critical Warning
Non-clocked sequential cell  
The clock pin design_final_i/matriz_0/U0/matriz_v1_0_S00_AXI_inst/inst1/persistenciap.t_persistencia_reg[6]/C is not reached by a timing clock
Related violations: <none>

TIMING-17#83 Critical Warning
Non-clocked sequential cell  
The clock pin design_final_i/matriz_0/U0/matriz_v1_0_S00_AXI_inst/inst1/persistenciap.t_persistencia_reg[7]/C is not reached by a timing clock
Related violations: <none>

TIMING-17#84 Critical Warning
Non-clocked sequential cell  
The clock pin design_final_i/matriz_0/U0/matriz_v1_0_S00_AXI_inst/inst1/persistenciap.t_persistencia_reg[8]/C is not reached by a timing clock
Related violations: <none>

TIMING-17#85 Critical Warning
Non-clocked sequential cell  
The clock pin design_final_i/matriz_0/U0/matriz_v1_0_S00_AXI_inst/inst1/persistenciap.t_persistencia_reg[9]/C is not reached by a timing clock
Related violations: <none>

TIMING-17#86 Critical Warning
Non-clocked sequential cell  
The clock pin design_final_i/matriz_0/U0/matriz_v1_0_S00_AXI_inst/inst1/pixel_count_reg[0]/C is not reached by a timing clock
Related violations: <none>

TIMING-17#87 Critical Warning
Non-clocked sequential cell  
The clock pin design_final_i/matriz_0/U0/matriz_v1_0_S00_AXI_inst/inst1/pixel_count_reg[1]/C is not reached by a timing clock
Related violations: <none>

TIMING-17#88 Critical Warning
Non-clocked sequential cell  
The clock pin design_final_i/matriz_0/U0/matriz_v1_0_S00_AXI_inst/inst1/pixel_count_reg[2]/C is not reached by a timing clock
Related violations: <none>

TIMING-17#89 Critical Warning
Non-clocked sequential cell  
The clock pin design_final_i/matriz_0/U0/matriz_v1_0_S00_AXI_inst/inst1/pixel_count_reg[3]/C is not reached by a timing clock
Related violations: <none>

TIMING-17#90 Critical Warning
Non-clocked sequential cell  
The clock pin design_final_i/matriz_0/U0/matriz_v1_0_S00_AXI_inst/inst1/pixel_count_reg[4]/C is not reached by a timing clock
Related violations: <none>

TIMING-17#91 Critical Warning
Non-clocked sequential cell  
The clock pin design_final_i/matriz_0/U0/matriz_v1_0_S00_AXI_inst/inst1/pixel_count_reg[5]/C is not reached by a timing clock
Related violations: <none>

TIMING-17#92 Critical Warning
Non-clocked sequential cell  
The clock pin design_final_i/matriz_0/U0/matriz_v1_0_S00_AXI_inst/inst1/row_number_reg[0]/C is not reached by a timing clock
Related violations: <none>

TIMING-17#93 Critical Warning
Non-clocked sequential cell  
The clock pin design_final_i/matriz_0/U0/matriz_v1_0_S00_AXI_inst/inst1/row_number_reg[1]/C is not reached by a timing clock
Related violations: <none>

TIMING-17#94 Critical Warning
Non-clocked sequential cell  
The clock pin design_final_i/matriz_0/U0/matriz_v1_0_S00_AXI_inst/inst1/row_number_reg[2]/C is not reached by a timing clock
Related violations: <none>

TIMING-27#1 Critical Warning
Invalid primary clock on hierarchical pin  
A primary clock design_final_i/vga_0/U0/vga_instance/display_image_inst/clk_ip_core_inst/inst/clk_ip_in is created on an inappropriate internal pin design_final_i/vga_0/U0/vga_instance/display_image_inst/clk_ip_core_inst/inst/clk_ip_in. It is not recommended to create a primary clock on a hierarchical pin when its driver pin has a fanout connected to multiple clock pins
Related violations: <none>

LUTAR-1#1 Warning
LUT drives async reset alert  
LUT cell design_final_i/mdm_1/U0/MDM_Core_I1/JTAG_CONTROL_I/sel_n_i_2, with 2 or more inputs, drives asynchronous preset/clear pin(s) design_final_i/mdm_1/U0/MDM_Core_I1/JTAG_CONTROL_I/sel_n_reg/PRE. The LUT may glitch and trigger an unexpected reset, even if it is a properly timed path.
Related violations: <none>

TIMING-9#1 Warning
Unknown CDC Logic  
One or more asynchronous Clock Domain Crossing has been detected between 2 clock domains through a set_false_path or a set_clock_groups or set_max_delay -datapath_only constraint but no double-registers logic synchronizer has been found on the side of the capture clock. It is recommended to run report_cdc for a complete and detailed CDC coverage. Please consider using XPM_CDC to avoid Critical severities
Related violations: <none>

TIMING-16#1 Warning
Large setup violation  
There is a large setup violation of -5.487 ns between design_final_i/vga_0/U0/vga_instance/AXI_Stream_FIFO_inst/read_pointer_reg[2]/C (clocked by clk_out1_design_final_clk_wiz_1_0) and design_final_i/vga_0/U0/vga_instance/display_image_inst/image_inst/use_image/RAM_reg_192_255_6_8/RAMB/I (clocked by clk_ip_out_clk_ip_core_1). Large setup violations at the end of those stages might be difficult to fix during the post-placement implementation flow and could be the result of non-optimal XDC constraints or non-optimal design architecture
Related violations: <none>

TIMING-16#2 Warning
Large setup violation  
There is a large setup violation of -5.560 ns between design_final_i/vga_0/U0/vga_instance/AXI_Stream_FIFO_inst/read_pointer_reg[2]/C (clocked by clk_out1_design_final_clk_wiz_1_0) and design_final_i/vga_0/U0/vga_instance/display_image_inst/image_inst/use_image/RAM_reg_64_127_6_8/RAMB/I (clocked by clk_ip_out_clk_ip_core_1). Large setup violations at the end of those stages might be difficult to fix during the post-placement implementation flow and could be the result of non-optimal XDC constraints or non-optimal design architecture
Related violations: <none>

TIMING-16#3 Warning
Large setup violation  
There is a large setup violation of -5.564 ns between design_final_i/vga_0/U0/vga_instance/AXI_Stream_FIFO_inst/read_pointer_reg[2]/C (clocked by clk_out1_design_final_clk_wiz_1_0) and design_final_i/vga_0/U0/vga_instance/display_image_inst/image_inst/use_image/RAM_reg_0_63_6_8/RAMB/I (clocked by clk_ip_out_clk_ip_core_1). Large setup violations at the end of those stages might be difficult to fix during the post-placement implementation flow and could be the result of non-optimal XDC constraints or non-optimal design architecture
Related violations: <none>

TIMING-16#4 Warning
Large setup violation  
There is a large setup violation of -5.588 ns between design_final_i/vga_0/U0/vga_instance/AXI_Stream_FIFO_inst/read_pointer_reg[2]/C (clocked by clk_out1_design_final_clk_wiz_1_0) and design_final_i/vga_0/U0/vga_instance/display_image_inst/image_inst/use_image/RAM_reg_128_191_6_8/RAMA/I (clocked by clk_ip_out_clk_ip_core_1). Large setup violations at the end of those stages might be difficult to fix during the post-placement implementation flow and could be the result of non-optimal XDC constraints or non-optimal design architecture
Related violations: <none>

TIMING-16#5 Warning
Large setup violation  
There is a large setup violation of -5.590 ns between design_final_i/vga_0/U0/vga_instance/AXI_Stream_FIFO_inst/read_pointer_reg[2]/C (clocked by clk_out1_design_final_clk_wiz_1_0) and design_final_i/vga_0/U0/vga_instance/display_image_inst/image_inst/use_image/RAM_reg_128_191_6_8/RAMB/I (clocked by clk_ip_out_clk_ip_core_1). Large setup violations at the end of those stages might be difficult to fix during the post-placement implementation flow and could be the result of non-optimal XDC constraints or non-optimal design architecture
Related violations: <none>

TIMING-16#6 Warning
Large setup violation  
There is a large setup violation of -5.616 ns between design_final_i/vga_0/U0/vga_instance/AXI_Stream_FIFO_inst/read_pointer_reg[2]/C (clocked by clk_out1_design_final_clk_wiz_1_0) and design_final_i/vga_0/U0/vga_instance/display_image_inst/image_inst/use_image/RAM_reg_0_63_6_8/RAMA/I (clocked by clk_ip_out_clk_ip_core_1). Large setup violations at the end of those stages might be difficult to fix during the post-placement implementation flow and could be the result of non-optimal XDC constraints or non-optimal design architecture
Related violations: <none>

TIMING-16#7 Warning
Large setup violation  
There is a large setup violation of -5.666 ns between design_final_i/vga_0/U0/vga_instance/AXI_Stream_FIFO_inst/read_pointer_reg[2]/C (clocked by clk_out1_design_final_clk_wiz_1_0) and design_final_i/vga_0/U0/vga_instance/display_image_inst/image_inst/use_image/RAM_reg_192_255_6_8/RAMA/I (clocked by clk_ip_out_clk_ip_core_1). Large setup violations at the end of those stages might be difficult to fix during the post-placement implementation flow and could be the result of non-optimal XDC constraints or non-optimal design architecture
Related violations: <none>

TIMING-16#8 Warning
Large setup violation  
There is a large setup violation of -5.678 ns between design_final_i/vga_0/U0/vga_instance/AXI_Stream_FIFO_inst/read_pointer_reg[0]/C (clocked by clk_out1_design_final_clk_wiz_1_0) and design_final_i/vga_0/U0/vga_instance/display_image_inst/image_inst/use_image/RAM_reg_192_255_9_11/RAMB/I (clocked by clk_ip_out_clk_ip_core_1). Large setup violations at the end of those stages might be difficult to fix during the post-placement implementation flow and could be the result of non-optimal XDC constraints or non-optimal design architecture
Related violations: <none>

TIMING-16#9 Warning
Large setup violation  
There is a large setup violation of -5.720 ns between design_final_i/vga_0/U0/vga_instance/AXI_Stream_FIFO_inst/read_pointer_reg[1]_replica/C (clocked by clk_out1_design_final_clk_wiz_1_0) and design_final_i/vga_0/U0/vga_instance/display_image_inst/image_inst/use_image/RAM_reg_128_191_0_2/RAMC/I (clocked by clk_ip_out_clk_ip_core_1). Large setup violations at the end of those stages might be difficult to fix during the post-placement implementation flow and could be the result of non-optimal XDC constraints or non-optimal design architecture
Related violations: <none>

TIMING-16#10 Warning
Large setup violation  
There is a large setup violation of -5.720 ns between design_final_i/vga_0/U0/vga_instance/AXI_Stream_FIFO_inst/read_pointer_reg[1]_replica/C (clocked by clk_out1_design_final_clk_wiz_1_0) and design_final_i/vga_0/U0/vga_instance/display_image_inst/image_inst/use_image/RAM_reg_192_255_0_2/RAMB/I (clocked by clk_ip_out_clk_ip_core_1). Large setup violations at the end of those stages might be difficult to fix during the post-placement implementation flow and could be the result of non-optimal XDC constraints or non-optimal design architecture
Related violations: <none>

TIMING-16#11 Warning
Large setup violation  
There is a large setup violation of -5.742 ns between design_final_i/vga_0/U0/vga_instance/AXI_Stream_FIFO_inst/read_pointer_reg[1]_replica/C (clocked by clk_out1_design_final_clk_wiz_1_0) and design_final_i/vga_0/U0/vga_instance/display_image_inst/image_inst/use_image/RAM_reg_64_127_0_2/RAMB/I (clocked by clk_ip_out_clk_ip_core_1). Large setup violations at the end of those stages might be difficult to fix during the post-placement implementation flow and could be the result of non-optimal XDC constraints or non-optimal design architecture
Related violations: <none>

TIMING-16#12 Warning
Large setup violation  
There is a large setup violation of -5.747 ns between design_final_i/vga_0/U0/vga_instance/AXI_Stream_FIFO_inst/read_pointer_reg[0]/C (clocked by clk_out1_design_final_clk_wiz_1_0) and design_final_i/vga_0/U0/vga_instance/display_image_inst/image_inst/use_image/RAM_reg_192_255_6_8/RAMC/I (clocked by clk_ip_out_clk_ip_core_1). Large setup violations at the end of those stages might be difficult to fix during the post-placement implementation flow and could be the result of non-optimal XDC constraints or non-optimal design architecture
Related violations: <none>

TIMING-16#13 Warning
Large setup violation  
There is a large setup violation of -5.748 ns between design_final_i/vga_0/U0/vga_instance/AXI_Stream_FIFO_inst/read_pointer_reg[2]/C (clocked by clk_out1_design_final_clk_wiz_1_0) and design_final_i/vga_0/U0/vga_instance/display_image_inst/image_inst/use_image/RAM_reg_64_127_6_8/RAMA/I (clocked by clk_ip_out_clk_ip_core_1). Large setup violations at the end of those stages might be difficult to fix during the post-placement implementation flow and could be the result of non-optimal XDC constraints or non-optimal design architecture
Related violations: <none>

TIMING-16#14 Warning
Large setup violation  
There is a large setup violation of -5.767 ns between design_final_i/vga_0/U0/vga_instance/AXI_Stream_FIFO_inst/read_pointer_reg[0]/C (clocked by clk_out1_design_final_clk_wiz_1_0) and design_final_i/vga_0/U0/vga_instance/display_image_inst/image_inst/use_image/RAM_reg_64_127_9_11/RAMC/I (clocked by clk_ip_out_clk_ip_core_1). Large setup violations at the end of those stages might be difficult to fix during the post-placement implementation flow and could be the result of non-optimal XDC constraints or non-optimal design architecture
Related violations: <none>

TIMING-16#15 Warning
Large setup violation  
There is a large setup violation of -5.793 ns between design_final_i/vga_0/U0/vga_instance/AXI_Stream_FIFO_inst/read_pointer_reg[0]/C (clocked by clk_out1_design_final_clk_wiz_1_0) and design_final_i/vga_0/U0/vga_instance/display_image_inst/image_inst/use_image/RAM_reg_0_63_9_11/RAMC/I (clocked by clk_ip_out_clk_ip_core_1). Large setup violations at the end of those stages might be difficult to fix during the post-placement implementation flow and could be the result of non-optimal XDC constraints or non-optimal design architecture
Related violations: <none>

TIMING-16#16 Warning
Large setup violation  
There is a large setup violation of -5.793 ns between design_final_i/vga_0/U0/vga_instance/AXI_Stream_FIFO_inst/read_pointer_reg[1]_replica/C (clocked by clk_out1_design_final_clk_wiz_1_0) and design_final_i/vga_0/U0/vga_instance/display_image_inst/image_inst/use_image/RAM_reg_64_127_3_5/RAMB/I (clocked by clk_ip_out_clk_ip_core_1). Large setup violations at the end of those stages might be difficult to fix during the post-placement implementation flow and could be the result of non-optimal XDC constraints or non-optimal design architecture
Related violations: <none>

TIMING-16#17 Warning
Large setup violation  
There is a large setup violation of -5.799 ns between design_final_i/vga_0/U0/vga_instance/AXI_Stream_FIFO_inst/read_pointer_reg[1]_replica/C (clocked by clk_out1_design_final_clk_wiz_1_0) and design_final_i/vga_0/U0/vga_instance/display_image_inst/image_inst/use_image/RAM_reg_128_191_0_2/RAMB/I (clocked by clk_ip_out_clk_ip_core_1). Large setup violations at the end of those stages might be difficult to fix during the post-placement implementation flow and could be the result of non-optimal XDC constraints or non-optimal design architecture
Related violations: <none>

TIMING-16#18 Warning
Large setup violation  
There is a large setup violation of -5.805 ns between design_final_i/vga_0/U0/vga_instance/AXI_Stream_FIFO_inst/read_pointer_reg[1]_replica/C (clocked by clk_out1_design_final_clk_wiz_1_0) and design_final_i/vga_0/U0/vga_instance/display_image_inst/image_inst/use_image/RAM_reg_0_63_0_2/RAMB/I (clocked by clk_ip_out_clk_ip_core_1). Large setup violations at the end of those stages might be difficult to fix during the post-placement implementation flow and could be the result of non-optimal XDC constraints or non-optimal design architecture
Related violations: <none>

TIMING-16#19 Warning
Large setup violation  
There is a large setup violation of -5.815 ns between design_final_i/vga_0/U0/vga_instance/AXI_Stream_FIFO_inst/read_pointer_reg[0]/C (clocked by clk_out1_design_final_clk_wiz_1_0) and design_final_i/vga_0/U0/vga_instance/display_image_inst/image_inst/use_image/RAM_reg_128_191_6_8/RAMC/I (clocked by clk_ip_out_clk_ip_core_1). Large setup violations at the end of those stages might be difficult to fix during the post-placement implementation flow and could be the result of non-optimal XDC constraints or non-optimal design architecture
Related violations: <none>

TIMING-16#20 Warning
Large setup violation  
There is a large setup violation of -5.824 ns between design_final_i/vga_0/U0/vga_instance/AXI_Stream_FIFO_inst/read_pointer_reg[1]_replica/C (clocked by clk_out1_design_final_clk_wiz_1_0) and design_final_i/vga_0/U0/vga_instance/display_image_inst/image_inst/use_image/RAM_reg_0_63_0_2/RAMA/WADR4 (clocked by clk_ip_out_clk_ip_core_1). Large setup violations at the end of those stages might be difficult to fix during the post-placement implementation flow and could be the result of non-optimal XDC constraints or non-optimal design architecture
Related violations: <none>

TIMING-16#21 Warning
Large setup violation  
There is a large setup violation of -5.824 ns between design_final_i/vga_0/U0/vga_instance/AXI_Stream_FIFO_inst/read_pointer_reg[1]_replica/C (clocked by clk_out1_design_final_clk_wiz_1_0) and design_final_i/vga_0/U0/vga_instance/display_image_inst/image_inst/use_image/RAM_reg_0_63_0_2/RAMB/WADR4 (clocked by clk_ip_out_clk_ip_core_1). Large setup violations at the end of those stages might be difficult to fix during the post-placement implementation flow and could be the result of non-optimal XDC constraints or non-optimal design architecture
Related violations: <none>

TIMING-16#22 Warning
Large setup violation  
There is a large setup violation of -5.824 ns between design_final_i/vga_0/U0/vga_instance/AXI_Stream_FIFO_inst/read_pointer_reg[1]_replica/C (clocked by clk_out1_design_final_clk_wiz_1_0) and design_final_i/vga_0/U0/vga_instance/display_image_inst/image_inst/use_image/RAM_reg_0_63_0_2/RAMC/WADR4 (clocked by clk_ip_out_clk_ip_core_1). Large setup violations at the end of those stages might be difficult to fix during the post-placement implementation flow and could be the result of non-optimal XDC constraints or non-optimal design architecture
Related violations: <none>

TIMING-16#23 Warning
Large setup violation  
There is a large setup violation of -5.824 ns between design_final_i/vga_0/U0/vga_instance/AXI_Stream_FIFO_inst/read_pointer_reg[1]_replica/C (clocked by clk_out1_design_final_clk_wiz_1_0) and design_final_i/vga_0/U0/vga_instance/display_image_inst/image_inst/use_image/RAM_reg_0_63_0_2/RAMD/WADR4 (clocked by clk_ip_out_clk_ip_core_1). Large setup violations at the end of those stages might be difficult to fix during the post-placement implementation flow and could be the result of non-optimal XDC constraints or non-optimal design architecture
Related violations: <none>

TIMING-16#24 Warning
Large setup violation  
There is a large setup violation of -5.826 ns between design_final_i/vga_0/U0/vga_instance/AXI_Stream_FIFO_inst/read_pointer_reg[1]_replica/C (clocked by clk_out1_design_final_clk_wiz_1_0) and design_final_i/vga_0/U0/vga_instance/display_image_inst/image_inst/use_image/RAM_reg_192_255_3_5/RAMB/I (clocked by clk_ip_out_clk_ip_core_1). Large setup violations at the end of those stages might be difficult to fix during the post-placement implementation flow and could be the result of non-optimal XDC constraints or non-optimal design architecture
Related violations: <none>

TIMING-16#25 Warning
Large setup violation  
There is a large setup violation of -5.827 ns between design_final_i/vga_0/U0/vga_instance/AXI_Stream_FIFO_inst/read_pointer_reg[0]/C (clocked by clk_out1_design_final_clk_wiz_1_0) and design_final_i/vga_0/U0/vga_instance/display_image_inst/image_inst/use_image/RAM_reg_64_127_6_8/RAMC/I (clocked by clk_ip_out_clk_ip_core_1). Large setup violations at the end of those stages might be difficult to fix during the post-placement implementation flow and could be the result of non-optimal XDC constraints or non-optimal design architecture
Related violations: <none>

TIMING-16#26 Warning
Large setup violation  
There is a large setup violation of -5.827 ns between design_final_i/vga_0/U0/vga_instance/AXI_Stream_FIFO_inst/read_pointer_reg[1]_replica/C (clocked by clk_out1_design_final_clk_wiz_1_0) and design_final_i/vga_0/U0/vga_instance/display_image_inst/image_inst/use_image/RAM_reg_64_127_3_5/RAMA/WADR5 (clocked by clk_ip_out_clk_ip_core_1). Large setup violations at the end of those stages might be difficult to fix during the post-placement implementation flow and could be the result of non-optimal XDC constraints or non-optimal design architecture
Related violations: <none>

TIMING-16#27 Warning
Large setup violation  
There is a large setup violation of -5.827 ns between design_final_i/vga_0/U0/vga_instance/AXI_Stream_FIFO_inst/read_pointer_reg[1]_replica/C (clocked by clk_out1_design_final_clk_wiz_1_0) and design_final_i/vga_0/U0/vga_instance/display_image_inst/image_inst/use_image/RAM_reg_64_127_3_5/RAMB/WADR5 (clocked by clk_ip_out_clk_ip_core_1). Large setup violations at the end of those stages might be difficult to fix during the post-placement implementation flow and could be the result of non-optimal XDC constraints or non-optimal design architecture
Related violations: <none>

TIMING-16#28 Warning
Large setup violation  
There is a large setup violation of -5.827 ns between design_final_i/vga_0/U0/vga_instance/AXI_Stream_FIFO_inst/read_pointer_reg[1]_replica/C (clocked by clk_out1_design_final_clk_wiz_1_0) and design_final_i/vga_0/U0/vga_instance/display_image_inst/image_inst/use_image/RAM_reg_64_127_3_5/RAMC/WADR5 (clocked by clk_ip_out_clk_ip_core_1). Large setup violations at the end of those stages might be difficult to fix during the post-placement implementation flow and could be the result of non-optimal XDC constraints or non-optimal design architecture
Related violations: <none>

TIMING-16#29 Warning
Large setup violation  
There is a large setup violation of -5.827 ns between design_final_i/vga_0/U0/vga_instance/AXI_Stream_FIFO_inst/read_pointer_reg[1]_replica/C (clocked by clk_out1_design_final_clk_wiz_1_0) and design_final_i/vga_0/U0/vga_instance/display_image_inst/image_inst/use_image/RAM_reg_64_127_3_5/RAMD/WADR5 (clocked by clk_ip_out_clk_ip_core_1). Large setup violations at the end of those stages might be difficult to fix during the post-placement implementation flow and could be the result of non-optimal XDC constraints or non-optimal design architecture
Related violations: <none>

TIMING-16#30 Warning
Large setup violation  
There is a large setup violation of -5.828 ns between design_final_i/vga_0/U0/vga_instance/AXI_Stream_FIFO_inst/read_pointer_reg[1]_replica/C (clocked by clk_out1_design_final_clk_wiz_1_0) and design_final_i/vga_0/U0/vga_instance/display_image_inst/image_inst/use_image/RAM_reg_128_191_3_5/RAMB/I (clocked by clk_ip_out_clk_ip_core_1). Large setup violations at the end of those stages might be difficult to fix during the post-placement implementation flow and could be the result of non-optimal XDC constraints or non-optimal design architecture
Related violations: <none>

TIMING-16#31 Warning
Large setup violation  
There is a large setup violation of -5.835 ns between design_final_i/vga_0/U0/vga_instance/AXI_Stream_FIFO_inst/read_pointer_reg[0]/C (clocked by clk_out1_design_final_clk_wiz_1_0) and design_final_i/vga_0/U0/vga_instance/display_image_inst/image_inst/use_image/RAM_reg_0_63_6_8/RAMC/I (clocked by clk_ip_out_clk_ip_core_1). Large setup violations at the end of those stages might be difficult to fix during the post-placement implementation flow and could be the result of non-optimal XDC constraints or non-optimal design architecture
Related violations: <none>

TIMING-16#32 Warning
Large setup violation  
There is a large setup violation of -5.837 ns between design_final_i/vga_0/U0/vga_instance/AXI_Stream_FIFO_inst/read_pointer_reg[0]/C (clocked by clk_out1_design_final_clk_wiz_1_0) and design_final_i/vga_0/U0/vga_instance/display_image_inst/image_inst/use_image/RAM_reg_192_255_9_11/RAMC/I (clocked by clk_ip_out_clk_ip_core_1). Large setup violations at the end of those stages might be difficult to fix during the post-placement implementation flow and could be the result of non-optimal XDC constraints or non-optimal design architecture
Related violations: <none>

TIMING-16#33 Warning
Large setup violation  
There is a large setup violation of -5.847 ns between design_final_i/vga_0/U0/vga_instance/AXI_Stream_FIFO_inst/read_pointer_reg[0]/C (clocked by clk_out1_design_final_clk_wiz_1_0) and design_final_i/vga_0/U0/vga_instance/display_image_inst/image_inst/use_image/RAM_reg_128_191_9_11/RAMB/I (clocked by clk_ip_out_clk_ip_core_1). Large setup violations at the end of those stages might be difficult to fix during the post-placement implementation flow and could be the result of non-optimal XDC constraints or non-optimal design architecture
Related violations: <none>

TIMING-16#34 Warning
Large setup violation  
There is a large setup violation of -5.848 ns between design_final_i/vga_0/U0/vga_instance/AXI_Stream_FIFO_inst/read_pointer_reg[1]_replica/C (clocked by clk_out1_design_final_clk_wiz_1_0) and design_final_i/vga_0/U0/vga_instance/display_image_inst/image_inst/use_image/RAM_reg_0_63_0_2/RAMA/WADR5 (clocked by clk_ip_out_clk_ip_core_1). Large setup violations at the end of those stages might be difficult to fix during the post-placement implementation flow and could be the result of non-optimal XDC constraints or non-optimal design architecture
Related violations: <none>

TIMING-16#35 Warning
Large setup violation  
There is a large setup violation of -5.848 ns between design_final_i/vga_0/U0/vga_instance/AXI_Stream_FIFO_inst/read_pointer_reg[1]_replica/C (clocked by clk_out1_design_final_clk_wiz_1_0) and design_final_i/vga_0/U0/vga_instance/display_image_inst/image_inst/use_image/RAM_reg_0_63_0_2/RAMB/WADR5 (clocked by clk_ip_out_clk_ip_core_1). Large setup violations at the end of those stages might be difficult to fix during the post-placement implementation flow and could be the result of non-optimal XDC constraints or non-optimal design architecture
Related violations: <none>

TIMING-16#36 Warning
Large setup violation  
There is a large setup violation of -5.848 ns between design_final_i/vga_0/U0/vga_instance/AXI_Stream_FIFO_inst/read_pointer_reg[1]_replica/C (clocked by clk_out1_design_final_clk_wiz_1_0) and design_final_i/vga_0/U0/vga_instance/display_image_inst/image_inst/use_image/RAM_reg_0_63_0_2/RAMC/WADR5 (clocked by clk_ip_out_clk_ip_core_1). Large setup violations at the end of those stages might be difficult to fix during the post-placement implementation flow and could be the result of non-optimal XDC constraints or non-optimal design architecture
Related violations: <none>

TIMING-16#37 Warning
Large setup violation  
There is a large setup violation of -5.848 ns between design_final_i/vga_0/U0/vga_instance/AXI_Stream_FIFO_inst/read_pointer_reg[1]_replica/C (clocked by clk_out1_design_final_clk_wiz_1_0) and design_final_i/vga_0/U0/vga_instance/display_image_inst/image_inst/use_image/RAM_reg_0_63_0_2/RAMD/WADR5 (clocked by clk_ip_out_clk_ip_core_1). Large setup violations at the end of those stages might be difficult to fix during the post-placement implementation flow and could be the result of non-optimal XDC constraints or non-optimal design architecture
Related violations: <none>

TIMING-16#38 Warning
Large setup violation  
There is a large setup violation of -5.856 ns between design_final_i/vga_0/U0/vga_instance/AXI_Stream_FIFO_inst/read_pointer_reg[0]/C (clocked by clk_out1_design_final_clk_wiz_1_0) and design_final_i/vga_0/U0/vga_instance/display_image_inst/image_inst/use_image/RAM_reg_0_63_3_5/RAMA/WADR2 (clocked by clk_ip_out_clk_ip_core_1). Large setup violations at the end of those stages might be difficult to fix during the post-placement implementation flow and could be the result of non-optimal XDC constraints or non-optimal design architecture
Related violations: <none>

TIMING-16#39 Warning
Large setup violation  
There is a large setup violation of -5.856 ns between design_final_i/vga_0/U0/vga_instance/AXI_Stream_FIFO_inst/read_pointer_reg[0]/C (clocked by clk_out1_design_final_clk_wiz_1_0) and design_final_i/vga_0/U0/vga_instance/display_image_inst/image_inst/use_image/RAM_reg_0_63_3_5/RAMB/WADR2 (clocked by clk_ip_out_clk_ip_core_1). Large setup violations at the end of those stages might be difficult to fix during the post-placement implementation flow and could be the result of non-optimal XDC constraints or non-optimal design architecture
Related violations: <none>

TIMING-16#40 Warning
Large setup violation  
There is a large setup violation of -5.856 ns between design_final_i/vga_0/U0/vga_instance/AXI_Stream_FIFO_inst/read_pointer_reg[0]/C (clocked by clk_out1_design_final_clk_wiz_1_0) and design_final_i/vga_0/U0/vga_instance/display_image_inst/image_inst/use_image/RAM_reg_0_63_3_5/RAMC/WADR2 (clocked by clk_ip_out_clk_ip_core_1). Large setup violations at the end of those stages might be difficult to fix during the post-placement implementation flow and could be the result of non-optimal XDC constraints or non-optimal design architecture
Related violations: <none>

TIMING-16#41 Warning
Large setup violation  
There is a large setup violation of -5.856 ns between design_final_i/vga_0/U0/vga_instance/AXI_Stream_FIFO_inst/read_pointer_reg[0]/C (clocked by clk_out1_design_final_clk_wiz_1_0) and design_final_i/vga_0/U0/vga_instance/display_image_inst/image_inst/use_image/RAM_reg_0_63_3_5/RAMD/WADR2 (clocked by clk_ip_out_clk_ip_core_1). Large setup violations at the end of those stages might be difficult to fix during the post-placement implementation flow and could be the result of non-optimal XDC constraints or non-optimal design architecture
Related violations: <none>

TIMING-16#42 Warning
Large setup violation  
There is a large setup violation of -5.856 ns between design_final_i/vga_0/U0/vga_instance/AXI_Stream_FIFO_inst/read_pointer_reg[1]_replica/C (clocked by clk_out1_design_final_clk_wiz_1_0) and design_final_i/vga_0/U0/vga_instance/display_image_inst/image_inst/use_image/RAM_reg_0_63_0_2/RAMA/I (clocked by clk_ip_out_clk_ip_core_1). Large setup violations at the end of those stages might be difficult to fix during the post-placement implementation flow and could be the result of non-optimal XDC constraints or non-optimal design architecture
Related violations: <none>

TIMING-16#43 Warning
Large setup violation  
There is a large setup violation of -5.858 ns between design_final_i/vga_0/U0/vga_instance/AXI_Stream_FIFO_inst/read_pointer_reg[1]_replica/C (clocked by clk_out1_design_final_clk_wiz_1_0) and design_final_i/vga_0/U0/vga_instance/display_image_inst/image_inst/use_image/RAM_reg_192_255_0_2/RAMA/I (clocked by clk_ip_out_clk_ip_core_1). Large setup violations at the end of those stages might be difficult to fix during the post-placement implementation flow and could be the result of non-optimal XDC constraints or non-optimal design architecture
Related violations: <none>

TIMING-16#44 Warning
Large setup violation  
There is a large setup violation of -5.859 ns between design_final_i/vga_0/U0/vga_instance/AXI_Stream_FIFO_inst/read_pointer_reg[1]_replica/C (clocked by clk_out1_design_final_clk_wiz_1_0) and design_final_i/vga_0/U0/vga_instance/display_image_inst/image_inst/use_image/RAM_reg_64_127_0_2/RAMC/I (clocked by clk_ip_out_clk_ip_core_1). Large setup violations at the end of those stages might be difficult to fix during the post-placement implementation flow and could be the result of non-optimal XDC constraints or non-optimal design architecture
Related violations: <none>

TIMING-16#45 Warning
Large setup violation  
There is a large setup violation of -5.861 ns between design_final_i/vga_0/U0/vga_instance/AXI_Stream_FIFO_inst/read_pointer_reg[1]_replica/C (clocked by clk_out1_design_final_clk_wiz_1_0) and design_final_i/vga_0/U0/vga_instance/display_image_inst/image_inst/use_image/RAM_reg_192_255_3_5/RAMA/WADR4 (clocked by clk_ip_out_clk_ip_core_1). Large setup violations at the end of those stages might be difficult to fix during the post-placement implementation flow and could be the result of non-optimal XDC constraints or non-optimal design architecture
Related violations: <none>

TIMING-16#46 Warning
Large setup violation  
There is a large setup violation of -5.861 ns between design_final_i/vga_0/U0/vga_instance/AXI_Stream_FIFO_inst/read_pointer_reg[1]_replica/C (clocked by clk_out1_design_final_clk_wiz_1_0) and design_final_i/vga_0/U0/vga_instance/display_image_inst/image_inst/use_image/RAM_reg_192_255_3_5/RAMB/WADR4 (clocked by clk_ip_out_clk_ip_core_1). Large setup violations at the end of those stages might be difficult to fix during the post-placement implementation flow and could be the result of non-optimal XDC constraints or non-optimal design architecture
Related violations: <none>

TIMING-16#47 Warning
Large setup violation  
There is a large setup violation of -5.861 ns between design_final_i/vga_0/U0/vga_instance/AXI_Stream_FIFO_inst/read_pointer_reg[1]_replica/C (clocked by clk_out1_design_final_clk_wiz_1_0) and design_final_i/vga_0/U0/vga_instance/display_image_inst/image_inst/use_image/RAM_reg_192_255_3_5/RAMC/WADR4 (clocked by clk_ip_out_clk_ip_core_1). Large setup violations at the end of those stages might be difficult to fix during the post-placement implementation flow and could be the result of non-optimal XDC constraints or non-optimal design architecture
Related violations: <none>

TIMING-16#48 Warning
Large setup violation  
There is a large setup violation of -5.861 ns between design_final_i/vga_0/U0/vga_instance/AXI_Stream_FIFO_inst/read_pointer_reg[1]_replica/C (clocked by clk_out1_design_final_clk_wiz_1_0) and design_final_i/vga_0/U0/vga_instance/display_image_inst/image_inst/use_image/RAM_reg_192_255_3_5/RAMD/WADR4 (clocked by clk_ip_out_clk_ip_core_1). Large setup violations at the end of those stages might be difficult to fix during the post-placement implementation flow and could be the result of non-optimal XDC constraints or non-optimal design architecture
Related violations: <none>

TIMING-16#49 Warning
Large setup violation  
There is a large setup violation of -5.862 ns between design_final_i/vga_0/U0/vga_instance/AXI_Stream_FIFO_inst/read_pointer_reg[1]_replica/C (clocked by clk_out1_design_final_clk_wiz_1_0) and design_final_i/vga_0/U0/vga_instance/display_image_inst/image_inst/use_image/RAM_reg_64_127_3_5/RAMA/WADR4 (clocked by clk_ip_out_clk_ip_core_1). Large setup violations at the end of those stages might be difficult to fix during the post-placement implementation flow and could be the result of non-optimal XDC constraints or non-optimal design architecture
Related violations: <none>

TIMING-16#50 Warning
Large setup violation  
There is a large setup violation of -5.862 ns between design_final_i/vga_0/U0/vga_instance/AXI_Stream_FIFO_inst/read_pointer_reg[1]_replica/C (clocked by clk_out1_design_final_clk_wiz_1_0) and design_final_i/vga_0/U0/vga_instance/display_image_inst/image_inst/use_image/RAM_reg_64_127_3_5/RAMB/WADR4 (clocked by clk_ip_out_clk_ip_core_1). Large setup violations at the end of those stages might be difficult to fix during the post-placement implementation flow and could be the result of non-optimal XDC constraints or non-optimal design architecture
Related violations: <none>

TIMING-16#51 Warning
Large setup violation  
There is a large setup violation of -5.862 ns between design_final_i/vga_0/U0/vga_instance/AXI_Stream_FIFO_inst/read_pointer_reg[1]_replica/C (clocked by clk_out1_design_final_clk_wiz_1_0) and design_final_i/vga_0/U0/vga_instance/display_image_inst/image_inst/use_image/RAM_reg_64_127_3_5/RAMC/WADR4 (clocked by clk_ip_out_clk_ip_core_1). Large setup violations at the end of those stages might be difficult to fix during the post-placement implementation flow and could be the result of non-optimal XDC constraints or non-optimal design architecture
Related violations: <none>

TIMING-16#52 Warning
Large setup violation  
There is a large setup violation of -5.862 ns between design_final_i/vga_0/U0/vga_instance/AXI_Stream_FIFO_inst/read_pointer_reg[1]_replica/C (clocked by clk_out1_design_final_clk_wiz_1_0) and design_final_i/vga_0/U0/vga_instance/display_image_inst/image_inst/use_image/RAM_reg_64_127_3_5/RAMD/WADR4 (clocked by clk_ip_out_clk_ip_core_1). Large setup violations at the end of those stages might be difficult to fix during the post-placement implementation flow and could be the result of non-optimal XDC constraints or non-optimal design architecture
Related violations: <none>

TIMING-16#53 Warning
Large setup violation  
There is a large setup violation of -5.867 ns between design_final_i/vga_0/U0/vga_instance/AXI_Stream_FIFO_inst/read_pointer_reg[1]_replica/C (clocked by clk_out1_design_final_clk_wiz_1_0) and design_final_i/vga_0/U0/vga_instance/display_image_inst/image_inst/use_image/RAM_reg_128_191_0_2/RAMA/WADR5 (clocked by clk_ip_out_clk_ip_core_1). Large setup violations at the end of those stages might be difficult to fix during the post-placement implementation flow and could be the result of non-optimal XDC constraints or non-optimal design architecture
Related violations: <none>

TIMING-16#54 Warning
Large setup violation  
There is a large setup violation of -5.867 ns between design_final_i/vga_0/U0/vga_instance/AXI_Stream_FIFO_inst/read_pointer_reg[1]_replica/C (clocked by clk_out1_design_final_clk_wiz_1_0) and design_final_i/vga_0/U0/vga_instance/display_image_inst/image_inst/use_image/RAM_reg_128_191_0_2/RAMB/WADR5 (clocked by clk_ip_out_clk_ip_core_1). Large setup violations at the end of those stages might be difficult to fix during the post-placement implementation flow and could be the result of non-optimal XDC constraints or non-optimal design architecture
Related violations: <none>

TIMING-16#55 Warning
Large setup violation  
There is a large setup violation of -5.867 ns between design_final_i/vga_0/U0/vga_instance/AXI_Stream_FIFO_inst/read_pointer_reg[1]_replica/C (clocked by clk_out1_design_final_clk_wiz_1_0) and design_final_i/vga_0/U0/vga_instance/display_image_inst/image_inst/use_image/RAM_reg_128_191_0_2/RAMC/WADR5 (clocked by clk_ip_out_clk_ip_core_1). Large setup violations at the end of those stages might be difficult to fix during the post-placement implementation flow and could be the result of non-optimal XDC constraints or non-optimal design architecture
Related violations: <none>

TIMING-16#56 Warning
Large setup violation  
There is a large setup violation of -5.867 ns between design_final_i/vga_0/U0/vga_instance/AXI_Stream_FIFO_inst/read_pointer_reg[1]_replica/C (clocked by clk_out1_design_final_clk_wiz_1_0) and design_final_i/vga_0/U0/vga_instance/display_image_inst/image_inst/use_image/RAM_reg_128_191_0_2/RAMD/WADR5 (clocked by clk_ip_out_clk_ip_core_1). Large setup violations at the end of those stages might be difficult to fix during the post-placement implementation flow and could be the result of non-optimal XDC constraints or non-optimal design architecture
Related violations: <none>

TIMING-16#57 Warning
Large setup violation  
There is a large setup violation of -5.868 ns between design_final_i/vga_0/U0/vga_instance/AXI_Stream_FIFO_inst/read_pointer_reg[1]_replica/C (clocked by clk_out1_design_final_clk_wiz_1_0) and design_final_i/vga_0/U0/vga_instance/display_image_inst/image_inst/use_image/RAM_reg_192_255_0_2/RAMA/WADR5 (clocked by clk_ip_out_clk_ip_core_1). Large setup violations at the end of those stages might be difficult to fix during the post-placement implementation flow and could be the result of non-optimal XDC constraints or non-optimal design architecture
Related violations: <none>

TIMING-16#58 Warning
Large setup violation  
There is a large setup violation of -5.868 ns between design_final_i/vga_0/U0/vga_instance/AXI_Stream_FIFO_inst/read_pointer_reg[1]_replica/C (clocked by clk_out1_design_final_clk_wiz_1_0) and design_final_i/vga_0/U0/vga_instance/display_image_inst/image_inst/use_image/RAM_reg_192_255_0_2/RAMB/WADR5 (clocked by clk_ip_out_clk_ip_core_1). Large setup violations at the end of those stages might be difficult to fix during the post-placement implementation flow and could be the result of non-optimal XDC constraints or non-optimal design architecture
Related violations: <none>

TIMING-16#59 Warning
Large setup violation  
There is a large setup violation of -5.868 ns between design_final_i/vga_0/U0/vga_instance/AXI_Stream_FIFO_inst/read_pointer_reg[1]_replica/C (clocked by clk_out1_design_final_clk_wiz_1_0) and design_final_i/vga_0/U0/vga_instance/display_image_inst/image_inst/use_image/RAM_reg_192_255_0_2/RAMC/WADR5 (clocked by clk_ip_out_clk_ip_core_1). Large setup violations at the end of those stages might be difficult to fix during the post-placement implementation flow and could be the result of non-optimal XDC constraints or non-optimal design architecture
Related violations: <none>

TIMING-16#60 Warning
Large setup violation  
There is a large setup violation of -5.868 ns between design_final_i/vga_0/U0/vga_instance/AXI_Stream_FIFO_inst/read_pointer_reg[1]_replica/C (clocked by clk_out1_design_final_clk_wiz_1_0) and design_final_i/vga_0/U0/vga_instance/display_image_inst/image_inst/use_image/RAM_reg_192_255_0_2/RAMD/WADR5 (clocked by clk_ip_out_clk_ip_core_1). Large setup violations at the end of those stages might be difficult to fix during the post-placement implementation flow and could be the result of non-optimal XDC constraints or non-optimal design architecture
Related violations: <none>

TIMING-16#61 Warning
Large setup violation  
There is a large setup violation of -5.870 ns between design_final_i/vga_0/U0/vga_instance/AXI_Stream_FIFO_inst/read_pointer_reg[3]/C (clocked by clk_out1_design_final_clk_wiz_1_0) and design_final_i/vga_0/U0/vga_instance/display_image_inst/image_inst/use_image/RAM_reg_0_63_0_2/RAMA/WE (clocked by clk_ip_out_clk_ip_core_1). Large setup violations at the end of those stages might be difficult to fix during the post-placement implementation flow and could be the result of non-optimal XDC constraints or non-optimal design architecture
Related violations: <none>

TIMING-16#62 Warning
Large setup violation  
There is a large setup violation of -5.870 ns between design_final_i/vga_0/U0/vga_instance/AXI_Stream_FIFO_inst/read_pointer_reg[3]/C (clocked by clk_out1_design_final_clk_wiz_1_0) and design_final_i/vga_0/U0/vga_instance/display_image_inst/image_inst/use_image/RAM_reg_0_63_0_2/RAMB/WE (clocked by clk_ip_out_clk_ip_core_1). Large setup violations at the end of those stages might be difficult to fix during the post-placement implementation flow and could be the result of non-optimal XDC constraints or non-optimal design architecture
Related violations: <none>

TIMING-16#63 Warning
Large setup violation  
There is a large setup violation of -5.870 ns between design_final_i/vga_0/U0/vga_instance/AXI_Stream_FIFO_inst/read_pointer_reg[3]/C (clocked by clk_out1_design_final_clk_wiz_1_0) and design_final_i/vga_0/U0/vga_instance/display_image_inst/image_inst/use_image/RAM_reg_0_63_0_2/RAMC/WE (clocked by clk_ip_out_clk_ip_core_1). Large setup violations at the end of those stages might be difficult to fix during the post-placement implementation flow and could be the result of non-optimal XDC constraints or non-optimal design architecture
Related violations: <none>

TIMING-16#64 Warning
Large setup violation  
There is a large setup violation of -5.870 ns between design_final_i/vga_0/U0/vga_instance/AXI_Stream_FIFO_inst/read_pointer_reg[3]/C (clocked by clk_out1_design_final_clk_wiz_1_0) and design_final_i/vga_0/U0/vga_instance/display_image_inst/image_inst/use_image/RAM_reg_0_63_0_2/RAMD/WE (clocked by clk_ip_out_clk_ip_core_1). Large setup violations at the end of those stages might be difficult to fix during the post-placement implementation flow and could be the result of non-optimal XDC constraints or non-optimal design architecture
Related violations: <none>

TIMING-16#65 Warning
Large setup violation  
There is a large setup violation of -5.872 ns between design_final_i/vga_0/U0/vga_instance/AXI_Stream_FIFO_inst/read_pointer_reg[0]/C (clocked by clk_out1_design_final_clk_wiz_1_0) and design_final_i/vga_0/U0/vga_instance/display_image_inst/image_inst/use_image/RAM_reg_128_191_9_11/RAMC/I (clocked by clk_ip_out_clk_ip_core_1). Large setup violations at the end of those stages might be difficult to fix during the post-placement implementation flow and could be the result of non-optimal XDC constraints or non-optimal design architecture
Related violations: <none>

TIMING-16#66 Warning
Large setup violation  
There is a large setup violation of -5.876 ns between design_final_i/vga_0/U0/vga_instance/AXI_Stream_FIFO_inst/read_pointer_reg[1]_replica/C (clocked by clk_out1_design_final_clk_wiz_1_0) and design_final_i/vga_0/U0/vga_instance/display_image_inst/image_inst/use_image/RAM_reg_0_63_0_2/RAMC/I (clocked by clk_ip_out_clk_ip_core_1). Large setup violations at the end of those stages might be difficult to fix during the post-placement implementation flow and could be the result of non-optimal XDC constraints or non-optimal design architecture
Related violations: <none>

TIMING-16#67 Warning
Large setup violation  
There is a large setup violation of -5.876 ns between design_final_i/vga_0/U0/vga_instance/AXI_Stream_FIFO_inst/read_pointer_reg[1]_replica/C (clocked by clk_out1_design_final_clk_wiz_1_0) and design_final_i/vga_0/U0/vga_instance/display_image_inst/image_inst/use_image/RAM_reg_0_63_3_5/RAMB/I (clocked by clk_ip_out_clk_ip_core_1). Large setup violations at the end of those stages might be difficult to fix during the post-placement implementation flow and could be the result of non-optimal XDC constraints or non-optimal design architecture
Related violations: <none>

TIMING-16#68 Warning
Large setup violation  
There is a large setup violation of -5.877 ns between design_final_i/vga_0/U0/vga_instance/AXI_Stream_FIFO_inst/read_pointer_reg[1]_replica/C (clocked by clk_out1_design_final_clk_wiz_1_0) and design_final_i/vga_0/U0/vga_instance/display_image_inst/image_inst/use_image/RAM_reg_0_63_3_5/RAMA/I (clocked by clk_ip_out_clk_ip_core_1). Large setup violations at the end of those stages might be difficult to fix during the post-placement implementation flow and could be the result of non-optimal XDC constraints or non-optimal design architecture
Related violations: <none>

TIMING-16#69 Warning
Large setup violation  
There is a large setup violation of -5.877 ns between design_final_i/vga_0/U0/vga_instance/AXI_Stream_FIFO_inst/read_pointer_reg[1]_replica/C (clocked by clk_out1_design_final_clk_wiz_1_0) and design_final_i/vga_0/U0/vga_instance/display_image_inst/image_inst/use_image/RAM_reg_128_191_0_2/RAMA/I (clocked by clk_ip_out_clk_ip_core_1). Large setup violations at the end of those stages might be difficult to fix during the post-placement implementation flow and could be the result of non-optimal XDC constraints or non-optimal design architecture
Related violations: <none>

TIMING-16#70 Warning
Large setup violation  
There is a large setup violation of -5.878 ns between design_final_i/vga_0/U0/vga_instance/AXI_Stream_FIFO_inst/read_pointer_reg[1]_replica/C (clocked by clk_out1_design_final_clk_wiz_1_0) and design_final_i/vga_0/U0/vga_instance/display_image_inst/image_inst/use_image/RAM_reg_192_255_0_2/RAMA/WADR4 (clocked by clk_ip_out_clk_ip_core_1). Large setup violations at the end of those stages might be difficult to fix during the post-placement implementation flow and could be the result of non-optimal XDC constraints or non-optimal design architecture
Related violations: <none>

TIMING-16#71 Warning
Large setup violation  
There is a large setup violation of -5.878 ns between design_final_i/vga_0/U0/vga_instance/AXI_Stream_FIFO_inst/read_pointer_reg[1]_replica/C (clocked by clk_out1_design_final_clk_wiz_1_0) and design_final_i/vga_0/U0/vga_instance/display_image_inst/image_inst/use_image/RAM_reg_192_255_0_2/RAMB/WADR4 (clocked by clk_ip_out_clk_ip_core_1). Large setup violations at the end of those stages might be difficult to fix during the post-placement implementation flow and could be the result of non-optimal XDC constraints or non-optimal design architecture
Related violations: <none>

TIMING-16#72 Warning
Large setup violation  
There is a large setup violation of -5.878 ns between design_final_i/vga_0/U0/vga_instance/AXI_Stream_FIFO_inst/read_pointer_reg[1]_replica/C (clocked by clk_out1_design_final_clk_wiz_1_0) and design_final_i/vga_0/U0/vga_instance/display_image_inst/image_inst/use_image/RAM_reg_192_255_0_2/RAMC/WADR4 (clocked by clk_ip_out_clk_ip_core_1). Large setup violations at the end of those stages might be difficult to fix during the post-placement implementation flow and could be the result of non-optimal XDC constraints or non-optimal design architecture
Related violations: <none>

TIMING-16#73 Warning
Large setup violation  
There is a large setup violation of -5.878 ns between design_final_i/vga_0/U0/vga_instance/AXI_Stream_FIFO_inst/read_pointer_reg[1]_replica/C (clocked by clk_out1_design_final_clk_wiz_1_0) and design_final_i/vga_0/U0/vga_instance/display_image_inst/image_inst/use_image/RAM_reg_192_255_0_2/RAMD/WADR4 (clocked by clk_ip_out_clk_ip_core_1). Large setup violations at the end of those stages might be difficult to fix during the post-placement implementation flow and could be the result of non-optimal XDC constraints or non-optimal design architecture
Related violations: <none>

TIMING-16#74 Warning
Large setup violation  
There is a large setup violation of -5.881 ns between design_final_i/vga_0/U0/vga_instance/AXI_Stream_FIFO_inst/read_pointer_reg[0]/C (clocked by clk_out1_design_final_clk_wiz_1_0) and design_final_i/vga_0/U0/vga_instance/display_image_inst/image_inst/use_image/RAM_reg_0_63_9_11/RAMB/I (clocked by clk_ip_out_clk_ip_core_1). Large setup violations at the end of those stages might be difficult to fix during the post-placement implementation flow and could be the result of non-optimal XDC constraints or non-optimal design architecture
Related violations: <none>

TIMING-16#75 Warning
Large setup violation  
There is a large setup violation of -5.881 ns between design_final_i/vga_0/U0/vga_instance/AXI_Stream_FIFO_inst/read_pointer_reg[1]_replica/C (clocked by clk_out1_design_final_clk_wiz_1_0) and design_final_i/vga_0/U0/vga_instance/display_image_inst/image_inst/use_image/RAM_reg_192_255_3_5/RAMA/WADR5 (clocked by clk_ip_out_clk_ip_core_1). Large setup violations at the end of those stages might be difficult to fix during the post-placement implementation flow and could be the result of non-optimal XDC constraints or non-optimal design architecture
Related violations: <none>

TIMING-16#76 Warning
Large setup violation  
There is a large setup violation of -5.881 ns between design_final_i/vga_0/U0/vga_instance/AXI_Stream_FIFO_inst/read_pointer_reg[1]_replica/C (clocked by clk_out1_design_final_clk_wiz_1_0) and design_final_i/vga_0/U0/vga_instance/display_image_inst/image_inst/use_image/RAM_reg_192_255_3_5/RAMB/WADR5 (clocked by clk_ip_out_clk_ip_core_1). Large setup violations at the end of those stages might be difficult to fix during the post-placement implementation flow and could be the result of non-optimal XDC constraints or non-optimal design architecture
Related violations: <none>

TIMING-16#77 Warning
Large setup violation  
There is a large setup violation of -5.881 ns between design_final_i/vga_0/U0/vga_instance/AXI_Stream_FIFO_inst/read_pointer_reg[1]_replica/C (clocked by clk_out1_design_final_clk_wiz_1_0) and design_final_i/vga_0/U0/vga_instance/display_image_inst/image_inst/use_image/RAM_reg_192_255_3_5/RAMC/WADR5 (clocked by clk_ip_out_clk_ip_core_1). Large setup violations at the end of those stages might be difficult to fix during the post-placement implementation flow and could be the result of non-optimal XDC constraints or non-optimal design architecture
Related violations: <none>

TIMING-16#78 Warning
Large setup violation  
There is a large setup violation of -5.881 ns between design_final_i/vga_0/U0/vga_instance/AXI_Stream_FIFO_inst/read_pointer_reg[1]_replica/C (clocked by clk_out1_design_final_clk_wiz_1_0) and design_final_i/vga_0/U0/vga_instance/display_image_inst/image_inst/use_image/RAM_reg_192_255_3_5/RAMD/WADR5 (clocked by clk_ip_out_clk_ip_core_1). Large setup violations at the end of those stages might be difficult to fix during the post-placement implementation flow and could be the result of non-optimal XDC constraints or non-optimal design architecture
Related violations: <none>

TIMING-16#79 Warning
Large setup violation  
There is a large setup violation of -5.886 ns between design_final_i/vga_0/U0/vga_instance/AXI_Stream_FIFO_inst/read_pointer_reg[1]_replica/C (clocked by clk_out1_design_final_clk_wiz_1_0) and design_final_i/vga_0/U0/vga_instance/display_image_inst/image_inst/use_image/RAM_reg_64_127_9_11/RAMA/WADR5 (clocked by clk_ip_out_clk_ip_core_1). Large setup violations at the end of those stages might be difficult to fix during the post-placement implementation flow and could be the result of non-optimal XDC constraints or non-optimal design architecture
Related violations: <none>

TIMING-16#80 Warning
Large setup violation  
There is a large setup violation of -5.886 ns between design_final_i/vga_0/U0/vga_instance/AXI_Stream_FIFO_inst/read_pointer_reg[1]_replica/C (clocked by clk_out1_design_final_clk_wiz_1_0) and design_final_i/vga_0/U0/vga_instance/display_image_inst/image_inst/use_image/RAM_reg_64_127_9_11/RAMB/WADR5 (clocked by clk_ip_out_clk_ip_core_1). Large setup violations at the end of those stages might be difficult to fix during the post-placement implementation flow and could be the result of non-optimal XDC constraints or non-optimal design architecture
Related violations: <none>

TIMING-16#81 Warning
Large setup violation  
There is a large setup violation of -5.886 ns between design_final_i/vga_0/U0/vga_instance/AXI_Stream_FIFO_inst/read_pointer_reg[1]_replica/C (clocked by clk_out1_design_final_clk_wiz_1_0) and design_final_i/vga_0/U0/vga_instance/display_image_inst/image_inst/use_image/RAM_reg_64_127_9_11/RAMC/WADR5 (clocked by clk_ip_out_clk_ip_core_1). Large setup violations at the end of those stages might be difficult to fix during the post-placement implementation flow and could be the result of non-optimal XDC constraints or non-optimal design architecture
Related violations: <none>

TIMING-16#82 Warning
Large setup violation  
There is a large setup violation of -5.886 ns between design_final_i/vga_0/U0/vga_instance/AXI_Stream_FIFO_inst/read_pointer_reg[1]_replica/C (clocked by clk_out1_design_final_clk_wiz_1_0) and design_final_i/vga_0/U0/vga_instance/display_image_inst/image_inst/use_image/RAM_reg_64_127_9_11/RAMD/WADR5 (clocked by clk_ip_out_clk_ip_core_1). Large setup violations at the end of those stages might be difficult to fix during the post-placement implementation flow and could be the result of non-optimal XDC constraints or non-optimal design architecture
Related violations: <none>

TIMING-16#83 Warning
Large setup violation  
There is a large setup violation of -5.887 ns between design_final_i/vga_0/U0/vga_instance/AXI_Stream_FIFO_inst/read_pointer_reg[1]_replica/C (clocked by clk_out1_design_final_clk_wiz_1_0) and design_final_i/vga_0/U0/vga_instance/display_image_inst/image_inst/use_image/RAM_reg_64_127_0_2/RAMA/I (clocked by clk_ip_out_clk_ip_core_1). Large setup violations at the end of those stages might be difficult to fix during the post-placement implementation flow and could be the result of non-optimal XDC constraints or non-optimal design architecture
Related violations: <none>

TIMING-16#84 Warning
Large setup violation  
There is a large setup violation of -5.895 ns between design_final_i/vga_0/U0/vga_instance/AXI_Stream_FIFO_inst/read_pointer_reg[3]/C (clocked by clk_out1_design_final_clk_wiz_1_0) and design_final_i/vga_0/U0/vga_instance/display_image_inst/image_inst/use_image/RAM_reg_0_63_6_8/RAMA/WE (clocked by clk_ip_out_clk_ip_core_1). Large setup violations at the end of those stages might be difficult to fix during the post-placement implementation flow and could be the result of non-optimal XDC constraints or non-optimal design architecture
Related violations: <none>

TIMING-16#85 Warning
Large setup violation  
There is a large setup violation of -5.895 ns between design_final_i/vga_0/U0/vga_instance/AXI_Stream_FIFO_inst/read_pointer_reg[3]/C (clocked by clk_out1_design_final_clk_wiz_1_0) and design_final_i/vga_0/U0/vga_instance/display_image_inst/image_inst/use_image/RAM_reg_0_63_6_8/RAMB/WE (clocked by clk_ip_out_clk_ip_core_1). Large setup violations at the end of those stages might be difficult to fix during the post-placement implementation flow and could be the result of non-optimal XDC constraints or non-optimal design architecture
Related violations: <none>

TIMING-16#86 Warning
Large setup violation  
There is a large setup violation of -5.895 ns between design_final_i/vga_0/U0/vga_instance/AXI_Stream_FIFO_inst/read_pointer_reg[3]/C (clocked by clk_out1_design_final_clk_wiz_1_0) and design_final_i/vga_0/U0/vga_instance/display_image_inst/image_inst/use_image/RAM_reg_0_63_6_8/RAMC/WE (clocked by clk_ip_out_clk_ip_core_1). Large setup violations at the end of those stages might be difficult to fix during the post-placement implementation flow and could be the result of non-optimal XDC constraints or non-optimal design architecture
Related violations: <none>

TIMING-16#87 Warning
Large setup violation  
There is a large setup violation of -5.895 ns between design_final_i/vga_0/U0/vga_instance/AXI_Stream_FIFO_inst/read_pointer_reg[3]/C (clocked by clk_out1_design_final_clk_wiz_1_0) and design_final_i/vga_0/U0/vga_instance/display_image_inst/image_inst/use_image/RAM_reg_0_63_6_8/RAMD/WE (clocked by clk_ip_out_clk_ip_core_1). Large setup violations at the end of those stages might be difficult to fix during the post-placement implementation flow and could be the result of non-optimal XDC constraints or non-optimal design architecture
Related violations: <none>

TIMING-16#88 Warning
Large setup violation  
There is a large setup violation of -5.896 ns between design_final_i/vga_0/U0/vga_instance/AXI_Stream_FIFO_inst/read_pointer_reg[1]_replica/C (clocked by clk_out1_design_final_clk_wiz_1_0) and design_final_i/vga_0/U0/vga_instance/display_image_inst/image_inst/use_image/RAM_reg_192_255_9_11/RAMA/WADR5 (clocked by clk_ip_out_clk_ip_core_1). Large setup violations at the end of those stages might be difficult to fix during the post-placement implementation flow and could be the result of non-optimal XDC constraints or non-optimal design architecture
Related violations: <none>

TIMING-16#89 Warning
Large setup violation  
There is a large setup violation of -5.896 ns between design_final_i/vga_0/U0/vga_instance/AXI_Stream_FIFO_inst/read_pointer_reg[1]_replica/C (clocked by clk_out1_design_final_clk_wiz_1_0) and design_final_i/vga_0/U0/vga_instance/display_image_inst/image_inst/use_image/RAM_reg_192_255_9_11/RAMB/WADR5 (clocked by clk_ip_out_clk_ip_core_1). Large setup violations at the end of those stages might be difficult to fix during the post-placement implementation flow and could be the result of non-optimal XDC constraints or non-optimal design architecture
Related violations: <none>

TIMING-16#90 Warning
Large setup violation  
There is a large setup violation of -5.896 ns between design_final_i/vga_0/U0/vga_instance/AXI_Stream_FIFO_inst/read_pointer_reg[1]_replica/C (clocked by clk_out1_design_final_clk_wiz_1_0) and design_final_i/vga_0/U0/vga_instance/display_image_inst/image_inst/use_image/RAM_reg_192_255_9_11/RAMC/WADR5 (clocked by clk_ip_out_clk_ip_core_1). Large setup violations at the end of those stages might be difficult to fix during the post-placement implementation flow and could be the result of non-optimal XDC constraints or non-optimal design architecture
Related violations: <none>

TIMING-16#91 Warning
Large setup violation  
There is a large setup violation of -5.896 ns between design_final_i/vga_0/U0/vga_instance/AXI_Stream_FIFO_inst/read_pointer_reg[1]_replica/C (clocked by clk_out1_design_final_clk_wiz_1_0) and design_final_i/vga_0/U0/vga_instance/display_image_inst/image_inst/use_image/RAM_reg_192_255_9_11/RAMD/WADR5 (clocked by clk_ip_out_clk_ip_core_1). Large setup violations at the end of those stages might be difficult to fix during the post-placement implementation flow and could be the result of non-optimal XDC constraints or non-optimal design architecture
Related violations: <none>

TIMING-16#92 Warning
Large setup violation  
There is a large setup violation of -5.898 ns between design_final_i/vga_0/U0/vga_instance/AXI_Stream_FIFO_inst/read_pointer_reg[1]_replica/C (clocked by clk_out1_design_final_clk_wiz_1_0) and design_final_i/vga_0/U0/vga_instance/display_image_inst/image_inst/use_image/RAM_reg_128_191_9_11/RAMA/WADR4 (clocked by clk_ip_out_clk_ip_core_1). Large setup violations at the end of those stages might be difficult to fix during the post-placement implementation flow and could be the result of non-optimal XDC constraints or non-optimal design architecture
Related violations: <none>

TIMING-16#93 Warning
Large setup violation  
There is a large setup violation of -5.898 ns between design_final_i/vga_0/U0/vga_instance/AXI_Stream_FIFO_inst/read_pointer_reg[1]_replica/C (clocked by clk_out1_design_final_clk_wiz_1_0) and design_final_i/vga_0/U0/vga_instance/display_image_inst/image_inst/use_image/RAM_reg_128_191_9_11/RAMB/WADR4 (clocked by clk_ip_out_clk_ip_core_1). Large setup violations at the end of those stages might be difficult to fix during the post-placement implementation flow and could be the result of non-optimal XDC constraints or non-optimal design architecture
Related violations: <none>

TIMING-16#94 Warning
Large setup violation  
There is a large setup violation of -5.898 ns between design_final_i/vga_0/U0/vga_instance/AXI_Stream_FIFO_inst/read_pointer_reg[1]_replica/C (clocked by clk_out1_design_final_clk_wiz_1_0) and design_final_i/vga_0/U0/vga_instance/display_image_inst/image_inst/use_image/RAM_reg_128_191_9_11/RAMC/WADR4 (clocked by clk_ip_out_clk_ip_core_1). Large setup violations at the end of those stages might be difficult to fix during the post-placement implementation flow and could be the result of non-optimal XDC constraints or non-optimal design architecture
Related violations: <none>

TIMING-16#95 Warning
Large setup violation  
There is a large setup violation of -5.898 ns between design_final_i/vga_0/U0/vga_instance/AXI_Stream_FIFO_inst/read_pointer_reg[1]_replica/C (clocked by clk_out1_design_final_clk_wiz_1_0) and design_final_i/vga_0/U0/vga_instance/display_image_inst/image_inst/use_image/RAM_reg_128_191_9_11/RAMD/WADR4 (clocked by clk_ip_out_clk_ip_core_1). Large setup violations at the end of those stages might be difficult to fix during the post-placement implementation flow and could be the result of non-optimal XDC constraints or non-optimal design architecture
Related violations: <none>

TIMING-16#96 Warning
Large setup violation  
There is a large setup violation of -5.903 ns between design_final_i/vga_0/U0/vga_instance/AXI_Stream_FIFO_inst/read_pointer_reg[1]_replica/C (clocked by clk_out1_design_final_clk_wiz_1_0) and design_final_i/vga_0/U0/vga_instance/display_image_inst/image_inst/use_image/RAM_reg_0_63_3_5/RAMA/WADR4 (clocked by clk_ip_out_clk_ip_core_1). Large setup violations at the end of those stages might be difficult to fix during the post-placement implementation flow and could be the result of non-optimal XDC constraints or non-optimal design architecture
Related violations: <none>

TIMING-16#97 Warning
Large setup violation  
There is a large setup violation of -5.903 ns between design_final_i/vga_0/U0/vga_instance/AXI_Stream_FIFO_inst/read_pointer_reg[1]_replica/C (clocked by clk_out1_design_final_clk_wiz_1_0) and design_final_i/vga_0/U0/vga_instance/display_image_inst/image_inst/use_image/RAM_reg_0_63_3_5/RAMB/WADR4 (clocked by clk_ip_out_clk_ip_core_1). Large setup violations at the end of those stages might be difficult to fix during the post-placement implementation flow and could be the result of non-optimal XDC constraints or non-optimal design architecture
Related violations: <none>

TIMING-16#98 Warning
Large setup violation  
There is a large setup violation of -5.903 ns between design_final_i/vga_0/U0/vga_instance/AXI_Stream_FIFO_inst/read_pointer_reg[1]_replica/C (clocked by clk_out1_design_final_clk_wiz_1_0) and design_final_i/vga_0/U0/vga_instance/display_image_inst/image_inst/use_image/RAM_reg_0_63_3_5/RAMC/WADR4 (clocked by clk_ip_out_clk_ip_core_1). Large setup violations at the end of those stages might be difficult to fix during the post-placement implementation flow and could be the result of non-optimal XDC constraints or non-optimal design architecture
Related violations: <none>

TIMING-16#99 Warning
Large setup violation  
There is a large setup violation of -5.903 ns between design_final_i/vga_0/U0/vga_instance/AXI_Stream_FIFO_inst/read_pointer_reg[1]_replica/C (clocked by clk_out1_design_final_clk_wiz_1_0) and design_final_i/vga_0/U0/vga_instance/display_image_inst/image_inst/use_image/RAM_reg_0_63_3_5/RAMD/WADR4 (clocked by clk_ip_out_clk_ip_core_1). Large setup violations at the end of those stages might be difficult to fix during the post-placement implementation flow and could be the result of non-optimal XDC constraints or non-optimal design architecture
Related violations: <none>

TIMING-16#100 Warning
Large setup violation  
There is a large setup violation of -5.903 ns between design_final_i/vga_0/U0/vga_instance/AXI_Stream_FIFO_inst/read_pointer_reg[1]_replica/C (clocked by clk_out1_design_final_clk_wiz_1_0) and design_final_i/vga_0/U0/vga_instance/display_image_inst/image_inst/use_image/RAM_reg_0_63_6_8/RAMA/WADR5 (clocked by clk_ip_out_clk_ip_core_1). Large setup violations at the end of those stages might be difficult to fix during the post-placement implementation flow and could be the result of non-optimal XDC constraints or non-optimal design architecture
Related violations: <none>

TIMING-16#101 Warning
Large setup violation  
There is a large setup violation of -5.903 ns between design_final_i/vga_0/U0/vga_instance/AXI_Stream_FIFO_inst/read_pointer_reg[1]_replica/C (clocked by clk_out1_design_final_clk_wiz_1_0) and design_final_i/vga_0/U0/vga_instance/display_image_inst/image_inst/use_image/RAM_reg_0_63_6_8/RAMB/WADR5 (clocked by clk_ip_out_clk_ip_core_1). Large setup violations at the end of those stages might be difficult to fix during the post-placement implementation flow and could be the result of non-optimal XDC constraints or non-optimal design architecture
Related violations: <none>

TIMING-16#102 Warning
Large setup violation  
There is a large setup violation of -5.903 ns between design_final_i/vga_0/U0/vga_instance/AXI_Stream_FIFO_inst/read_pointer_reg[1]_replica/C (clocked by clk_out1_design_final_clk_wiz_1_0) and design_final_i/vga_0/U0/vga_instance/display_image_inst/image_inst/use_image/RAM_reg_0_63_6_8/RAMC/WADR5 (clocked by clk_ip_out_clk_ip_core_1). Large setup violations at the end of those stages might be difficult to fix during the post-placement implementation flow and could be the result of non-optimal XDC constraints or non-optimal design architecture
Related violations: <none>

TIMING-16#103 Warning
Large setup violation  
There is a large setup violation of -5.903 ns between design_final_i/vga_0/U0/vga_instance/AXI_Stream_FIFO_inst/read_pointer_reg[1]_replica/C (clocked by clk_out1_design_final_clk_wiz_1_0) and design_final_i/vga_0/U0/vga_instance/display_image_inst/image_inst/use_image/RAM_reg_0_63_6_8/RAMD/WADR5 (clocked by clk_ip_out_clk_ip_core_1). Large setup violations at the end of those stages might be difficult to fix during the post-placement implementation flow and could be the result of non-optimal XDC constraints or non-optimal design architecture
Related violations: <none>

TIMING-16#104 Warning
Large setup violation  
There is a large setup violation of -5.906 ns between design_final_i/vga_0/U0/vga_instance/AXI_Stream_FIFO_inst/read_pointer_reg[1]_replica/C (clocked by clk_out1_design_final_clk_wiz_1_0) and design_final_i/vga_0/U0/vga_instance/display_image_inst/image_inst/use_image/RAM_reg_64_127_9_11/RAMA/WADR4 (clocked by clk_ip_out_clk_ip_core_1). Large setup violations at the end of those stages might be difficult to fix during the post-placement implementation flow and could be the result of non-optimal XDC constraints or non-optimal design architecture
Related violations: <none>

TIMING-16#105 Warning
Large setup violation  
There is a large setup violation of -5.906 ns between design_final_i/vga_0/U0/vga_instance/AXI_Stream_FIFO_inst/read_pointer_reg[1]_replica/C (clocked by clk_out1_design_final_clk_wiz_1_0) and design_final_i/vga_0/U0/vga_instance/display_image_inst/image_inst/use_image/RAM_reg_64_127_9_11/RAMB/WADR4 (clocked by clk_ip_out_clk_ip_core_1). Large setup violations at the end of those stages might be difficult to fix during the post-placement implementation flow and could be the result of non-optimal XDC constraints or non-optimal design architecture
Related violations: <none>

TIMING-16#106 Warning
Large setup violation  
There is a large setup violation of -5.906 ns between design_final_i/vga_0/U0/vga_instance/AXI_Stream_FIFO_inst/read_pointer_reg[1]_replica/C (clocked by clk_out1_design_final_clk_wiz_1_0) and design_final_i/vga_0/U0/vga_instance/display_image_inst/image_inst/use_image/RAM_reg_64_127_9_11/RAMC/WADR4 (clocked by clk_ip_out_clk_ip_core_1). Large setup violations at the end of those stages might be difficult to fix during the post-placement implementation flow and could be the result of non-optimal XDC constraints or non-optimal design architecture
Related violations: <none>

TIMING-16#107 Warning
Large setup violation  
There is a large setup violation of -5.906 ns between design_final_i/vga_0/U0/vga_instance/AXI_Stream_FIFO_inst/read_pointer_reg[1]_replica/C (clocked by clk_out1_design_final_clk_wiz_1_0) and design_final_i/vga_0/U0/vga_instance/display_image_inst/image_inst/use_image/RAM_reg_64_127_9_11/RAMD/WADR4 (clocked by clk_ip_out_clk_ip_core_1). Large setup violations at the end of those stages might be difficult to fix during the post-placement implementation flow and could be the result of non-optimal XDC constraints or non-optimal design architecture
Related violations: <none>

TIMING-16#108 Warning
Large setup violation  
There is a large setup violation of -5.907 ns between design_final_i/vga_0/U0/vga_instance/AXI_Stream_FIFO_inst/read_pointer_reg[1]_replica/C (clocked by clk_out1_design_final_clk_wiz_1_0) and design_final_i/vga_0/U0/vga_instance/display_image_inst/image_inst/use_image/RAM_reg_128_191_9_11/RAMA/WADR5 (clocked by clk_ip_out_clk_ip_core_1). Large setup violations at the end of those stages might be difficult to fix during the post-placement implementation flow and could be the result of non-optimal XDC constraints or non-optimal design architecture
Related violations: <none>

TIMING-16#109 Warning
Large setup violation  
There is a large setup violation of -5.907 ns between design_final_i/vga_0/U0/vga_instance/AXI_Stream_FIFO_inst/read_pointer_reg[1]_replica/C (clocked by clk_out1_design_final_clk_wiz_1_0) and design_final_i/vga_0/U0/vga_instance/display_image_inst/image_inst/use_image/RAM_reg_128_191_9_11/RAMB/WADR5 (clocked by clk_ip_out_clk_ip_core_1). Large setup violations at the end of those stages might be difficult to fix during the post-placement implementation flow and could be the result of non-optimal XDC constraints or non-optimal design architecture
Related violations: <none>

TIMING-16#110 Warning
Large setup violation  
There is a large setup violation of -5.907 ns between design_final_i/vga_0/U0/vga_instance/AXI_Stream_FIFO_inst/read_pointer_reg[1]_replica/C (clocked by clk_out1_design_final_clk_wiz_1_0) and design_final_i/vga_0/U0/vga_instance/display_image_inst/image_inst/use_image/RAM_reg_128_191_9_11/RAMC/WADR5 (clocked by clk_ip_out_clk_ip_core_1). Large setup violations at the end of those stages might be difficult to fix during the post-placement implementation flow and could be the result of non-optimal XDC constraints or non-optimal design architecture
Related violations: <none>

TIMING-16#111 Warning
Large setup violation  
There is a large setup violation of -5.907 ns between design_final_i/vga_0/U0/vga_instance/AXI_Stream_FIFO_inst/read_pointer_reg[1]_replica/C (clocked by clk_out1_design_final_clk_wiz_1_0) and design_final_i/vga_0/U0/vga_instance/display_image_inst/image_inst/use_image/RAM_reg_128_191_9_11/RAMD/WADR5 (clocked by clk_ip_out_clk_ip_core_1). Large setup violations at the end of those stages might be difficult to fix during the post-placement implementation flow and could be the result of non-optimal XDC constraints or non-optimal design architecture
Related violations: <none>

TIMING-16#112 Warning
Large setup violation  
There is a large setup violation of -5.910 ns between design_final_i/vga_0/U0/vga_instance/AXI_Stream_FIFO_inst/read_pointer_reg[1]_replica/C (clocked by clk_out1_design_final_clk_wiz_1_0) and design_final_i/vga_0/U0/vga_instance/display_image_inst/image_inst/use_image/RAM_reg_128_191_3_5/RAMA/I (clocked by clk_ip_out_clk_ip_core_1). Large setup violations at the end of those stages might be difficult to fix during the post-placement implementation flow and could be the result of non-optimal XDC constraints or non-optimal design architecture
Related violations: <none>

TIMING-16#113 Warning
Large setup violation  
There is a large setup violation of -5.911 ns between design_final_i/vga_0/U0/vga_instance/AXI_Stream_FIFO_inst/read_pointer_reg[0]/C (clocked by clk_out1_design_final_clk_wiz_1_0) and design_final_i/vga_0/U0/vga_instance/display_image_inst/image_inst/use_image/RAM_reg_64_127_3_5/RAMA/WADR2 (clocked by clk_ip_out_clk_ip_core_1). Large setup violations at the end of those stages might be difficult to fix during the post-placement implementation flow and could be the result of non-optimal XDC constraints or non-optimal design architecture
Related violations: <none>

TIMING-16#114 Warning
Large setup violation  
There is a large setup violation of -5.911 ns between design_final_i/vga_0/U0/vga_instance/AXI_Stream_FIFO_inst/read_pointer_reg[0]/C (clocked by clk_out1_design_final_clk_wiz_1_0) and design_final_i/vga_0/U0/vga_instance/display_image_inst/image_inst/use_image/RAM_reg_64_127_3_5/RAMB/WADR2 (clocked by clk_ip_out_clk_ip_core_1). Large setup violations at the end of those stages might be difficult to fix during the post-placement implementation flow and could be the result of non-optimal XDC constraints or non-optimal design architecture
Related violations: <none>

TIMING-16#115 Warning
Large setup violation  
There is a large setup violation of -5.911 ns between design_final_i/vga_0/U0/vga_instance/AXI_Stream_FIFO_inst/read_pointer_reg[0]/C (clocked by clk_out1_design_final_clk_wiz_1_0) and design_final_i/vga_0/U0/vga_instance/display_image_inst/image_inst/use_image/RAM_reg_64_127_3_5/RAMC/WADR2 (clocked by clk_ip_out_clk_ip_core_1). Large setup violations at the end of those stages might be difficult to fix during the post-placement implementation flow and could be the result of non-optimal XDC constraints or non-optimal design architecture
Related violations: <none>

TIMING-16#116 Warning
Large setup violation  
There is a large setup violation of -5.911 ns between design_final_i/vga_0/U0/vga_instance/AXI_Stream_FIFO_inst/read_pointer_reg[0]/C (clocked by clk_out1_design_final_clk_wiz_1_0) and design_final_i/vga_0/U0/vga_instance/display_image_inst/image_inst/use_image/RAM_reg_64_127_3_5/RAMD/WADR2 (clocked by clk_ip_out_clk_ip_core_1). Large setup violations at the end of those stages might be difficult to fix during the post-placement implementation flow and could be the result of non-optimal XDC constraints or non-optimal design architecture
Related violations: <none>

TIMING-16#117 Warning
Large setup violation  
There is a large setup violation of -5.912 ns between design_final_i/vga_0/U0/vga_instance/AXI_Stream_FIFO_inst/read_pointer_reg[1]_replica/C (clocked by clk_out1_design_final_clk_wiz_1_0) and design_final_i/vga_0/U0/vga_instance/display_image_inst/image_inst/use_image/RAM_reg_192_255_3_5/RAMA/I (clocked by clk_ip_out_clk_ip_core_1). Large setup violations at the end of those stages might be difficult to fix during the post-placement implementation flow and could be the result of non-optimal XDC constraints or non-optimal design architecture
Related violations: <none>

TIMING-16#118 Warning
Large setup violation  
There is a large setup violation of -5.913 ns between design_final_i/vga_0/U0/vga_instance/AXI_Stream_FIFO_inst/read_pointer_reg[1]_replica/C (clocked by clk_out1_design_final_clk_wiz_1_0) and design_final_i/vga_0/U0/vga_instance/display_image_inst/image_inst/use_image/RAM_reg_64_127_6_8/RAMA/WADR5 (clocked by clk_ip_out_clk_ip_core_1). Large setup violations at the end of those stages might be difficult to fix during the post-placement implementation flow and could be the result of non-optimal XDC constraints or non-optimal design architecture
Related violations: <none>

TIMING-16#119 Warning
Large setup violation  
There is a large setup violation of -5.913 ns between design_final_i/vga_0/U0/vga_instance/AXI_Stream_FIFO_inst/read_pointer_reg[1]_replica/C (clocked by clk_out1_design_final_clk_wiz_1_0) and design_final_i/vga_0/U0/vga_instance/display_image_inst/image_inst/use_image/RAM_reg_64_127_6_8/RAMB/WADR5 (clocked by clk_ip_out_clk_ip_core_1). Large setup violations at the end of those stages might be difficult to fix during the post-placement implementation flow and could be the result of non-optimal XDC constraints or non-optimal design architecture
Related violations: <none>

TIMING-16#120 Warning
Large setup violation  
There is a large setup violation of -5.913 ns between design_final_i/vga_0/U0/vga_instance/AXI_Stream_FIFO_inst/read_pointer_reg[1]_replica/C (clocked by clk_out1_design_final_clk_wiz_1_0) and design_final_i/vga_0/U0/vga_instance/display_image_inst/image_inst/use_image/RAM_reg_64_127_6_8/RAMC/WADR5 (clocked by clk_ip_out_clk_ip_core_1). Large setup violations at the end of those stages might be difficult to fix during the post-placement implementation flow and could be the result of non-optimal XDC constraints or non-optimal design architecture
Related violations: <none>

TIMING-16#121 Warning
Large setup violation  
There is a large setup violation of -5.913 ns between design_final_i/vga_0/U0/vga_instance/AXI_Stream_FIFO_inst/read_pointer_reg[1]_replica/C (clocked by clk_out1_design_final_clk_wiz_1_0) and design_final_i/vga_0/U0/vga_instance/display_image_inst/image_inst/use_image/RAM_reg_64_127_6_8/RAMD/WADR5 (clocked by clk_ip_out_clk_ip_core_1). Large setup violations at the end of those stages might be difficult to fix during the post-placement implementation flow and could be the result of non-optimal XDC constraints or non-optimal design architecture
Related violations: <none>

TIMING-16#122 Warning
Large setup violation  
There is a large setup violation of -5.916 ns between design_final_i/vga_0/U0/vga_instance/AXI_Stream_FIFO_inst/read_pointer_reg[0]/C (clocked by clk_out1_design_final_clk_wiz_1_0) and design_final_i/vga_0/U0/vga_instance/display_image_inst/image_inst/use_image/RAM_reg_192_255_9_11/RAMA/WADR2 (clocked by clk_ip_out_clk_ip_core_1). Large setup violations at the end of those stages might be difficult to fix during the post-placement implementation flow and could be the result of non-optimal XDC constraints or non-optimal design architecture
Related violations: <none>

TIMING-16#123 Warning
Large setup violation  
There is a large setup violation of -5.916 ns between design_final_i/vga_0/U0/vga_instance/AXI_Stream_FIFO_inst/read_pointer_reg[0]/C (clocked by clk_out1_design_final_clk_wiz_1_0) and design_final_i/vga_0/U0/vga_instance/display_image_inst/image_inst/use_image/RAM_reg_192_255_9_11/RAMB/WADR2 (clocked by clk_ip_out_clk_ip_core_1). Large setup violations at the end of those stages might be difficult to fix during the post-placement implementation flow and could be the result of non-optimal XDC constraints or non-optimal design architecture
Related violations: <none>

TIMING-16#124 Warning
Large setup violation  
There is a large setup violation of -5.916 ns between design_final_i/vga_0/U0/vga_instance/AXI_Stream_FIFO_inst/read_pointer_reg[0]/C (clocked by clk_out1_design_final_clk_wiz_1_0) and design_final_i/vga_0/U0/vga_instance/display_image_inst/image_inst/use_image/RAM_reg_192_255_9_11/RAMC/WADR2 (clocked by clk_ip_out_clk_ip_core_1). Large setup violations at the end of those stages might be difficult to fix during the post-placement implementation flow and could be the result of non-optimal XDC constraints or non-optimal design architecture
Related violations: <none>

TIMING-16#125 Warning
Large setup violation  
There is a large setup violation of -5.916 ns between design_final_i/vga_0/U0/vga_instance/AXI_Stream_FIFO_inst/read_pointer_reg[0]/C (clocked by clk_out1_design_final_clk_wiz_1_0) and design_final_i/vga_0/U0/vga_instance/display_image_inst/image_inst/use_image/RAM_reg_192_255_9_11/RAMD/WADR2 (clocked by clk_ip_out_clk_ip_core_1). Large setup violations at the end of those stages might be difficult to fix during the post-placement implementation flow and could be the result of non-optimal XDC constraints or non-optimal design architecture
Related violations: <none>

TIMING-16#126 Warning
Large setup violation  
There is a large setup violation of -5.916 ns between design_final_i/vga_0/U0/vga_instance/AXI_Stream_FIFO_inst/read_pointer_reg[0]/C (clocked by clk_out1_design_final_clk_wiz_1_0) and design_final_i/vga_0/U0/vga_instance/display_image_inst/image_inst/use_image/RAM_reg_64_127_0_2/RAMA/WADR2 (clocked by clk_ip_out_clk_ip_core_1). Large setup violations at the end of those stages might be difficult to fix during the post-placement implementation flow and could be the result of non-optimal XDC constraints or non-optimal design architecture
Related violations: <none>

TIMING-16#127 Warning
Large setup violation  
There is a large setup violation of -5.916 ns between design_final_i/vga_0/U0/vga_instance/AXI_Stream_FIFO_inst/read_pointer_reg[0]/C (clocked by clk_out1_design_final_clk_wiz_1_0) and design_final_i/vga_0/U0/vga_instance/display_image_inst/image_inst/use_image/RAM_reg_64_127_0_2/RAMB/WADR2 (clocked by clk_ip_out_clk_ip_core_1). Large setup violations at the end of those stages might be difficult to fix during the post-placement implementation flow and could be the result of non-optimal XDC constraints or non-optimal design architecture
Related violations: <none>

TIMING-16#128 Warning
Large setup violation  
There is a large setup violation of -5.916 ns between design_final_i/vga_0/U0/vga_instance/AXI_Stream_FIFO_inst/read_pointer_reg[0]/C (clocked by clk_out1_design_final_clk_wiz_1_0) and design_final_i/vga_0/U0/vga_instance/display_image_inst/image_inst/use_image/RAM_reg_64_127_0_2/RAMC/WADR2 (clocked by clk_ip_out_clk_ip_core_1). Large setup violations at the end of those stages might be difficult to fix during the post-placement implementation flow and could be the result of non-optimal XDC constraints or non-optimal design architecture
Related violations: <none>

TIMING-16#129 Warning
Large setup violation  
There is a large setup violation of -5.916 ns between design_final_i/vga_0/U0/vga_instance/AXI_Stream_FIFO_inst/read_pointer_reg[0]/C (clocked by clk_out1_design_final_clk_wiz_1_0) and design_final_i/vga_0/U0/vga_instance/display_image_inst/image_inst/use_image/RAM_reg_64_127_0_2/RAMD/WADR2 (clocked by clk_ip_out_clk_ip_core_1). Large setup violations at the end of those stages might be difficult to fix during the post-placement implementation flow and could be the result of non-optimal XDC constraints or non-optimal design architecture
Related violations: <none>

TIMING-16#130 Warning
Large setup violation  
There is a large setup violation of -5.917 ns between design_final_i/vga_0/U0/vga_instance/AXI_Stream_FIFO_inst/read_pointer_reg[1]_replica/C (clocked by clk_out1_design_final_clk_wiz_1_0) and design_final_i/vga_0/U0/vga_instance/display_image_inst/image_inst/use_image/RAM_reg_128_191_3_5/RAMA/WADR5 (clocked by clk_ip_out_clk_ip_core_1). Large setup violations at the end of those stages might be difficult to fix during the post-placement implementation flow and could be the result of non-optimal XDC constraints or non-optimal design architecture
Related violations: <none>

TIMING-16#131 Warning
Large setup violation  
There is a large setup violation of -5.917 ns between design_final_i/vga_0/U0/vga_instance/AXI_Stream_FIFO_inst/read_pointer_reg[1]_replica/C (clocked by clk_out1_design_final_clk_wiz_1_0) and design_final_i/vga_0/U0/vga_instance/display_image_inst/image_inst/use_image/RAM_reg_128_191_3_5/RAMB/WADR5 (clocked by clk_ip_out_clk_ip_core_1). Large setup violations at the end of those stages might be difficult to fix during the post-placement implementation flow and could be the result of non-optimal XDC constraints or non-optimal design architecture
Related violations: <none>

TIMING-16#132 Warning
Large setup violation  
There is a large setup violation of -5.917 ns between design_final_i/vga_0/U0/vga_instance/AXI_Stream_FIFO_inst/read_pointer_reg[1]_replica/C (clocked by clk_out1_design_final_clk_wiz_1_0) and design_final_i/vga_0/U0/vga_instance/display_image_inst/image_inst/use_image/RAM_reg_128_191_3_5/RAMC/WADR5 (clocked by clk_ip_out_clk_ip_core_1). Large setup violations at the end of those stages might be difficult to fix during the post-placement implementation flow and could be the result of non-optimal XDC constraints or non-optimal design architecture
Related violations: <none>

TIMING-16#133 Warning
Large setup violation  
There is a large setup violation of -5.917 ns between design_final_i/vga_0/U0/vga_instance/AXI_Stream_FIFO_inst/read_pointer_reg[1]_replica/C (clocked by clk_out1_design_final_clk_wiz_1_0) and design_final_i/vga_0/U0/vga_instance/display_image_inst/image_inst/use_image/RAM_reg_128_191_3_5/RAMD/WADR5 (clocked by clk_ip_out_clk_ip_core_1). Large setup violations at the end of those stages might be difficult to fix during the post-placement implementation flow and could be the result of non-optimal XDC constraints or non-optimal design architecture
Related violations: <none>

TIMING-16#134 Warning
Large setup violation  
There is a large setup violation of -5.923 ns between design_final_i/vga_0/U0/vga_instance/AXI_Stream_FIFO_inst/read_pointer_reg[0]/C (clocked by clk_out1_design_final_clk_wiz_1_0) and design_final_i/vga_0/U0/vga_instance/display_image_inst/image_inst/use_image/RAM_reg_64_127_9_11/RAMA/WADR2 (clocked by clk_ip_out_clk_ip_core_1). Large setup violations at the end of those stages might be difficult to fix during the post-placement implementation flow and could be the result of non-optimal XDC constraints or non-optimal design architecture
Related violations: <none>

TIMING-16#135 Warning
Large setup violation  
There is a large setup violation of -5.923 ns between design_final_i/vga_0/U0/vga_instance/AXI_Stream_FIFO_inst/read_pointer_reg[0]/C (clocked by clk_out1_design_final_clk_wiz_1_0) and design_final_i/vga_0/U0/vga_instance/display_image_inst/image_inst/use_image/RAM_reg_64_127_9_11/RAMB/WADR2 (clocked by clk_ip_out_clk_ip_core_1). Large setup violations at the end of those stages might be difficult to fix during the post-placement implementation flow and could be the result of non-optimal XDC constraints or non-optimal design architecture
Related violations: <none>

TIMING-16#136 Warning
Large setup violation  
There is a large setup violation of -5.923 ns between design_final_i/vga_0/U0/vga_instance/AXI_Stream_FIFO_inst/read_pointer_reg[0]/C (clocked by clk_out1_design_final_clk_wiz_1_0) and design_final_i/vga_0/U0/vga_instance/display_image_inst/image_inst/use_image/RAM_reg_64_127_9_11/RAMC/WADR2 (clocked by clk_ip_out_clk_ip_core_1). Large setup violations at the end of those stages might be difficult to fix during the post-placement implementation flow and could be the result of non-optimal XDC constraints or non-optimal design architecture
Related violations: <none>

TIMING-16#137 Warning
Large setup violation  
There is a large setup violation of -5.923 ns between design_final_i/vga_0/U0/vga_instance/AXI_Stream_FIFO_inst/read_pointer_reg[0]/C (clocked by clk_out1_design_final_clk_wiz_1_0) and design_final_i/vga_0/U0/vga_instance/display_image_inst/image_inst/use_image/RAM_reg_64_127_9_11/RAMD/WADR2 (clocked by clk_ip_out_clk_ip_core_1). Large setup violations at the end of those stages might be difficult to fix during the post-placement implementation flow and could be the result of non-optimal XDC constraints or non-optimal design architecture
Related violations: <none>

TIMING-16#138 Warning
Large setup violation  
There is a large setup violation of -5.926 ns between design_final_i/vga_0/U0/vga_instance/AXI_Stream_FIFO_inst/read_pointer_reg[1]_replica/C (clocked by clk_out1_design_final_clk_wiz_1_0) and design_final_i/vga_0/U0/vga_instance/display_image_inst/image_inst/use_image/RAM_reg_0_63_9_11/RAMA/WADR4 (clocked by clk_ip_out_clk_ip_core_1). Large setup violations at the end of those stages might be difficult to fix during the post-placement implementation flow and could be the result of non-optimal XDC constraints or non-optimal design architecture
Related violations: <none>

TIMING-16#139 Warning
Large setup violation  
There is a large setup violation of -5.926 ns between design_final_i/vga_0/U0/vga_instance/AXI_Stream_FIFO_inst/read_pointer_reg[1]_replica/C (clocked by clk_out1_design_final_clk_wiz_1_0) and design_final_i/vga_0/U0/vga_instance/display_image_inst/image_inst/use_image/RAM_reg_0_63_9_11/RAMB/WADR4 (clocked by clk_ip_out_clk_ip_core_1). Large setup violations at the end of those stages might be difficult to fix during the post-placement implementation flow and could be the result of non-optimal XDC constraints or non-optimal design architecture
Related violations: <none>

TIMING-16#140 Warning
Large setup violation  
There is a large setup violation of -5.926 ns between design_final_i/vga_0/U0/vga_instance/AXI_Stream_FIFO_inst/read_pointer_reg[1]_replica/C (clocked by clk_out1_design_final_clk_wiz_1_0) and design_final_i/vga_0/U0/vga_instance/display_image_inst/image_inst/use_image/RAM_reg_0_63_9_11/RAMC/WADR4 (clocked by clk_ip_out_clk_ip_core_1). Large setup violations at the end of those stages might be difficult to fix during the post-placement implementation flow and could be the result of non-optimal XDC constraints or non-optimal design architecture
Related violations: <none>

TIMING-16#141 Warning
Large setup violation  
There is a large setup violation of -5.926 ns between design_final_i/vga_0/U0/vga_instance/AXI_Stream_FIFO_inst/read_pointer_reg[1]_replica/C (clocked by clk_out1_design_final_clk_wiz_1_0) and design_final_i/vga_0/U0/vga_instance/display_image_inst/image_inst/use_image/RAM_reg_0_63_9_11/RAMD/WADR4 (clocked by clk_ip_out_clk_ip_core_1). Large setup violations at the end of those stages might be difficult to fix during the post-placement implementation flow and could be the result of non-optimal XDC constraints or non-optimal design architecture
Related violations: <none>

TIMING-16#142 Warning
Large setup violation  
There is a large setup violation of -5.927 ns between design_final_i/vga_0/U0/vga_instance/AXI_Stream_FIFO_inst/read_pointer_reg[1]_replica/C (clocked by clk_out1_design_final_clk_wiz_1_0) and design_final_i/vga_0/U0/vga_instance/display_image_inst/image_inst/use_image/RAM_reg_64_127_6_8/RAMA/WADR4 (clocked by clk_ip_out_clk_ip_core_1). Large setup violations at the end of those stages might be difficult to fix during the post-placement implementation flow and could be the result of non-optimal XDC constraints or non-optimal design architecture
Related violations: <none>

TIMING-16#143 Warning
Large setup violation  
There is a large setup violation of -5.927 ns between design_final_i/vga_0/U0/vga_instance/AXI_Stream_FIFO_inst/read_pointer_reg[1]_replica/C (clocked by clk_out1_design_final_clk_wiz_1_0) and design_final_i/vga_0/U0/vga_instance/display_image_inst/image_inst/use_image/RAM_reg_64_127_6_8/RAMB/WADR4 (clocked by clk_ip_out_clk_ip_core_1). Large setup violations at the end of those stages might be difficult to fix during the post-placement implementation flow and could be the result of non-optimal XDC constraints or non-optimal design architecture
Related violations: <none>

TIMING-16#144 Warning
Large setup violation  
There is a large setup violation of -5.927 ns between design_final_i/vga_0/U0/vga_instance/AXI_Stream_FIFO_inst/read_pointer_reg[1]_replica/C (clocked by clk_out1_design_final_clk_wiz_1_0) and design_final_i/vga_0/U0/vga_instance/display_image_inst/image_inst/use_image/RAM_reg_64_127_6_8/RAMC/WADR4 (clocked by clk_ip_out_clk_ip_core_1). Large setup violations at the end of those stages might be difficult to fix during the post-placement implementation flow and could be the result of non-optimal XDC constraints or non-optimal design architecture
Related violations: <none>

TIMING-16#145 Warning
Large setup violation  
There is a large setup violation of -5.927 ns between design_final_i/vga_0/U0/vga_instance/AXI_Stream_FIFO_inst/read_pointer_reg[1]_replica/C (clocked by clk_out1_design_final_clk_wiz_1_0) and design_final_i/vga_0/U0/vga_instance/display_image_inst/image_inst/use_image/RAM_reg_64_127_6_8/RAMD/WADR4 (clocked by clk_ip_out_clk_ip_core_1). Large setup violations at the end of those stages might be difficult to fix during the post-placement implementation flow and could be the result of non-optimal XDC constraints or non-optimal design architecture
Related violations: <none>

TIMING-16#146 Warning
Large setup violation  
There is a large setup violation of -5.930 ns between design_final_i/vga_0/U0/vga_instance/AXI_Stream_FIFO_inst/read_pointer_reg[0]/C (clocked by clk_out1_design_final_clk_wiz_1_0) and design_final_i/vga_0/U0/vga_instance/display_image_inst/image_inst/use_image/RAM_reg_0_63_9_11/RAMA/I (clocked by clk_ip_out_clk_ip_core_1). Large setup violations at the end of those stages might be difficult to fix during the post-placement implementation flow and could be the result of non-optimal XDC constraints or non-optimal design architecture
Related violations: <none>

TIMING-16#147 Warning
Large setup violation  
There is a large setup violation of -5.932 ns between design_final_i/vga_0/U0/vga_instance/AXI_Stream_FIFO_inst/read_pointer_reg[1]_replica/C (clocked by clk_out1_design_final_clk_wiz_1_0) and design_final_i/vga_0/U0/vga_instance/display_image_inst/image_inst/use_image/RAM_reg_192_255_6_8/RAMA/WADR4 (clocked by clk_ip_out_clk_ip_core_1). Large setup violations at the end of those stages might be difficult to fix during the post-placement implementation flow and could be the result of non-optimal XDC constraints or non-optimal design architecture
Related violations: <none>

TIMING-16#148 Warning
Large setup violation  
There is a large setup violation of -5.932 ns between design_final_i/vga_0/U0/vga_instance/AXI_Stream_FIFO_inst/read_pointer_reg[1]_replica/C (clocked by clk_out1_design_final_clk_wiz_1_0) and design_final_i/vga_0/U0/vga_instance/display_image_inst/image_inst/use_image/RAM_reg_192_255_6_8/RAMB/WADR4 (clocked by clk_ip_out_clk_ip_core_1). Large setup violations at the end of those stages might be difficult to fix during the post-placement implementation flow and could be the result of non-optimal XDC constraints or non-optimal design architecture
Related violations: <none>

TIMING-16#149 Warning
Large setup violation  
There is a large setup violation of -5.932 ns between design_final_i/vga_0/U0/vga_instance/AXI_Stream_FIFO_inst/read_pointer_reg[1]_replica/C (clocked by clk_out1_design_final_clk_wiz_1_0) and design_final_i/vga_0/U0/vga_instance/display_image_inst/image_inst/use_image/RAM_reg_192_255_6_8/RAMC/WADR4 (clocked by clk_ip_out_clk_ip_core_1). Large setup violations at the end of those stages might be difficult to fix during the post-placement implementation flow and could be the result of non-optimal XDC constraints or non-optimal design architecture
Related violations: <none>

TIMING-16#150 Warning
Large setup violation  
There is a large setup violation of -5.932 ns between design_final_i/vga_0/U0/vga_instance/AXI_Stream_FIFO_inst/read_pointer_reg[1]_replica/C (clocked by clk_out1_design_final_clk_wiz_1_0) and design_final_i/vga_0/U0/vga_instance/display_image_inst/image_inst/use_image/RAM_reg_192_255_6_8/RAMD/WADR4 (clocked by clk_ip_out_clk_ip_core_1). Large setup violations at the end of those stages might be difficult to fix during the post-placement implementation flow and could be the result of non-optimal XDC constraints or non-optimal design architecture
Related violations: <none>

TIMING-16#151 Warning
Large setup violation  
There is a large setup violation of -5.934 ns between design_final_i/vga_0/U0/vga_instance/AXI_Stream_FIFO_inst/read_pointer_reg[0]/C (clocked by clk_out1_design_final_clk_wiz_1_0) and design_final_i/vga_0/U0/vga_instance/display_image_inst/image_inst/use_image/RAM_reg_192_255_3_5/RAMA/WADR2 (clocked by clk_ip_out_clk_ip_core_1). Large setup violations at the end of those stages might be difficult to fix during the post-placement implementation flow and could be the result of non-optimal XDC constraints or non-optimal design architecture
Related violations: <none>

TIMING-16#152 Warning
Large setup violation  
There is a large setup violation of -5.934 ns between design_final_i/vga_0/U0/vga_instance/AXI_Stream_FIFO_inst/read_pointer_reg[0]/C (clocked by clk_out1_design_final_clk_wiz_1_0) and design_final_i/vga_0/U0/vga_instance/display_image_inst/image_inst/use_image/RAM_reg_192_255_3_5/RAMB/WADR2 (clocked by clk_ip_out_clk_ip_core_1). Large setup violations at the end of those stages might be difficult to fix during the post-placement implementation flow and could be the result of non-optimal XDC constraints or non-optimal design architecture
Related violations: <none>

TIMING-16#153 Warning
Large setup violation  
There is a large setup violation of -5.934 ns between design_final_i/vga_0/U0/vga_instance/AXI_Stream_FIFO_inst/read_pointer_reg[0]/C (clocked by clk_out1_design_final_clk_wiz_1_0) and design_final_i/vga_0/U0/vga_instance/display_image_inst/image_inst/use_image/RAM_reg_192_255_3_5/RAMC/WADR2 (clocked by clk_ip_out_clk_ip_core_1). Large setup violations at the end of those stages might be difficult to fix during the post-placement implementation flow and could be the result of non-optimal XDC constraints or non-optimal design architecture
Related violations: <none>

TIMING-16#154 Warning
Large setup violation  
There is a large setup violation of -5.934 ns between design_final_i/vga_0/U0/vga_instance/AXI_Stream_FIFO_inst/read_pointer_reg[0]/C (clocked by clk_out1_design_final_clk_wiz_1_0) and design_final_i/vga_0/U0/vga_instance/display_image_inst/image_inst/use_image/RAM_reg_192_255_3_5/RAMD/WADR2 (clocked by clk_ip_out_clk_ip_core_1). Large setup violations at the end of those stages might be difficult to fix during the post-placement implementation flow and could be the result of non-optimal XDC constraints or non-optimal design architecture
Related violations: <none>

TIMING-16#155 Warning
Large setup violation  
There is a large setup violation of -5.934 ns between design_final_i/vga_0/U0/vga_instance/AXI_Stream_FIFO_inst/read_pointer_reg[1]_replica/C (clocked by clk_out1_design_final_clk_wiz_1_0) and design_final_i/vga_0/U0/vga_instance/display_image_inst/image_inst/use_image/RAM_reg_0_63_6_8/RAMA/WADR4 (clocked by clk_ip_out_clk_ip_core_1). Large setup violations at the end of those stages might be difficult to fix during the post-placement implementation flow and could be the result of non-optimal XDC constraints or non-optimal design architecture
Related violations: <none>

TIMING-16#156 Warning
Large setup violation  
There is a large setup violation of -5.934 ns between design_final_i/vga_0/U0/vga_instance/AXI_Stream_FIFO_inst/read_pointer_reg[1]_replica/C (clocked by clk_out1_design_final_clk_wiz_1_0) and design_final_i/vga_0/U0/vga_instance/display_image_inst/image_inst/use_image/RAM_reg_0_63_6_8/RAMB/WADR4 (clocked by clk_ip_out_clk_ip_core_1). Large setup violations at the end of those stages might be difficult to fix during the post-placement implementation flow and could be the result of non-optimal XDC constraints or non-optimal design architecture
Related violations: <none>

TIMING-16#157 Warning
Large setup violation  
There is a large setup violation of -5.934 ns between design_final_i/vga_0/U0/vga_instance/AXI_Stream_FIFO_inst/read_pointer_reg[1]_replica/C (clocked by clk_out1_design_final_clk_wiz_1_0) and design_final_i/vga_0/U0/vga_instance/display_image_inst/image_inst/use_image/RAM_reg_0_63_6_8/RAMC/WADR4 (clocked by clk_ip_out_clk_ip_core_1). Large setup violations at the end of those stages might be difficult to fix during the post-placement implementation flow and could be the result of non-optimal XDC constraints or non-optimal design architecture
Related violations: <none>

TIMING-16#158 Warning
Large setup violation  
There is a large setup violation of -5.934 ns between design_final_i/vga_0/U0/vga_instance/AXI_Stream_FIFO_inst/read_pointer_reg[1]_replica/C (clocked by clk_out1_design_final_clk_wiz_1_0) and design_final_i/vga_0/U0/vga_instance/display_image_inst/image_inst/use_image/RAM_reg_0_63_6_8/RAMD/WADR4 (clocked by clk_ip_out_clk_ip_core_1). Large setup violations at the end of those stages might be difficult to fix during the post-placement implementation flow and could be the result of non-optimal XDC constraints or non-optimal design architecture
Related violations: <none>

TIMING-16#159 Warning
Large setup violation  
There is a large setup violation of -5.935 ns between design_final_i/vga_0/U0/vga_instance/AXI_Stream_FIFO_inst/read_pointer_reg[1]_replica/C (clocked by clk_out1_design_final_clk_wiz_1_0) and design_final_i/vga_0/U0/vga_instance/display_image_inst/image_inst/use_image/RAM_reg_128_191_6_8/RAMA/WADR4 (clocked by clk_ip_out_clk_ip_core_1). Large setup violations at the end of those stages might be difficult to fix during the post-placement implementation flow and could be the result of non-optimal XDC constraints or non-optimal design architecture
Related violations: <none>

TIMING-16#160 Warning
Large setup violation  
There is a large setup violation of -5.935 ns between design_final_i/vga_0/U0/vga_instance/AXI_Stream_FIFO_inst/read_pointer_reg[1]_replica/C (clocked by clk_out1_design_final_clk_wiz_1_0) and design_final_i/vga_0/U0/vga_instance/display_image_inst/image_inst/use_image/RAM_reg_128_191_6_8/RAMB/WADR4 (clocked by clk_ip_out_clk_ip_core_1). Large setup violations at the end of those stages might be difficult to fix during the post-placement implementation flow and could be the result of non-optimal XDC constraints or non-optimal design architecture
Related violations: <none>

TIMING-16#161 Warning
Large setup violation  
There is a large setup violation of -5.935 ns between design_final_i/vga_0/U0/vga_instance/AXI_Stream_FIFO_inst/read_pointer_reg[1]_replica/C (clocked by clk_out1_design_final_clk_wiz_1_0) and design_final_i/vga_0/U0/vga_instance/display_image_inst/image_inst/use_image/RAM_reg_128_191_6_8/RAMC/WADR4 (clocked by clk_ip_out_clk_ip_core_1). Large setup violations at the end of those stages might be difficult to fix during the post-placement implementation flow and could be the result of non-optimal XDC constraints or non-optimal design architecture
Related violations: <none>

TIMING-16#162 Warning
Large setup violation  
There is a large setup violation of -5.935 ns between design_final_i/vga_0/U0/vga_instance/AXI_Stream_FIFO_inst/read_pointer_reg[1]_replica/C (clocked by clk_out1_design_final_clk_wiz_1_0) and design_final_i/vga_0/U0/vga_instance/display_image_inst/image_inst/use_image/RAM_reg_128_191_6_8/RAMD/WADR4 (clocked by clk_ip_out_clk_ip_core_1). Large setup violations at the end of those stages might be difficult to fix during the post-placement implementation flow and could be the result of non-optimal XDC constraints or non-optimal design architecture
Related violations: <none>

TIMING-16#163 Warning
Large setup violation  
There is a large setup violation of -5.942 ns between design_final_i/vga_0/U0/vga_instance/AXI_Stream_FIFO_inst/read_pointer_reg[0]/C (clocked by clk_out1_design_final_clk_wiz_1_0) and design_final_i/vga_0/U0/vga_instance/display_image_inst/image_inst/use_image/RAM_reg_192_255_0_2/RAMA/WADR2 (clocked by clk_ip_out_clk_ip_core_1). Large setup violations at the end of those stages might be difficult to fix during the post-placement implementation flow and could be the result of non-optimal XDC constraints or non-optimal design architecture
Related violations: <none>

TIMING-16#164 Warning
Large setup violation  
There is a large setup violation of -5.942 ns between design_final_i/vga_0/U0/vga_instance/AXI_Stream_FIFO_inst/read_pointer_reg[0]/C (clocked by clk_out1_design_final_clk_wiz_1_0) and design_final_i/vga_0/U0/vga_instance/display_image_inst/image_inst/use_image/RAM_reg_192_255_0_2/RAMB/WADR2 (clocked by clk_ip_out_clk_ip_core_1). Large setup violations at the end of those stages might be difficult to fix during the post-placement implementation flow and could be the result of non-optimal XDC constraints or non-optimal design architecture
Related violations: <none>

TIMING-16#165 Warning
Large setup violation  
There is a large setup violation of -5.942 ns between design_final_i/vga_0/U0/vga_instance/AXI_Stream_FIFO_inst/read_pointer_reg[0]/C (clocked by clk_out1_design_final_clk_wiz_1_0) and design_final_i/vga_0/U0/vga_instance/display_image_inst/image_inst/use_image/RAM_reg_192_255_0_2/RAMC/WADR2 (clocked by clk_ip_out_clk_ip_core_1). Large setup violations at the end of those stages might be difficult to fix during the post-placement implementation flow and could be the result of non-optimal XDC constraints or non-optimal design architecture
Related violations: <none>

TIMING-16#166 Warning
Large setup violation  
There is a large setup violation of -5.942 ns between design_final_i/vga_0/U0/vga_instance/AXI_Stream_FIFO_inst/read_pointer_reg[0]/C (clocked by clk_out1_design_final_clk_wiz_1_0) and design_final_i/vga_0/U0/vga_instance/display_image_inst/image_inst/use_image/RAM_reg_192_255_0_2/RAMD/WADR2 (clocked by clk_ip_out_clk_ip_core_1). Large setup violations at the end of those stages might be difficult to fix during the post-placement implementation flow and could be the result of non-optimal XDC constraints or non-optimal design architecture
Related violations: <none>

TIMING-16#167 Warning
Large setup violation  
There is a large setup violation of -5.945 ns between design_final_i/vga_0/U0/vga_instance/AXI_Stream_FIFO_inst/read_pointer_reg[1]_replica/C (clocked by clk_out1_design_final_clk_wiz_1_0) and design_final_i/vga_0/U0/vga_instance/display_image_inst/image_inst/use_image/RAM_reg_128_191_3_5/RAMA/WADR4 (clocked by clk_ip_out_clk_ip_core_1). Large setup violations at the end of those stages might be difficult to fix during the post-placement implementation flow and could be the result of non-optimal XDC constraints or non-optimal design architecture
Related violations: <none>

TIMING-16#168 Warning
Large setup violation  
There is a large setup violation of -5.945 ns between design_final_i/vga_0/U0/vga_instance/AXI_Stream_FIFO_inst/read_pointer_reg[1]_replica/C (clocked by clk_out1_design_final_clk_wiz_1_0) and design_final_i/vga_0/U0/vga_instance/display_image_inst/image_inst/use_image/RAM_reg_128_191_3_5/RAMB/WADR4 (clocked by clk_ip_out_clk_ip_core_1). Large setup violations at the end of those stages might be difficult to fix during the post-placement implementation flow and could be the result of non-optimal XDC constraints or non-optimal design architecture
Related violations: <none>

TIMING-16#169 Warning
Large setup violation  
There is a large setup violation of -5.945 ns between design_final_i/vga_0/U0/vga_instance/AXI_Stream_FIFO_inst/read_pointer_reg[1]_replica/C (clocked by clk_out1_design_final_clk_wiz_1_0) and design_final_i/vga_0/U0/vga_instance/display_image_inst/image_inst/use_image/RAM_reg_128_191_3_5/RAMC/WADR4 (clocked by clk_ip_out_clk_ip_core_1). Large setup violations at the end of those stages might be difficult to fix during the post-placement implementation flow and could be the result of non-optimal XDC constraints or non-optimal design architecture
Related violations: <none>

TIMING-16#170 Warning
Large setup violation  
There is a large setup violation of -5.945 ns between design_final_i/vga_0/U0/vga_instance/AXI_Stream_FIFO_inst/read_pointer_reg[1]_replica/C (clocked by clk_out1_design_final_clk_wiz_1_0) and design_final_i/vga_0/U0/vga_instance/display_image_inst/image_inst/use_image/RAM_reg_128_191_3_5/RAMD/WADR4 (clocked by clk_ip_out_clk_ip_core_1). Large setup violations at the end of those stages might be difficult to fix during the post-placement implementation flow and could be the result of non-optimal XDC constraints or non-optimal design architecture
Related violations: <none>

TIMING-16#171 Warning
Large setup violation  
There is a large setup violation of -5.963 ns between design_final_i/vga_0/U0/vga_instance/AXI_Stream_FIFO_inst/read_pointer_reg[1]_replica/C (clocked by clk_out1_design_final_clk_wiz_1_0) and design_final_i/vga_0/U0/vga_instance/display_image_inst/image_inst/use_image/RAM_reg_64_127_3_5/RAMA/I (clocked by clk_ip_out_clk_ip_core_1). Large setup violations at the end of those stages might be difficult to fix during the post-placement implementation flow and could be the result of non-optimal XDC constraints or non-optimal design architecture
Related violations: <none>

TIMING-16#172 Warning
Large setup violation  
There is a large setup violation of -5.966 ns between design_final_i/vga_0/U0/vga_instance/AXI_Stream_FIFO_inst/read_pointer_reg[0]/C (clocked by clk_out1_design_final_clk_wiz_1_0) and design_final_i/vga_0/U0/vga_instance/display_image_inst/image_inst/use_image/RAM_reg_64_127_9_11/RAMA/I (clocked by clk_ip_out_clk_ip_core_1). Large setup violations at the end of those stages might be difficult to fix during the post-placement implementation flow and could be the result of non-optimal XDC constraints or non-optimal design architecture
Related violations: <none>

TIMING-16#173 Warning
Large setup violation  
There is a large setup violation of -5.971 ns between design_final_i/vga_0/U0/vga_instance/AXI_Stream_FIFO_inst/read_pointer_reg[1]_replica/C (clocked by clk_out1_design_final_clk_wiz_1_0) and design_final_i/vga_0/U0/vga_instance/display_image_inst/image_inst/use_image/RAM_reg_192_255_9_11/RAMA/WADR4 (clocked by clk_ip_out_clk_ip_core_1). Large setup violations at the end of those stages might be difficult to fix during the post-placement implementation flow and could be the result of non-optimal XDC constraints or non-optimal design architecture
Related violations: <none>

TIMING-16#174 Warning
Large setup violation  
There is a large setup violation of -5.971 ns between design_final_i/vga_0/U0/vga_instance/AXI_Stream_FIFO_inst/read_pointer_reg[1]_replica/C (clocked by clk_out1_design_final_clk_wiz_1_0) and design_final_i/vga_0/U0/vga_instance/display_image_inst/image_inst/use_image/RAM_reg_192_255_9_11/RAMB/WADR4 (clocked by clk_ip_out_clk_ip_core_1). Large setup violations at the end of those stages might be difficult to fix during the post-placement implementation flow and could be the result of non-optimal XDC constraints or non-optimal design architecture
Related violations: <none>

TIMING-16#175 Warning
Large setup violation  
There is a large setup violation of -5.971 ns between design_final_i/vga_0/U0/vga_instance/AXI_Stream_FIFO_inst/read_pointer_reg[1]_replica/C (clocked by clk_out1_design_final_clk_wiz_1_0) and design_final_i/vga_0/U0/vga_instance/display_image_inst/image_inst/use_image/RAM_reg_192_255_9_11/RAMC/WADR4 (clocked by clk_ip_out_clk_ip_core_1). Large setup violations at the end of those stages might be difficult to fix during the post-placement implementation flow and could be the result of non-optimal XDC constraints or non-optimal design architecture
Related violations: <none>

TIMING-16#176 Warning
Large setup violation  
There is a large setup violation of -5.971 ns between design_final_i/vga_0/U0/vga_instance/AXI_Stream_FIFO_inst/read_pointer_reg[1]_replica/C (clocked by clk_out1_design_final_clk_wiz_1_0) and design_final_i/vga_0/U0/vga_instance/display_image_inst/image_inst/use_image/RAM_reg_192_255_9_11/RAMD/WADR4 (clocked by clk_ip_out_clk_ip_core_1). Large setup violations at the end of those stages might be difficult to fix during the post-placement implementation flow and could be the result of non-optimal XDC constraints or non-optimal design architecture
Related violations: <none>

TIMING-16#177 Warning
Large setup violation  
There is a large setup violation of -5.977 ns between design_final_i/vga_0/U0/vga_instance/AXI_Stream_FIFO_inst/read_pointer_reg[1]_replica/C (clocked by clk_out1_design_final_clk_wiz_1_0) and design_final_i/vga_0/U0/vga_instance/display_image_inst/image_inst/use_image/RAM_reg_0_63_9_11/RAMA/WADR5 (clocked by clk_ip_out_clk_ip_core_1). Large setup violations at the end of those stages might be difficult to fix during the post-placement implementation flow and could be the result of non-optimal XDC constraints or non-optimal design architecture
Related violations: <none>

TIMING-16#178 Warning
Large setup violation  
There is a large setup violation of -5.977 ns between design_final_i/vga_0/U0/vga_instance/AXI_Stream_FIFO_inst/read_pointer_reg[1]_replica/C (clocked by clk_out1_design_final_clk_wiz_1_0) and design_final_i/vga_0/U0/vga_instance/display_image_inst/image_inst/use_image/RAM_reg_0_63_9_11/RAMB/WADR5 (clocked by clk_ip_out_clk_ip_core_1). Large setup violations at the end of those stages might be difficult to fix during the post-placement implementation flow and could be the result of non-optimal XDC constraints or non-optimal design architecture
Related violations: <none>

TIMING-16#179 Warning
Large setup violation  
There is a large setup violation of -5.977 ns between design_final_i/vga_0/U0/vga_instance/AXI_Stream_FIFO_inst/read_pointer_reg[1]_replica/C (clocked by clk_out1_design_final_clk_wiz_1_0) and design_final_i/vga_0/U0/vga_instance/display_image_inst/image_inst/use_image/RAM_reg_0_63_9_11/RAMC/WADR5 (clocked by clk_ip_out_clk_ip_core_1). Large setup violations at the end of those stages might be difficult to fix during the post-placement implementation flow and could be the result of non-optimal XDC constraints or non-optimal design architecture
Related violations: <none>

TIMING-16#180 Warning
Large setup violation  
There is a large setup violation of -5.977 ns between design_final_i/vga_0/U0/vga_instance/AXI_Stream_FIFO_inst/read_pointer_reg[1]_replica/C (clocked by clk_out1_design_final_clk_wiz_1_0) and design_final_i/vga_0/U0/vga_instance/display_image_inst/image_inst/use_image/RAM_reg_0_63_9_11/RAMD/WADR5 (clocked by clk_ip_out_clk_ip_core_1). Large setup violations at the end of those stages might be difficult to fix during the post-placement implementation flow and could be the result of non-optimal XDC constraints or non-optimal design architecture
Related violations: <none>

TIMING-16#181 Warning
Large setup violation  
There is a large setup violation of -5.982 ns between design_final_i/vga_0/U0/vga_instance/AXI_Stream_FIFO_inst/read_pointer_reg[0]/C (clocked by clk_out1_design_final_clk_wiz_1_0) and design_final_i/vga_0/U0/vga_instance/display_image_inst/image_inst/use_image/RAM_reg_128_191_9_11/RAMA/I (clocked by clk_ip_out_clk_ip_core_1). Large setup violations at the end of those stages might be difficult to fix during the post-placement implementation flow and could be the result of non-optimal XDC constraints or non-optimal design architecture
Related violations: <none>

TIMING-16#182 Warning
Large setup violation  
There is a large setup violation of -5.995 ns between design_final_i/vga_0/U0/vga_instance/AXI_Stream_FIFO_inst/read_pointer_reg[0]/C (clocked by clk_out1_design_final_clk_wiz_1_0) and design_final_i/vga_0/U0/vga_instance/display_image_inst/image_inst/use_image/RAM_reg_64_127_9_11/RAMB/I (clocked by clk_ip_out_clk_ip_core_1). Large setup violations at the end of those stages might be difficult to fix during the post-placement implementation flow and could be the result of non-optimal XDC constraints or non-optimal design architecture
Related violations: <none>

TIMING-16#183 Warning
Large setup violation  
There is a large setup violation of -6.002 ns between design_final_i/vga_0/U0/vga_instance/AXI_Stream_FIFO_inst/read_pointer_reg[0]/C (clocked by clk_out1_design_final_clk_wiz_1_0) and design_final_i/vga_0/U0/vga_instance/display_image_inst/image_inst/use_image/RAM_reg_64_127_6_8/RAMA/WADR2 (clocked by clk_ip_out_clk_ip_core_1). Large setup violations at the end of those stages might be difficult to fix during the post-placement implementation flow and could be the result of non-optimal XDC constraints or non-optimal design architecture
Related violations: <none>

TIMING-16#184 Warning
Large setup violation  
There is a large setup violation of -6.002 ns between design_final_i/vga_0/U0/vga_instance/AXI_Stream_FIFO_inst/read_pointer_reg[0]/C (clocked by clk_out1_design_final_clk_wiz_1_0) and design_final_i/vga_0/U0/vga_instance/display_image_inst/image_inst/use_image/RAM_reg_64_127_6_8/RAMB/WADR2 (clocked by clk_ip_out_clk_ip_core_1). Large setup violations at the end of those stages might be difficult to fix during the post-placement implementation flow and could be the result of non-optimal XDC constraints or non-optimal design architecture
Related violations: <none>

TIMING-16#185 Warning
Large setup violation  
There is a large setup violation of -6.002 ns between design_final_i/vga_0/U0/vga_instance/AXI_Stream_FIFO_inst/read_pointer_reg[0]/C (clocked by clk_out1_design_final_clk_wiz_1_0) and design_final_i/vga_0/U0/vga_instance/display_image_inst/image_inst/use_image/RAM_reg_64_127_6_8/RAMC/WADR2 (clocked by clk_ip_out_clk_ip_core_1). Large setup violations at the end of those stages might be difficult to fix during the post-placement implementation flow and could be the result of non-optimal XDC constraints or non-optimal design architecture
Related violations: <none>

TIMING-16#186 Warning
Large setup violation  
There is a large setup violation of -6.002 ns between design_final_i/vga_0/U0/vga_instance/AXI_Stream_FIFO_inst/read_pointer_reg[0]/C (clocked by clk_out1_design_final_clk_wiz_1_0) and design_final_i/vga_0/U0/vga_instance/display_image_inst/image_inst/use_image/RAM_reg_64_127_6_8/RAMD/WADR2 (clocked by clk_ip_out_clk_ip_core_1). Large setup violations at the end of those stages might be difficult to fix during the post-placement implementation flow and could be the result of non-optimal XDC constraints or non-optimal design architecture
Related violations: <none>

TIMING-16#187 Warning
Large setup violation  
There is a large setup violation of -6.005 ns between design_final_i/vga_0/U0/vga_instance/AXI_Stream_FIFO_inst/read_pointer_reg[1]_replica/C (clocked by clk_out1_design_final_clk_wiz_1_0) and design_final_i/vga_0/U0/vga_instance/display_image_inst/image_inst/use_image/RAM_reg_0_63_3_5/RAMC/I (clocked by clk_ip_out_clk_ip_core_1). Large setup violations at the end of those stages might be difficult to fix during the post-placement implementation flow and could be the result of non-optimal XDC constraints or non-optimal design architecture
Related violations: <none>

TIMING-16#188 Warning
Large setup violation  
There is a large setup violation of -6.016 ns between design_final_i/vga_0/U0/vga_instance/AXI_Stream_FIFO_inst/read_pointer_reg[1]_replica/C (clocked by clk_out1_design_final_clk_wiz_1_0) and design_final_i/vga_0/U0/vga_instance/display_image_inst/image_inst/use_image/RAM_reg_192_255_0_2/RAMC/I (clocked by clk_ip_out_clk_ip_core_1). Large setup violations at the end of those stages might be difficult to fix during the post-placement implementation flow and could be the result of non-optimal XDC constraints or non-optimal design architecture
Related violations: <none>

TIMING-16#189 Warning
Large setup violation  
There is a large setup violation of -6.021 ns between design_final_i/vga_0/U0/vga_instance/AXI_Stream_FIFO_inst/read_pointer_reg[1]_replica/C (clocked by clk_out1_design_final_clk_wiz_1_0) and design_final_i/vga_0/U0/vga_instance/display_image_inst/image_inst/use_image/RAM_reg_64_127_0_2/RAMA/WADR4 (clocked by clk_ip_out_clk_ip_core_1). Large setup violations at the end of those stages might be difficult to fix during the post-placement implementation flow and could be the result of non-optimal XDC constraints or non-optimal design architecture
Related violations: <none>

TIMING-16#190 Warning
Large setup violation  
There is a large setup violation of -6.021 ns between design_final_i/vga_0/U0/vga_instance/AXI_Stream_FIFO_inst/read_pointer_reg[1]_replica/C (clocked by clk_out1_design_final_clk_wiz_1_0) and design_final_i/vga_0/U0/vga_instance/display_image_inst/image_inst/use_image/RAM_reg_64_127_0_2/RAMB/WADR4 (clocked by clk_ip_out_clk_ip_core_1). Large setup violations at the end of those stages might be difficult to fix during the post-placement implementation flow and could be the result of non-optimal XDC constraints or non-optimal design architecture
Related violations: <none>

TIMING-16#191 Warning
Large setup violation  
There is a large setup violation of -6.021 ns between design_final_i/vga_0/U0/vga_instance/AXI_Stream_FIFO_inst/read_pointer_reg[1]_replica/C (clocked by clk_out1_design_final_clk_wiz_1_0) and design_final_i/vga_0/U0/vga_instance/display_image_inst/image_inst/use_image/RAM_reg_64_127_0_2/RAMC/WADR4 (clocked by clk_ip_out_clk_ip_core_1). Large setup violations at the end of those stages might be difficult to fix during the post-placement implementation flow and could be the result of non-optimal XDC constraints or non-optimal design architecture
Related violations: <none>

TIMING-16#192 Warning
Large setup violation  
There is a large setup violation of -6.021 ns between design_final_i/vga_0/U0/vga_instance/AXI_Stream_FIFO_inst/read_pointer_reg[1]_replica/C (clocked by clk_out1_design_final_clk_wiz_1_0) and design_final_i/vga_0/U0/vga_instance/display_image_inst/image_inst/use_image/RAM_reg_64_127_0_2/RAMD/WADR4 (clocked by clk_ip_out_clk_ip_core_1). Large setup violations at the end of those stages might be difficult to fix during the post-placement implementation flow and could be the result of non-optimal XDC constraints or non-optimal design architecture
Related violations: <none>

TIMING-16#193 Warning
Large setup violation  
There is a large setup violation of -6.025 ns between design_final_i/vga_0/U0/vga_instance/AXI_Stream_FIFO_inst/read_pointer_reg[1]_replica/C (clocked by clk_out1_design_final_clk_wiz_1_0) and design_final_i/vga_0/U0/vga_instance/display_image_inst/image_inst/use_image/RAM_reg_128_191_6_8/RAMA/WADR5 (clocked by clk_ip_out_clk_ip_core_1). Large setup violations at the end of those stages might be difficult to fix during the post-placement implementation flow and could be the result of non-optimal XDC constraints or non-optimal design architecture
Related violations: <none>

TIMING-16#194 Warning
Large setup violation  
There is a large setup violation of -6.025 ns between design_final_i/vga_0/U0/vga_instance/AXI_Stream_FIFO_inst/read_pointer_reg[1]_replica/C (clocked by clk_out1_design_final_clk_wiz_1_0) and design_final_i/vga_0/U0/vga_instance/display_image_inst/image_inst/use_image/RAM_reg_128_191_6_8/RAMB/WADR5 (clocked by clk_ip_out_clk_ip_core_1). Large setup violations at the end of those stages might be difficult to fix during the post-placement implementation flow and could be the result of non-optimal XDC constraints or non-optimal design architecture
Related violations: <none>

TIMING-16#195 Warning
Large setup violation  
There is a large setup violation of -6.025 ns between design_final_i/vga_0/U0/vga_instance/AXI_Stream_FIFO_inst/read_pointer_reg[1]_replica/C (clocked by clk_out1_design_final_clk_wiz_1_0) and design_final_i/vga_0/U0/vga_instance/display_image_inst/image_inst/use_image/RAM_reg_128_191_6_8/RAMC/WADR5 (clocked by clk_ip_out_clk_ip_core_1). Large setup violations at the end of those stages might be difficult to fix during the post-placement implementation flow and could be the result of non-optimal XDC constraints or non-optimal design architecture
Related violations: <none>

TIMING-16#196 Warning
Large setup violation  
There is a large setup violation of -6.025 ns between design_final_i/vga_0/U0/vga_instance/AXI_Stream_FIFO_inst/read_pointer_reg[1]_replica/C (clocked by clk_out1_design_final_clk_wiz_1_0) and design_final_i/vga_0/U0/vga_instance/display_image_inst/image_inst/use_image/RAM_reg_128_191_6_8/RAMD/WADR5 (clocked by clk_ip_out_clk_ip_core_1). Large setup violations at the end of those stages might be difficult to fix during the post-placement implementation flow and could be the result of non-optimal XDC constraints or non-optimal design architecture
Related violations: <none>

TIMING-16#197 Warning
Large setup violation  
There is a large setup violation of -6.027 ns between design_final_i/vga_0/U0/vga_instance/AXI_Stream_FIFO_inst/read_pointer_reg[1]_replica/C (clocked by clk_out1_design_final_clk_wiz_1_0) and design_final_i/vga_0/U0/vga_instance/display_image_inst/image_inst/use_image/RAM_reg_0_63_3_5/RAMA/WADR5 (clocked by clk_ip_out_clk_ip_core_1). Large setup violations at the end of those stages might be difficult to fix during the post-placement implementation flow and could be the result of non-optimal XDC constraints or non-optimal design architecture
Related violations: <none>

TIMING-16#198 Warning
Large setup violation  
There is a large setup violation of -6.027 ns between design_final_i/vga_0/U0/vga_instance/AXI_Stream_FIFO_inst/read_pointer_reg[1]_replica/C (clocked by clk_out1_design_final_clk_wiz_1_0) and design_final_i/vga_0/U0/vga_instance/display_image_inst/image_inst/use_image/RAM_reg_0_63_3_5/RAMB/WADR5 (clocked by clk_ip_out_clk_ip_core_1). Large setup violations at the end of those stages might be difficult to fix during the post-placement implementation flow and could be the result of non-optimal XDC constraints or non-optimal design architecture
Related violations: <none>

TIMING-16#199 Warning
Large setup violation  
There is a large setup violation of -6.027 ns between design_final_i/vga_0/U0/vga_instance/AXI_Stream_FIFO_inst/read_pointer_reg[1]_replica/C (clocked by clk_out1_design_final_clk_wiz_1_0) and design_final_i/vga_0/U0/vga_instance/display_image_inst/image_inst/use_image/RAM_reg_0_63_3_5/RAMC/WADR5 (clocked by clk_ip_out_clk_ip_core_1). Large setup violations at the end of those stages might be difficult to fix during the post-placement implementation flow and could be the result of non-optimal XDC constraints or non-optimal design architecture
Related violations: <none>

TIMING-16#200 Warning
Large setup violation  
There is a large setup violation of -6.027 ns between design_final_i/vga_0/U0/vga_instance/AXI_Stream_FIFO_inst/read_pointer_reg[1]_replica/C (clocked by clk_out1_design_final_clk_wiz_1_0) and design_final_i/vga_0/U0/vga_instance/display_image_inst/image_inst/use_image/RAM_reg_0_63_3_5/RAMD/WADR5 (clocked by clk_ip_out_clk_ip_core_1). Large setup violations at the end of those stages might be difficult to fix during the post-placement implementation flow and could be the result of non-optimal XDC constraints or non-optimal design architecture
Related violations: <none>

TIMING-16#201 Warning
Large setup violation  
There is a large setup violation of -6.032 ns between design_final_i/vga_0/U0/vga_instance/AXI_Stream_FIFO_inst/read_pointer_reg[1]_replica/C (clocked by clk_out1_design_final_clk_wiz_1_0) and design_final_i/vga_0/U0/vga_instance/display_image_inst/image_inst/use_image/RAM_reg_192_255_6_8/RAMA/WADR0 (clocked by clk_ip_out_clk_ip_core_1). Large setup violations at the end of those stages might be difficult to fix during the post-placement implementation flow and could be the result of non-optimal XDC constraints or non-optimal design architecture
Related violations: <none>

TIMING-16#202 Warning
Large setup violation  
There is a large setup violation of -6.032 ns between design_final_i/vga_0/U0/vga_instance/AXI_Stream_FIFO_inst/read_pointer_reg[1]_replica/C (clocked by clk_out1_design_final_clk_wiz_1_0) and design_final_i/vga_0/U0/vga_instance/display_image_inst/image_inst/use_image/RAM_reg_192_255_6_8/RAMB/WADR0 (clocked by clk_ip_out_clk_ip_core_1). Large setup violations at the end of those stages might be difficult to fix during the post-placement implementation flow and could be the result of non-optimal XDC constraints or non-optimal design architecture
Related violations: <none>

TIMING-16#203 Warning
Large setup violation  
There is a large setup violation of -6.032 ns between design_final_i/vga_0/U0/vga_instance/AXI_Stream_FIFO_inst/read_pointer_reg[1]_replica/C (clocked by clk_out1_design_final_clk_wiz_1_0) and design_final_i/vga_0/U0/vga_instance/display_image_inst/image_inst/use_image/RAM_reg_192_255_6_8/RAMC/WADR0 (clocked by clk_ip_out_clk_ip_core_1). Large setup violations at the end of those stages might be difficult to fix during the post-placement implementation flow and could be the result of non-optimal XDC constraints or non-optimal design architecture
Related violations: <none>

TIMING-16#204 Warning
Large setup violation  
There is a large setup violation of -6.032 ns between design_final_i/vga_0/U0/vga_instance/AXI_Stream_FIFO_inst/read_pointer_reg[1]_replica/C (clocked by clk_out1_design_final_clk_wiz_1_0) and design_final_i/vga_0/U0/vga_instance/display_image_inst/image_inst/use_image/RAM_reg_192_255_6_8/RAMD/WADR0 (clocked by clk_ip_out_clk_ip_core_1). Large setup violations at the end of those stages might be difficult to fix during the post-placement implementation flow and could be the result of non-optimal XDC constraints or non-optimal design architecture
Related violations: <none>

TIMING-16#205 Warning
Large setup violation  
There is a large setup violation of -6.037 ns between design_final_i/vga_0/U0/vga_instance/AXI_Stream_FIFO_inst/read_pointer_reg[0]/C (clocked by clk_out1_design_final_clk_wiz_1_0) and design_final_i/vga_0/U0/vga_instance/display_image_inst/image_inst/use_image/RAM_reg_192_255_9_11/RAMA/I (clocked by clk_ip_out_clk_ip_core_1). Large setup violations at the end of those stages might be difficult to fix during the post-placement implementation flow and could be the result of non-optimal XDC constraints or non-optimal design architecture
Related violations: <none>

TIMING-16#206 Warning
Large setup violation  
There is a large setup violation of -6.037 ns between design_final_i/vga_0/U0/vga_instance/AXI_Stream_FIFO_inst/read_pointer_reg[1]_replica/C (clocked by clk_out1_design_final_clk_wiz_1_0) and design_final_i/vga_0/U0/vga_instance/display_image_inst/image_inst/use_image/RAM_reg_64_127_0_2/RAMA/WADR5 (clocked by clk_ip_out_clk_ip_core_1). Large setup violations at the end of those stages might be difficult to fix during the post-placement implementation flow and could be the result of non-optimal XDC constraints or non-optimal design architecture
Related violations: <none>

TIMING-16#207 Warning
Large setup violation  
There is a large setup violation of -6.037 ns between design_final_i/vga_0/U0/vga_instance/AXI_Stream_FIFO_inst/read_pointer_reg[1]_replica/C (clocked by clk_out1_design_final_clk_wiz_1_0) and design_final_i/vga_0/U0/vga_instance/display_image_inst/image_inst/use_image/RAM_reg_64_127_0_2/RAMB/WADR5 (clocked by clk_ip_out_clk_ip_core_1). Large setup violations at the end of those stages might be difficult to fix during the post-placement implementation flow and could be the result of non-optimal XDC constraints or non-optimal design architecture
Related violations: <none>

TIMING-16#208 Warning
Large setup violation  
There is a large setup violation of -6.037 ns between design_final_i/vga_0/U0/vga_instance/AXI_Stream_FIFO_inst/read_pointer_reg[1]_replica/C (clocked by clk_out1_design_final_clk_wiz_1_0) and design_final_i/vga_0/U0/vga_instance/display_image_inst/image_inst/use_image/RAM_reg_64_127_0_2/RAMC/WADR5 (clocked by clk_ip_out_clk_ip_core_1). Large setup violations at the end of those stages might be difficult to fix during the post-placement implementation flow and could be the result of non-optimal XDC constraints or non-optimal design architecture
Related violations: <none>

TIMING-16#209 Warning
Large setup violation  
There is a large setup violation of -6.037 ns between design_final_i/vga_0/U0/vga_instance/AXI_Stream_FIFO_inst/read_pointer_reg[1]_replica/C (clocked by clk_out1_design_final_clk_wiz_1_0) and design_final_i/vga_0/U0/vga_instance/display_image_inst/image_inst/use_image/RAM_reg_64_127_0_2/RAMD/WADR5 (clocked by clk_ip_out_clk_ip_core_1). Large setup violations at the end of those stages might be difficult to fix during the post-placement implementation flow and could be the result of non-optimal XDC constraints or non-optimal design architecture
Related violations: <none>

TIMING-16#210 Warning
Large setup violation  
There is a large setup violation of -6.038 ns between design_final_i/vga_0/U0/vga_instance/AXI_Stream_FIFO_inst/read_pointer_reg[1]_replica/C (clocked by clk_out1_design_final_clk_wiz_1_0) and design_final_i/vga_0/U0/vga_instance/display_image_inst/image_inst/use_image/RAM_reg_192_255_6_8/RAMA/WADR5 (clocked by clk_ip_out_clk_ip_core_1). Large setup violations at the end of those stages might be difficult to fix during the post-placement implementation flow and could be the result of non-optimal XDC constraints or non-optimal design architecture
Related violations: <none>

TIMING-16#211 Warning
Large setup violation  
There is a large setup violation of -6.038 ns between design_final_i/vga_0/U0/vga_instance/AXI_Stream_FIFO_inst/read_pointer_reg[1]_replica/C (clocked by clk_out1_design_final_clk_wiz_1_0) and design_final_i/vga_0/U0/vga_instance/display_image_inst/image_inst/use_image/RAM_reg_192_255_6_8/RAMB/WADR5 (clocked by clk_ip_out_clk_ip_core_1). Large setup violations at the end of those stages might be difficult to fix during the post-placement implementation flow and could be the result of non-optimal XDC constraints or non-optimal design architecture
Related violations: <none>

TIMING-16#212 Warning
Large setup violation  
There is a large setup violation of -6.038 ns between design_final_i/vga_0/U0/vga_instance/AXI_Stream_FIFO_inst/read_pointer_reg[1]_replica/C (clocked by clk_out1_design_final_clk_wiz_1_0) and design_final_i/vga_0/U0/vga_instance/display_image_inst/image_inst/use_image/RAM_reg_192_255_6_8/RAMC/WADR5 (clocked by clk_ip_out_clk_ip_core_1). Large setup violations at the end of those stages might be difficult to fix during the post-placement implementation flow and could be the result of non-optimal XDC constraints or non-optimal design architecture
Related violations: <none>

TIMING-16#213 Warning
Large setup violation  
There is a large setup violation of -6.038 ns between design_final_i/vga_0/U0/vga_instance/AXI_Stream_FIFO_inst/read_pointer_reg[1]_replica/C (clocked by clk_out1_design_final_clk_wiz_1_0) and design_final_i/vga_0/U0/vga_instance/display_image_inst/image_inst/use_image/RAM_reg_192_255_6_8/RAMD/WADR5 (clocked by clk_ip_out_clk_ip_core_1). Large setup violations at the end of those stages might be difficult to fix during the post-placement implementation flow and could be the result of non-optimal XDC constraints or non-optimal design architecture
Related violations: <none>

TIMING-16#214 Warning
Large setup violation  
There is a large setup violation of -6.046 ns between design_final_i/vga_0/U0/vga_instance/AXI_Stream_FIFO_inst/read_pointer_reg[1]_replica/C (clocked by clk_out1_design_final_clk_wiz_1_0) and design_final_i/vga_0/U0/vga_instance/display_image_inst/image_inst/use_image/RAM_reg_64_127_3_5/RAMC/I (clocked by clk_ip_out_clk_ip_core_1). Large setup violations at the end of those stages might be difficult to fix during the post-placement implementation flow and could be the result of non-optimal XDC constraints or non-optimal design architecture
Related violations: <none>

TIMING-16#215 Warning
Large setup violation  
There is a large setup violation of -6.057 ns between design_final_i/vga_0/U0/vga_instance/AXI_Stream_FIFO_inst/read_pointer_reg[0]/C (clocked by clk_out1_design_final_clk_wiz_1_0) and design_final_i/vga_0/U0/vga_instance/display_image_inst/image_inst/use_image/RAM_reg_192_255_6_8/RAMA/WADR2 (clocked by clk_ip_out_clk_ip_core_1). Large setup violations at the end of those stages might be difficult to fix during the post-placement implementation flow and could be the result of non-optimal XDC constraints or non-optimal design architecture
Related violations: <none>

TIMING-16#216 Warning
Large setup violation  
There is a large setup violation of -6.057 ns between design_final_i/vga_0/U0/vga_instance/AXI_Stream_FIFO_inst/read_pointer_reg[0]/C (clocked by clk_out1_design_final_clk_wiz_1_0) and design_final_i/vga_0/U0/vga_instance/display_image_inst/image_inst/use_image/RAM_reg_192_255_6_8/RAMB/WADR2 (clocked by clk_ip_out_clk_ip_core_1). Large setup violations at the end of those stages might be difficult to fix during the post-placement implementation flow and could be the result of non-optimal XDC constraints or non-optimal design architecture
Related violations: <none>

TIMING-16#217 Warning
Large setup violation  
There is a large setup violation of -6.057 ns between design_final_i/vga_0/U0/vga_instance/AXI_Stream_FIFO_inst/read_pointer_reg[0]/C (clocked by clk_out1_design_final_clk_wiz_1_0) and design_final_i/vga_0/U0/vga_instance/display_image_inst/image_inst/use_image/RAM_reg_192_255_6_8/RAMC/WADR2 (clocked by clk_ip_out_clk_ip_core_1). Large setup violations at the end of those stages might be difficult to fix during the post-placement implementation flow and could be the result of non-optimal XDC constraints or non-optimal design architecture
Related violations: <none>

TIMING-16#218 Warning
Large setup violation  
There is a large setup violation of -6.057 ns between design_final_i/vga_0/U0/vga_instance/AXI_Stream_FIFO_inst/read_pointer_reg[0]/C (clocked by clk_out1_design_final_clk_wiz_1_0) and design_final_i/vga_0/U0/vga_instance/display_image_inst/image_inst/use_image/RAM_reg_192_255_6_8/RAMD/WADR2 (clocked by clk_ip_out_clk_ip_core_1). Large setup violations at the end of those stages might be difficult to fix during the post-placement implementation flow and could be the result of non-optimal XDC constraints or non-optimal design architecture
Related violations: <none>

TIMING-16#219 Warning
Large setup violation  
There is a large setup violation of -6.062 ns between design_final_i/vga_0/U0/vga_instance/AXI_Stream_FIFO_inst/read_pointer_reg[0]/C (clocked by clk_out1_design_final_clk_wiz_1_0) and design_final_i/vga_0/U0/vga_instance/display_image_inst/image_inst/use_image/RAM_reg_0_63_6_8/RAMA/WADR2 (clocked by clk_ip_out_clk_ip_core_1). Large setup violations at the end of those stages might be difficult to fix during the post-placement implementation flow and could be the result of non-optimal XDC constraints or non-optimal design architecture
Related violations: <none>

TIMING-16#220 Warning
Large setup violation  
There is a large setup violation of -6.062 ns between design_final_i/vga_0/U0/vga_instance/AXI_Stream_FIFO_inst/read_pointer_reg[0]/C (clocked by clk_out1_design_final_clk_wiz_1_0) and design_final_i/vga_0/U0/vga_instance/display_image_inst/image_inst/use_image/RAM_reg_0_63_6_8/RAMB/WADR2 (clocked by clk_ip_out_clk_ip_core_1). Large setup violations at the end of those stages might be difficult to fix during the post-placement implementation flow and could be the result of non-optimal XDC constraints or non-optimal design architecture
Related violations: <none>

TIMING-16#221 Warning
Large setup violation  
There is a large setup violation of -6.062 ns between design_final_i/vga_0/U0/vga_instance/AXI_Stream_FIFO_inst/read_pointer_reg[0]/C (clocked by clk_out1_design_final_clk_wiz_1_0) and design_final_i/vga_0/U0/vga_instance/display_image_inst/image_inst/use_image/RAM_reg_0_63_6_8/RAMC/WADR2 (clocked by clk_ip_out_clk_ip_core_1). Large setup violations at the end of those stages might be difficult to fix during the post-placement implementation flow and could be the result of non-optimal XDC constraints or non-optimal design architecture
Related violations: <none>

TIMING-16#222 Warning
Large setup violation  
There is a large setup violation of -6.062 ns between design_final_i/vga_0/U0/vga_instance/AXI_Stream_FIFO_inst/read_pointer_reg[0]/C (clocked by clk_out1_design_final_clk_wiz_1_0) and design_final_i/vga_0/U0/vga_instance/display_image_inst/image_inst/use_image/RAM_reg_0_63_6_8/RAMD/WADR2 (clocked by clk_ip_out_clk_ip_core_1). Large setup violations at the end of those stages might be difficult to fix during the post-placement implementation flow and could be the result of non-optimal XDC constraints or non-optimal design architecture
Related violations: <none>

TIMING-16#223 Warning
Large setup violation  
There is a large setup violation of -6.065 ns between design_final_i/vga_0/U0/vga_instance/AXI_Stream_FIFO_inst/read_pointer_reg[0]/C (clocked by clk_out1_design_final_clk_wiz_1_0) and design_final_i/vga_0/U0/vga_instance/display_image_inst/image_inst/use_image/RAM_reg_128_191_3_5/RAMA/WADR2 (clocked by clk_ip_out_clk_ip_core_1). Large setup violations at the end of those stages might be difficult to fix during the post-placement implementation flow and could be the result of non-optimal XDC constraints or non-optimal design architecture
Related violations: <none>

TIMING-16#224 Warning
Large setup violation  
There is a large setup violation of -6.065 ns between design_final_i/vga_0/U0/vga_instance/AXI_Stream_FIFO_inst/read_pointer_reg[0]/C (clocked by clk_out1_design_final_clk_wiz_1_0) and design_final_i/vga_0/U0/vga_instance/display_image_inst/image_inst/use_image/RAM_reg_128_191_3_5/RAMB/WADR2 (clocked by clk_ip_out_clk_ip_core_1). Large setup violations at the end of those stages might be difficult to fix during the post-placement implementation flow and could be the result of non-optimal XDC constraints or non-optimal design architecture
Related violations: <none>

TIMING-16#225 Warning
Large setup violation  
There is a large setup violation of -6.065 ns between design_final_i/vga_0/U0/vga_instance/AXI_Stream_FIFO_inst/read_pointer_reg[0]/C (clocked by clk_out1_design_final_clk_wiz_1_0) and design_final_i/vga_0/U0/vga_instance/display_image_inst/image_inst/use_image/RAM_reg_128_191_3_5/RAMC/WADR2 (clocked by clk_ip_out_clk_ip_core_1). Large setup violations at the end of those stages might be difficult to fix during the post-placement implementation flow and could be the result of non-optimal XDC constraints or non-optimal design architecture
Related violations: <none>

TIMING-16#226 Warning
Large setup violation  
There is a large setup violation of -6.065 ns between design_final_i/vga_0/U0/vga_instance/AXI_Stream_FIFO_inst/read_pointer_reg[0]/C (clocked by clk_out1_design_final_clk_wiz_1_0) and design_final_i/vga_0/U0/vga_instance/display_image_inst/image_inst/use_image/RAM_reg_128_191_3_5/RAMD/WADR2 (clocked by clk_ip_out_clk_ip_core_1). Large setup violations at the end of those stages might be difficult to fix during the post-placement implementation flow and could be the result of non-optimal XDC constraints or non-optimal design architecture
Related violations: <none>

TIMING-16#227 Warning
Large setup violation  
There is a large setup violation of -6.065 ns between design_final_i/vga_0/U0/vga_instance/AXI_Stream_FIFO_inst/read_pointer_reg[0]/C (clocked by clk_out1_design_final_clk_wiz_1_0) and design_final_i/vga_0/U0/vga_instance/display_image_inst/image_inst/use_image/RAM_reg_128_191_6_8/RAMA/WADR2 (clocked by clk_ip_out_clk_ip_core_1). Large setup violations at the end of those stages might be difficult to fix during the post-placement implementation flow and could be the result of non-optimal XDC constraints or non-optimal design architecture
Related violations: <none>

TIMING-16#228 Warning
Large setup violation  
There is a large setup violation of -6.065 ns between design_final_i/vga_0/U0/vga_instance/AXI_Stream_FIFO_inst/read_pointer_reg[0]/C (clocked by clk_out1_design_final_clk_wiz_1_0) and design_final_i/vga_0/U0/vga_instance/display_image_inst/image_inst/use_image/RAM_reg_128_191_6_8/RAMB/WADR2 (clocked by clk_ip_out_clk_ip_core_1). Large setup violations at the end of those stages might be difficult to fix during the post-placement implementation flow and could be the result of non-optimal XDC constraints or non-optimal design architecture
Related violations: <none>

TIMING-16#229 Warning
Large setup violation  
There is a large setup violation of -6.065 ns between design_final_i/vga_0/U0/vga_instance/AXI_Stream_FIFO_inst/read_pointer_reg[0]/C (clocked by clk_out1_design_final_clk_wiz_1_0) and design_final_i/vga_0/U0/vga_instance/display_image_inst/image_inst/use_image/RAM_reg_128_191_6_8/RAMC/WADR2 (clocked by clk_ip_out_clk_ip_core_1). Large setup violations at the end of those stages might be difficult to fix during the post-placement implementation flow and could be the result of non-optimal XDC constraints or non-optimal design architecture
Related violations: <none>

TIMING-16#230 Warning
Large setup violation  
There is a large setup violation of -6.065 ns between design_final_i/vga_0/U0/vga_instance/AXI_Stream_FIFO_inst/read_pointer_reg[0]/C (clocked by clk_out1_design_final_clk_wiz_1_0) and design_final_i/vga_0/U0/vga_instance/display_image_inst/image_inst/use_image/RAM_reg_128_191_6_8/RAMD/WADR2 (clocked by clk_ip_out_clk_ip_core_1). Large setup violations at the end of those stages might be difficult to fix during the post-placement implementation flow and could be the result of non-optimal XDC constraints or non-optimal design architecture
Related violations: <none>

TIMING-16#231 Warning
Large setup violation  
There is a large setup violation of -6.066 ns between design_final_i/vga_0/U0/vga_instance/AXI_Stream_FIFO_inst/read_pointer_reg[0]/C (clocked by clk_out1_design_final_clk_wiz_1_0) and design_final_i/vga_0/U0/vga_instance/display_image_inst/image_inst/use_image/RAM_reg_128_191_0_2/RAMA/WADR2 (clocked by clk_ip_out_clk_ip_core_1). Large setup violations at the end of those stages might be difficult to fix during the post-placement implementation flow and could be the result of non-optimal XDC constraints or non-optimal design architecture
Related violations: <none>

TIMING-16#232 Warning
Large setup violation  
There is a large setup violation of -6.066 ns between design_final_i/vga_0/U0/vga_instance/AXI_Stream_FIFO_inst/read_pointer_reg[0]/C (clocked by clk_out1_design_final_clk_wiz_1_0) and design_final_i/vga_0/U0/vga_instance/display_image_inst/image_inst/use_image/RAM_reg_128_191_0_2/RAMB/WADR2 (clocked by clk_ip_out_clk_ip_core_1). Large setup violations at the end of those stages might be difficult to fix during the post-placement implementation flow and could be the result of non-optimal XDC constraints or non-optimal design architecture
Related violations: <none>

TIMING-16#233 Warning
Large setup violation  
There is a large setup violation of -6.066 ns between design_final_i/vga_0/U0/vga_instance/AXI_Stream_FIFO_inst/read_pointer_reg[0]/C (clocked by clk_out1_design_final_clk_wiz_1_0) and design_final_i/vga_0/U0/vga_instance/display_image_inst/image_inst/use_image/RAM_reg_128_191_0_2/RAMC/WADR2 (clocked by clk_ip_out_clk_ip_core_1). Large setup violations at the end of those stages might be difficult to fix during the post-placement implementation flow and could be the result of non-optimal XDC constraints or non-optimal design architecture
Related violations: <none>

TIMING-16#234 Warning
Large setup violation  
There is a large setup violation of -6.066 ns between design_final_i/vga_0/U0/vga_instance/AXI_Stream_FIFO_inst/read_pointer_reg[0]/C (clocked by clk_out1_design_final_clk_wiz_1_0) and design_final_i/vga_0/U0/vga_instance/display_image_inst/image_inst/use_image/RAM_reg_128_191_0_2/RAMD/WADR2 (clocked by clk_ip_out_clk_ip_core_1). Large setup violations at the end of those stages might be difficult to fix during the post-placement implementation flow and could be the result of non-optimal XDC constraints or non-optimal design architecture
Related violations: <none>

TIMING-16#235 Warning
Large setup violation  
There is a large setup violation of -6.068 ns between design_final_i/vga_0/U0/vga_instance/AXI_Stream_FIFO_inst/read_pointer_reg[0]/C (clocked by clk_out1_design_final_clk_wiz_1_0) and design_final_i/vga_0/U0/vga_instance/display_image_inst/image_inst/use_image/RAM_reg_128_191_9_11/RAMA/WADR2 (clocked by clk_ip_out_clk_ip_core_1). Large setup violations at the end of those stages might be difficult to fix during the post-placement implementation flow and could be the result of non-optimal XDC constraints or non-optimal design architecture
Related violations: <none>

TIMING-16#236 Warning
Large setup violation  
There is a large setup violation of -6.068 ns between design_final_i/vga_0/U0/vga_instance/AXI_Stream_FIFO_inst/read_pointer_reg[0]/C (clocked by clk_out1_design_final_clk_wiz_1_0) and design_final_i/vga_0/U0/vga_instance/display_image_inst/image_inst/use_image/RAM_reg_128_191_9_11/RAMB/WADR2 (clocked by clk_ip_out_clk_ip_core_1). Large setup violations at the end of those stages might be difficult to fix during the post-placement implementation flow and could be the result of non-optimal XDC constraints or non-optimal design architecture
Related violations: <none>

TIMING-16#237 Warning
Large setup violation  
There is a large setup violation of -6.068 ns between design_final_i/vga_0/U0/vga_instance/AXI_Stream_FIFO_inst/read_pointer_reg[0]/C (clocked by clk_out1_design_final_clk_wiz_1_0) and design_final_i/vga_0/U0/vga_instance/display_image_inst/image_inst/use_image/RAM_reg_128_191_9_11/RAMC/WADR2 (clocked by clk_ip_out_clk_ip_core_1). Large setup violations at the end of those stages might be difficult to fix during the post-placement implementation flow and could be the result of non-optimal XDC constraints or non-optimal design architecture
Related violations: <none>

TIMING-16#238 Warning
Large setup violation  
There is a large setup violation of -6.068 ns between design_final_i/vga_0/U0/vga_instance/AXI_Stream_FIFO_inst/read_pointer_reg[0]/C (clocked by clk_out1_design_final_clk_wiz_1_0) and design_final_i/vga_0/U0/vga_instance/display_image_inst/image_inst/use_image/RAM_reg_128_191_9_11/RAMD/WADR2 (clocked by clk_ip_out_clk_ip_core_1). Large setup violations at the end of those stages might be difficult to fix during the post-placement implementation flow and could be the result of non-optimal XDC constraints or non-optimal design architecture
Related violations: <none>

TIMING-16#239 Warning
Large setup violation  
There is a large setup violation of -6.070 ns between design_final_i/vga_0/U0/vga_instance/AXI_Stream_FIFO_inst/read_pointer_reg[1]_replica/C (clocked by clk_out1_design_final_clk_wiz_1_0) and design_final_i/vga_0/U0/vga_instance/display_image_inst/image_inst/use_image/RAM_reg_128_191_0_2/RAMA/WADR4 (clocked by clk_ip_out_clk_ip_core_1). Large setup violations at the end of those stages might be difficult to fix during the post-placement implementation flow and could be the result of non-optimal XDC constraints or non-optimal design architecture
Related violations: <none>

TIMING-16#240 Warning
Large setup violation  
There is a large setup violation of -6.070 ns between design_final_i/vga_0/U0/vga_instance/AXI_Stream_FIFO_inst/read_pointer_reg[1]_replica/C (clocked by clk_out1_design_final_clk_wiz_1_0) and design_final_i/vga_0/U0/vga_instance/display_image_inst/image_inst/use_image/RAM_reg_128_191_0_2/RAMB/WADR4 (clocked by clk_ip_out_clk_ip_core_1). Large setup violations at the end of those stages might be difficult to fix during the post-placement implementation flow and could be the result of non-optimal XDC constraints or non-optimal design architecture
Related violations: <none>

TIMING-16#241 Warning
Large setup violation  
There is a large setup violation of -6.070 ns between design_final_i/vga_0/U0/vga_instance/AXI_Stream_FIFO_inst/read_pointer_reg[1]_replica/C (clocked by clk_out1_design_final_clk_wiz_1_0) and design_final_i/vga_0/U0/vga_instance/display_image_inst/image_inst/use_image/RAM_reg_128_191_0_2/RAMC/WADR4 (clocked by clk_ip_out_clk_ip_core_1). Large setup violations at the end of those stages might be difficult to fix during the post-placement implementation flow and could be the result of non-optimal XDC constraints or non-optimal design architecture
Related violations: <none>

TIMING-16#242 Warning
Large setup violation  
There is a large setup violation of -6.070 ns between design_final_i/vga_0/U0/vga_instance/AXI_Stream_FIFO_inst/read_pointer_reg[1]_replica/C (clocked by clk_out1_design_final_clk_wiz_1_0) and design_final_i/vga_0/U0/vga_instance/display_image_inst/image_inst/use_image/RAM_reg_128_191_0_2/RAMD/WADR4 (clocked by clk_ip_out_clk_ip_core_1). Large setup violations at the end of those stages might be difficult to fix during the post-placement implementation flow and could be the result of non-optimal XDC constraints or non-optimal design architecture
Related violations: <none>

TIMING-16#243 Warning
Large setup violation  
There is a large setup violation of -6.074 ns between design_final_i/vga_0/U0/vga_instance/AXI_Stream_FIFO_inst/read_pointer_reg[1]_replica/C (clocked by clk_out1_design_final_clk_wiz_1_0) and design_final_i/vga_0/U0/vga_instance/display_image_inst/image_inst/use_image/RAM_reg_128_191_3_5/RAMA/WADR1 (clocked by clk_ip_out_clk_ip_core_1). Large setup violations at the end of those stages might be difficult to fix during the post-placement implementation flow and could be the result of non-optimal XDC constraints or non-optimal design architecture
Related violations: <none>

TIMING-16#244 Warning
Large setup violation  
There is a large setup violation of -6.074 ns between design_final_i/vga_0/U0/vga_instance/AXI_Stream_FIFO_inst/read_pointer_reg[1]_replica/C (clocked by clk_out1_design_final_clk_wiz_1_0) and design_final_i/vga_0/U0/vga_instance/display_image_inst/image_inst/use_image/RAM_reg_128_191_3_5/RAMB/WADR1 (clocked by clk_ip_out_clk_ip_core_1). Large setup violations at the end of those stages might be difficult to fix during the post-placement implementation flow and could be the result of non-optimal XDC constraints or non-optimal design architecture
Related violations: <none>

TIMING-16#245 Warning
Large setup violation  
There is a large setup violation of -6.074 ns between design_final_i/vga_0/U0/vga_instance/AXI_Stream_FIFO_inst/read_pointer_reg[1]_replica/C (clocked by clk_out1_design_final_clk_wiz_1_0) and design_final_i/vga_0/U0/vga_instance/display_image_inst/image_inst/use_image/RAM_reg_128_191_3_5/RAMC/WADR1 (clocked by clk_ip_out_clk_ip_core_1). Large setup violations at the end of those stages might be difficult to fix during the post-placement implementation flow and could be the result of non-optimal XDC constraints or non-optimal design architecture
Related violations: <none>

TIMING-16#246 Warning
Large setup violation  
There is a large setup violation of -6.074 ns between design_final_i/vga_0/U0/vga_instance/AXI_Stream_FIFO_inst/read_pointer_reg[1]_replica/C (clocked by clk_out1_design_final_clk_wiz_1_0) and design_final_i/vga_0/U0/vga_instance/display_image_inst/image_inst/use_image/RAM_reg_128_191_3_5/RAMD/WADR1 (clocked by clk_ip_out_clk_ip_core_1). Large setup violations at the end of those stages might be difficult to fix during the post-placement implementation flow and could be the result of non-optimal XDC constraints or non-optimal design architecture
Related violations: <none>

TIMING-16#247 Warning
Large setup violation  
There is a large setup violation of -6.081 ns between design_final_i/vga_0/U0/vga_instance/AXI_Stream_FIFO_inst/read_pointer_reg[1]_replica/C (clocked by clk_out1_design_final_clk_wiz_1_0) and design_final_i/vga_0/U0/vga_instance/display_image_inst/image_inst/use_image/RAM_reg_128_191_6_8/RAMA/WADR1 (clocked by clk_ip_out_clk_ip_core_1). Large setup violations at the end of those stages might be difficult to fix during the post-placement implementation flow and could be the result of non-optimal XDC constraints or non-optimal design architecture
Related violations: <none>

TIMING-16#248 Warning
Large setup violation  
There is a large setup violation of -6.081 ns between design_final_i/vga_0/U0/vga_instance/AXI_Stream_FIFO_inst/read_pointer_reg[1]_replica/C (clocked by clk_out1_design_final_clk_wiz_1_0) and design_final_i/vga_0/U0/vga_instance/display_image_inst/image_inst/use_image/RAM_reg_128_191_6_8/RAMB/WADR1 (clocked by clk_ip_out_clk_ip_core_1). Large setup violations at the end of those stages might be difficult to fix during the post-placement implementation flow and could be the result of non-optimal XDC constraints or non-optimal design architecture
Related violations: <none>

TIMING-16#249 Warning
Large setup violation  
There is a large setup violation of -6.081 ns between design_final_i/vga_0/U0/vga_instance/AXI_Stream_FIFO_inst/read_pointer_reg[1]_replica/C (clocked by clk_out1_design_final_clk_wiz_1_0) and design_final_i/vga_0/U0/vga_instance/display_image_inst/image_inst/use_image/RAM_reg_128_191_6_8/RAMC/WADR1 (clocked by clk_ip_out_clk_ip_core_1). Large setup violations at the end of those stages might be difficult to fix during the post-placement implementation flow and could be the result of non-optimal XDC constraints or non-optimal design architecture
Related violations: <none>

TIMING-16#250 Warning
Large setup violation  
There is a large setup violation of -6.081 ns between design_final_i/vga_0/U0/vga_instance/AXI_Stream_FIFO_inst/read_pointer_reg[1]_replica/C (clocked by clk_out1_design_final_clk_wiz_1_0) and design_final_i/vga_0/U0/vga_instance/display_image_inst/image_inst/use_image/RAM_reg_128_191_6_8/RAMD/WADR1 (clocked by clk_ip_out_clk_ip_core_1). Large setup violations at the end of those stages might be difficult to fix during the post-placement implementation flow and could be the result of non-optimal XDC constraints or non-optimal design architecture
Related violations: <none>

TIMING-16#251 Warning
Large setup violation  
There is a large setup violation of -6.083 ns between design_final_i/vga_0/U0/vga_instance/AXI_Stream_FIFO_inst/read_pointer_reg[1]_replica/C (clocked by clk_out1_design_final_clk_wiz_1_0) and design_final_i/vga_0/U0/vga_instance/display_image_inst/image_inst/use_image/RAM_reg_192_255_3_5/RAMC/I (clocked by clk_ip_out_clk_ip_core_1). Large setup violations at the end of those stages might be difficult to fix during the post-placement implementation flow and could be the result of non-optimal XDC constraints or non-optimal design architecture
Related violations: <none>

TIMING-16#252 Warning
Large setup violation  
There is a large setup violation of -6.083 ns between design_final_i/vga_0/U0/vga_instance/AXI_Stream_FIFO_inst/read_pointer_reg[3]/C (clocked by clk_out1_design_final_clk_wiz_1_0) and design_final_i/vga_0/U0/vga_instance/display_image_inst/image_inst/use_image/RAM_reg_64_127_6_8/RAMA/WE (clocked by clk_ip_out_clk_ip_core_1). Large setup violations at the end of those stages might be difficult to fix during the post-placement implementation flow and could be the result of non-optimal XDC constraints or non-optimal design architecture
Related violations: <none>

TIMING-16#253 Warning
Large setup violation  
There is a large setup violation of -6.083 ns between design_final_i/vga_0/U0/vga_instance/AXI_Stream_FIFO_inst/read_pointer_reg[3]/C (clocked by clk_out1_design_final_clk_wiz_1_0) and design_final_i/vga_0/U0/vga_instance/display_image_inst/image_inst/use_image/RAM_reg_64_127_6_8/RAMB/WE (clocked by clk_ip_out_clk_ip_core_1). Large setup violations at the end of those stages might be difficult to fix during the post-placement implementation flow and could be the result of non-optimal XDC constraints or non-optimal design architecture
Related violations: <none>

TIMING-16#254 Warning
Large setup violation  
There is a large setup violation of -6.083 ns between design_final_i/vga_0/U0/vga_instance/AXI_Stream_FIFO_inst/read_pointer_reg[3]/C (clocked by clk_out1_design_final_clk_wiz_1_0) and design_final_i/vga_0/U0/vga_instance/display_image_inst/image_inst/use_image/RAM_reg_64_127_6_8/RAMC/WE (clocked by clk_ip_out_clk_ip_core_1). Large setup violations at the end of those stages might be difficult to fix during the post-placement implementation flow and could be the result of non-optimal XDC constraints or non-optimal design architecture
Related violations: <none>

TIMING-16#255 Warning
Large setup violation  
There is a large setup violation of -6.083 ns between design_final_i/vga_0/U0/vga_instance/AXI_Stream_FIFO_inst/read_pointer_reg[3]/C (clocked by clk_out1_design_final_clk_wiz_1_0) and design_final_i/vga_0/U0/vga_instance/display_image_inst/image_inst/use_image/RAM_reg_64_127_6_8/RAMD/WE (clocked by clk_ip_out_clk_ip_core_1). Large setup violations at the end of those stages might be difficult to fix during the post-placement implementation flow and could be the result of non-optimal XDC constraints or non-optimal design architecture
Related violations: <none>

TIMING-16#256 Warning
Large setup violation  
There is a large setup violation of -6.089 ns between design_final_i/vga_0/U0/vga_instance/AXI_Stream_FIFO_inst/read_pointer_reg[1]_replica/C (clocked by clk_out1_design_final_clk_wiz_1_0) and design_final_i/vga_0/U0/vga_instance/display_image_inst/image_inst/use_image/RAM_reg_0_63_6_8/RAMA/WADR1 (clocked by clk_ip_out_clk_ip_core_1). Large setup violations at the end of those stages might be difficult to fix during the post-placement implementation flow and could be the result of non-optimal XDC constraints or non-optimal design architecture
Related violations: <none>

TIMING-16#257 Warning
Large setup violation  
There is a large setup violation of -6.089 ns between design_final_i/vga_0/U0/vga_instance/AXI_Stream_FIFO_inst/read_pointer_reg[1]_replica/C (clocked by clk_out1_design_final_clk_wiz_1_0) and design_final_i/vga_0/U0/vga_instance/display_image_inst/image_inst/use_image/RAM_reg_0_63_6_8/RAMB/WADR1 (clocked by clk_ip_out_clk_ip_core_1). Large setup violations at the end of those stages might be difficult to fix during the post-placement implementation flow and could be the result of non-optimal XDC constraints or non-optimal design architecture
Related violations: <none>

TIMING-16#258 Warning
Large setup violation  
There is a large setup violation of -6.089 ns between design_final_i/vga_0/U0/vga_instance/AXI_Stream_FIFO_inst/read_pointer_reg[1]_replica/C (clocked by clk_out1_design_final_clk_wiz_1_0) and design_final_i/vga_0/U0/vga_instance/display_image_inst/image_inst/use_image/RAM_reg_0_63_6_8/RAMC/WADR1 (clocked by clk_ip_out_clk_ip_core_1). Large setup violations at the end of those stages might be difficult to fix during the post-placement implementation flow and could be the result of non-optimal XDC constraints or non-optimal design architecture
Related violations: <none>

TIMING-16#259 Warning
Large setup violation  
There is a large setup violation of -6.089 ns between design_final_i/vga_0/U0/vga_instance/AXI_Stream_FIFO_inst/read_pointer_reg[1]_replica/C (clocked by clk_out1_design_final_clk_wiz_1_0) and design_final_i/vga_0/U0/vga_instance/display_image_inst/image_inst/use_image/RAM_reg_0_63_6_8/RAMD/WADR1 (clocked by clk_ip_out_clk_ip_core_1). Large setup violations at the end of those stages might be difficult to fix during the post-placement implementation flow and could be the result of non-optimal XDC constraints or non-optimal design architecture
Related violations: <none>

TIMING-16#260 Warning
Large setup violation  
There is a large setup violation of -6.093 ns between design_final_i/vga_0/U0/vga_instance/AXI_Stream_FIFO_inst/read_pointer_reg[1]_replica/C (clocked by clk_out1_design_final_clk_wiz_1_0) and design_final_i/vga_0/U0/vga_instance/display_image_inst/image_inst/use_image/RAM_reg_64_127_9_11/RAMA/WADR0 (clocked by clk_ip_out_clk_ip_core_1). Large setup violations at the end of those stages might be difficult to fix during the post-placement implementation flow and could be the result of non-optimal XDC constraints or non-optimal design architecture
Related violations: <none>

TIMING-16#261 Warning
Large setup violation  
There is a large setup violation of -6.093 ns between design_final_i/vga_0/U0/vga_instance/AXI_Stream_FIFO_inst/read_pointer_reg[1]_replica/C (clocked by clk_out1_design_final_clk_wiz_1_0) and design_final_i/vga_0/U0/vga_instance/display_image_inst/image_inst/use_image/RAM_reg_64_127_9_11/RAMB/WADR0 (clocked by clk_ip_out_clk_ip_core_1). Large setup violations at the end of those stages might be difficult to fix during the post-placement implementation flow and could be the result of non-optimal XDC constraints or non-optimal design architecture
Related violations: <none>

TIMING-16#262 Warning
Large setup violation  
There is a large setup violation of -6.093 ns between design_final_i/vga_0/U0/vga_instance/AXI_Stream_FIFO_inst/read_pointer_reg[1]_replica/C (clocked by clk_out1_design_final_clk_wiz_1_0) and design_final_i/vga_0/U0/vga_instance/display_image_inst/image_inst/use_image/RAM_reg_64_127_9_11/RAMC/WADR0 (clocked by clk_ip_out_clk_ip_core_1). Large setup violations at the end of those stages might be difficult to fix during the post-placement implementation flow and could be the result of non-optimal XDC constraints or non-optimal design architecture
Related violations: <none>

TIMING-16#263 Warning
Large setup violation  
There is a large setup violation of -6.093 ns between design_final_i/vga_0/U0/vga_instance/AXI_Stream_FIFO_inst/read_pointer_reg[1]_replica/C (clocked by clk_out1_design_final_clk_wiz_1_0) and design_final_i/vga_0/U0/vga_instance/display_image_inst/image_inst/use_image/RAM_reg_64_127_9_11/RAMD/WADR0 (clocked by clk_ip_out_clk_ip_core_1). Large setup violations at the end of those stages might be difficult to fix during the post-placement implementation flow and could be the result of non-optimal XDC constraints or non-optimal design architecture
Related violations: <none>

TIMING-16#264 Warning
Large setup violation  
There is a large setup violation of -6.094 ns between design_final_i/vga_0/U0/vga_instance/AXI_Stream_FIFO_inst/read_pointer_reg[3]/C (clocked by clk_out1_design_final_clk_wiz_1_0) and design_final_i/vga_0/U0/vga_instance/display_image_inst/image_inst/use_image/RAM_reg_64_127_3_5/RAMA/WE (clocked by clk_ip_out_clk_ip_core_1). Large setup violations at the end of those stages might be difficult to fix during the post-placement implementation flow and could be the result of non-optimal XDC constraints or non-optimal design architecture
Related violations: <none>

TIMING-16#265 Warning
Large setup violation  
There is a large setup violation of -6.094 ns between design_final_i/vga_0/U0/vga_instance/AXI_Stream_FIFO_inst/read_pointer_reg[3]/C (clocked by clk_out1_design_final_clk_wiz_1_0) and design_final_i/vga_0/U0/vga_instance/display_image_inst/image_inst/use_image/RAM_reg_64_127_3_5/RAMB/WE (clocked by clk_ip_out_clk_ip_core_1). Large setup violations at the end of those stages might be difficult to fix during the post-placement implementation flow and could be the result of non-optimal XDC constraints or non-optimal design architecture
Related violations: <none>

TIMING-16#266 Warning
Large setup violation  
There is a large setup violation of -6.094 ns between design_final_i/vga_0/U0/vga_instance/AXI_Stream_FIFO_inst/read_pointer_reg[3]/C (clocked by clk_out1_design_final_clk_wiz_1_0) and design_final_i/vga_0/U0/vga_instance/display_image_inst/image_inst/use_image/RAM_reg_64_127_3_5/RAMC/WE (clocked by clk_ip_out_clk_ip_core_1). Large setup violations at the end of those stages might be difficult to fix during the post-placement implementation flow and could be the result of non-optimal XDC constraints or non-optimal design architecture
Related violations: <none>

TIMING-16#267 Warning
Large setup violation  
There is a large setup violation of -6.094 ns between design_final_i/vga_0/U0/vga_instance/AXI_Stream_FIFO_inst/read_pointer_reg[3]/C (clocked by clk_out1_design_final_clk_wiz_1_0) and design_final_i/vga_0/U0/vga_instance/display_image_inst/image_inst/use_image/RAM_reg_64_127_3_5/RAMD/WE (clocked by clk_ip_out_clk_ip_core_1). Large setup violations at the end of those stages might be difficult to fix during the post-placement implementation flow and could be the result of non-optimal XDC constraints or non-optimal design architecture
Related violations: <none>

TIMING-16#268 Warning
Large setup violation  
There is a large setup violation of -6.097 ns between design_final_i/vga_0/U0/vga_instance/AXI_Stream_FIFO_inst/read_pointer_reg[1]_replica/C (clocked by clk_out1_design_final_clk_wiz_1_0) and design_final_i/vga_0/U0/vga_instance/display_image_inst/image_inst/use_image/RAM_reg_192_255_9_11/RAMA/WADR1 (clocked by clk_ip_out_clk_ip_core_1). Large setup violations at the end of those stages might be difficult to fix during the post-placement implementation flow and could be the result of non-optimal XDC constraints or non-optimal design architecture
Related violations: <none>

TIMING-16#269 Warning
Large setup violation  
There is a large setup violation of -6.097 ns between design_final_i/vga_0/U0/vga_instance/AXI_Stream_FIFO_inst/read_pointer_reg[1]_replica/C (clocked by clk_out1_design_final_clk_wiz_1_0) and design_final_i/vga_0/U0/vga_instance/display_image_inst/image_inst/use_image/RAM_reg_192_255_9_11/RAMB/WADR1 (clocked by clk_ip_out_clk_ip_core_1). Large setup violations at the end of those stages might be difficult to fix during the post-placement implementation flow and could be the result of non-optimal XDC constraints or non-optimal design architecture
Related violations: <none>

TIMING-16#270 Warning
Large setup violation  
There is a large setup violation of -6.097 ns between design_final_i/vga_0/U0/vga_instance/AXI_Stream_FIFO_inst/read_pointer_reg[1]_replica/C (clocked by clk_out1_design_final_clk_wiz_1_0) and design_final_i/vga_0/U0/vga_instance/display_image_inst/image_inst/use_image/RAM_reg_192_255_9_11/RAMC/WADR1 (clocked by clk_ip_out_clk_ip_core_1). Large setup violations at the end of those stages might be difficult to fix during the post-placement implementation flow and could be the result of non-optimal XDC constraints or non-optimal design architecture
Related violations: <none>

TIMING-16#271 Warning
Large setup violation  
There is a large setup violation of -6.097 ns between design_final_i/vga_0/U0/vga_instance/AXI_Stream_FIFO_inst/read_pointer_reg[1]_replica/C (clocked by clk_out1_design_final_clk_wiz_1_0) and design_final_i/vga_0/U0/vga_instance/display_image_inst/image_inst/use_image/RAM_reg_192_255_9_11/RAMD/WADR1 (clocked by clk_ip_out_clk_ip_core_1). Large setup violations at the end of those stages might be difficult to fix during the post-placement implementation flow and could be the result of non-optimal XDC constraints or non-optimal design architecture
Related violations: <none>

TIMING-16#272 Warning
Large setup violation  
There is a large setup violation of -6.098 ns between design_final_i/vga_0/U0/vga_instance/AXI_Stream_FIFO_inst/read_pointer_reg[1]_replica/C (clocked by clk_out1_design_final_clk_wiz_1_0) and design_final_i/vga_0/U0/vga_instance/display_image_inst/image_inst/use_image/RAM_reg_128_191_3_5/RAMC/I (clocked by clk_ip_out_clk_ip_core_1). Large setup violations at the end of those stages might be difficult to fix during the post-placement implementation flow and could be the result of non-optimal XDC constraints or non-optimal design architecture
Related violations: <none>

TIMING-16#273 Warning
Large setup violation  
There is a large setup violation of -6.109 ns between design_final_i/vga_0/U0/vga_instance/AXI_Stream_FIFO_inst/read_pointer_reg[0]/C (clocked by clk_out1_design_final_clk_wiz_1_0) and design_final_i/vga_0/U0/vga_instance/display_image_inst/image_inst/use_image/RAM_reg_192_255_6_8/RAMA/WADR3 (clocked by clk_ip_out_clk_ip_core_1). Large setup violations at the end of those stages might be difficult to fix during the post-placement implementation flow and could be the result of non-optimal XDC constraints or non-optimal design architecture
Related violations: <none>

TIMING-16#274 Warning
Large setup violation  
There is a large setup violation of -6.109 ns between design_final_i/vga_0/U0/vga_instance/AXI_Stream_FIFO_inst/read_pointer_reg[0]/C (clocked by clk_out1_design_final_clk_wiz_1_0) and design_final_i/vga_0/U0/vga_instance/display_image_inst/image_inst/use_image/RAM_reg_192_255_6_8/RAMB/WADR3 (clocked by clk_ip_out_clk_ip_core_1). Large setup violations at the end of those stages might be difficult to fix during the post-placement implementation flow and could be the result of non-optimal XDC constraints or non-optimal design architecture
Related violations: <none>

TIMING-16#275 Warning
Large setup violation  
There is a large setup violation of -6.109 ns between design_final_i/vga_0/U0/vga_instance/AXI_Stream_FIFO_inst/read_pointer_reg[0]/C (clocked by clk_out1_design_final_clk_wiz_1_0) and design_final_i/vga_0/U0/vga_instance/display_image_inst/image_inst/use_image/RAM_reg_192_255_6_8/RAMC/WADR3 (clocked by clk_ip_out_clk_ip_core_1). Large setup violations at the end of those stages might be difficult to fix during the post-placement implementation flow and could be the result of non-optimal XDC constraints or non-optimal design architecture
Related violations: <none>

TIMING-16#276 Warning
Large setup violation  
There is a large setup violation of -6.109 ns between design_final_i/vga_0/U0/vga_instance/AXI_Stream_FIFO_inst/read_pointer_reg[0]/C (clocked by clk_out1_design_final_clk_wiz_1_0) and design_final_i/vga_0/U0/vga_instance/display_image_inst/image_inst/use_image/RAM_reg_192_255_6_8/RAMD/WADR3 (clocked by clk_ip_out_clk_ip_core_1). Large setup violations at the end of those stages might be difficult to fix during the post-placement implementation flow and could be the result of non-optimal XDC constraints or non-optimal design architecture
Related violations: <none>

TIMING-16#277 Warning
Large setup violation  
There is a large setup violation of -6.112 ns between design_final_i/vga_0/U0/vga_instance/AXI_Stream_FIFO_inst/read_pointer_reg[0]/C (clocked by clk_out1_design_final_clk_wiz_1_0) and design_final_i/vga_0/U0/vga_instance/display_image_inst/image_inst/use_image/RAM_reg_0_63_9_11/RAMA/WADR2 (clocked by clk_ip_out_clk_ip_core_1). Large setup violations at the end of those stages might be difficult to fix during the post-placement implementation flow and could be the result of non-optimal XDC constraints or non-optimal design architecture
Related violations: <none>

TIMING-16#278 Warning
Large setup violation  
There is a large setup violation of -6.112 ns between design_final_i/vga_0/U0/vga_instance/AXI_Stream_FIFO_inst/read_pointer_reg[0]/C (clocked by clk_out1_design_final_clk_wiz_1_0) and design_final_i/vga_0/U0/vga_instance/display_image_inst/image_inst/use_image/RAM_reg_0_63_9_11/RAMB/WADR2 (clocked by clk_ip_out_clk_ip_core_1). Large setup violations at the end of those stages might be difficult to fix during the post-placement implementation flow and could be the result of non-optimal XDC constraints or non-optimal design architecture
Related violations: <none>

TIMING-16#279 Warning
Large setup violation  
There is a large setup violation of -6.112 ns between design_final_i/vga_0/U0/vga_instance/AXI_Stream_FIFO_inst/read_pointer_reg[0]/C (clocked by clk_out1_design_final_clk_wiz_1_0) and design_final_i/vga_0/U0/vga_instance/display_image_inst/image_inst/use_image/RAM_reg_0_63_9_11/RAMC/WADR2 (clocked by clk_ip_out_clk_ip_core_1). Large setup violations at the end of those stages might be difficult to fix during the post-placement implementation flow and could be the result of non-optimal XDC constraints or non-optimal design architecture
Related violations: <none>

TIMING-16#280 Warning
Large setup violation  
There is a large setup violation of -6.112 ns between design_final_i/vga_0/U0/vga_instance/AXI_Stream_FIFO_inst/read_pointer_reg[0]/C (clocked by clk_out1_design_final_clk_wiz_1_0) and design_final_i/vga_0/U0/vga_instance/display_image_inst/image_inst/use_image/RAM_reg_0_63_9_11/RAMD/WADR2 (clocked by clk_ip_out_clk_ip_core_1). Large setup violations at the end of those stages might be difficult to fix during the post-placement implementation flow and could be the result of non-optimal XDC constraints or non-optimal design architecture
Related violations: <none>

TIMING-16#281 Warning
Large setup violation  
There is a large setup violation of -6.113 ns between design_final_i/vga_0/U0/vga_instance/AXI_Stream_FIFO_inst/read_pointer_reg[0]/C (clocked by clk_out1_design_final_clk_wiz_1_0) and design_final_i/vga_0/U0/vga_instance/display_image_inst/image_inst/use_image/RAM_reg_0_63_0_2/RAMA/WADR2 (clocked by clk_ip_out_clk_ip_core_1). Large setup violations at the end of those stages might be difficult to fix during the post-placement implementation flow and could be the result of non-optimal XDC constraints or non-optimal design architecture
Related violations: <none>

TIMING-16#282 Warning
Large setup violation  
There is a large setup violation of -6.113 ns between design_final_i/vga_0/U0/vga_instance/AXI_Stream_FIFO_inst/read_pointer_reg[0]/C (clocked by clk_out1_design_final_clk_wiz_1_0) and design_final_i/vga_0/U0/vga_instance/display_image_inst/image_inst/use_image/RAM_reg_0_63_0_2/RAMB/WADR2 (clocked by clk_ip_out_clk_ip_core_1). Large setup violations at the end of those stages might be difficult to fix during the post-placement implementation flow and could be the result of non-optimal XDC constraints or non-optimal design architecture
Related violations: <none>

TIMING-16#283 Warning
Large setup violation  
There is a large setup violation of -6.113 ns between design_final_i/vga_0/U0/vga_instance/AXI_Stream_FIFO_inst/read_pointer_reg[0]/C (clocked by clk_out1_design_final_clk_wiz_1_0) and design_final_i/vga_0/U0/vga_instance/display_image_inst/image_inst/use_image/RAM_reg_0_63_0_2/RAMC/WADR2 (clocked by clk_ip_out_clk_ip_core_1). Large setup violations at the end of those stages might be difficult to fix during the post-placement implementation flow and could be the result of non-optimal XDC constraints or non-optimal design architecture
Related violations: <none>

TIMING-16#284 Warning
Large setup violation  
There is a large setup violation of -6.113 ns between design_final_i/vga_0/U0/vga_instance/AXI_Stream_FIFO_inst/read_pointer_reg[0]/C (clocked by clk_out1_design_final_clk_wiz_1_0) and design_final_i/vga_0/U0/vga_instance/display_image_inst/image_inst/use_image/RAM_reg_0_63_0_2/RAMD/WADR2 (clocked by clk_ip_out_clk_ip_core_1). Large setup violations at the end of those stages might be difficult to fix during the post-placement implementation flow and could be the result of non-optimal XDC constraints or non-optimal design architecture
Related violations: <none>

TIMING-16#285 Warning
Large setup violation  
There is a large setup violation of -6.119 ns between design_final_i/vga_0/U0/vga_instance/AXI_Stream_FIFO_inst/read_pointer_reg[1]_replica/C (clocked by clk_out1_design_final_clk_wiz_1_0) and design_final_i/vga_0/U0/vga_instance/display_image_inst/image_inst/use_image/RAM_reg_0_63_3_5/RAMA/WADR1 (clocked by clk_ip_out_clk_ip_core_1). Large setup violations at the end of those stages might be difficult to fix during the post-placement implementation flow and could be the result of non-optimal XDC constraints or non-optimal design architecture
Related violations: <none>

TIMING-16#286 Warning
Large setup violation  
There is a large setup violation of -6.119 ns between design_final_i/vga_0/U0/vga_instance/AXI_Stream_FIFO_inst/read_pointer_reg[1]_replica/C (clocked by clk_out1_design_final_clk_wiz_1_0) and design_final_i/vga_0/U0/vga_instance/display_image_inst/image_inst/use_image/RAM_reg_0_63_3_5/RAMB/WADR1 (clocked by clk_ip_out_clk_ip_core_1). Large setup violations at the end of those stages might be difficult to fix during the post-placement implementation flow and could be the result of non-optimal XDC constraints or non-optimal design architecture
Related violations: <none>

TIMING-16#287 Warning
Large setup violation  
There is a large setup violation of -6.119 ns between design_final_i/vga_0/U0/vga_instance/AXI_Stream_FIFO_inst/read_pointer_reg[1]_replica/C (clocked by clk_out1_design_final_clk_wiz_1_0) and design_final_i/vga_0/U0/vga_instance/display_image_inst/image_inst/use_image/RAM_reg_0_63_3_5/RAMC/WADR1 (clocked by clk_ip_out_clk_ip_core_1). Large setup violations at the end of those stages might be difficult to fix during the post-placement implementation flow and could be the result of non-optimal XDC constraints or non-optimal design architecture
Related violations: <none>

TIMING-16#288 Warning
Large setup violation  
There is a large setup violation of -6.119 ns between design_final_i/vga_0/U0/vga_instance/AXI_Stream_FIFO_inst/read_pointer_reg[1]_replica/C (clocked by clk_out1_design_final_clk_wiz_1_0) and design_final_i/vga_0/U0/vga_instance/display_image_inst/image_inst/use_image/RAM_reg_0_63_3_5/RAMD/WADR1 (clocked by clk_ip_out_clk_ip_core_1). Large setup violations at the end of those stages might be difficult to fix during the post-placement implementation flow and could be the result of non-optimal XDC constraints or non-optimal design architecture
Related violations: <none>

TIMING-16#289 Warning
Large setup violation  
There is a large setup violation of -6.121 ns between design_final_i/vga_0/U0/vga_instance/AXI_Stream_FIFO_inst/read_pointer_reg[1]_replica/C (clocked by clk_out1_design_final_clk_wiz_1_0) and design_final_i/vga_0/U0/vga_instance/display_image_inst/image_inst/use_image/RAM_reg_192_255_9_11/RAMA/WADR0 (clocked by clk_ip_out_clk_ip_core_1). Large setup violations at the end of those stages might be difficult to fix during the post-placement implementation flow and could be the result of non-optimal XDC constraints or non-optimal design architecture
Related violations: <none>

TIMING-16#290 Warning
Large setup violation  
There is a large setup violation of -6.121 ns between design_final_i/vga_0/U0/vga_instance/AXI_Stream_FIFO_inst/read_pointer_reg[1]_replica/C (clocked by clk_out1_design_final_clk_wiz_1_0) and design_final_i/vga_0/U0/vga_instance/display_image_inst/image_inst/use_image/RAM_reg_192_255_9_11/RAMB/WADR0 (clocked by clk_ip_out_clk_ip_core_1). Large setup violations at the end of those stages might be difficult to fix during the post-placement implementation flow and could be the result of non-optimal XDC constraints or non-optimal design architecture
Related violations: <none>

TIMING-16#291 Warning
Large setup violation  
There is a large setup violation of -6.121 ns between design_final_i/vga_0/U0/vga_instance/AXI_Stream_FIFO_inst/read_pointer_reg[1]_replica/C (clocked by clk_out1_design_final_clk_wiz_1_0) and design_final_i/vga_0/U0/vga_instance/display_image_inst/image_inst/use_image/RAM_reg_192_255_9_11/RAMC/WADR0 (clocked by clk_ip_out_clk_ip_core_1). Large setup violations at the end of those stages might be difficult to fix during the post-placement implementation flow and could be the result of non-optimal XDC constraints or non-optimal design architecture
Related violations: <none>

TIMING-16#292 Warning
Large setup violation  
There is a large setup violation of -6.121 ns between design_final_i/vga_0/U0/vga_instance/AXI_Stream_FIFO_inst/read_pointer_reg[1]_replica/C (clocked by clk_out1_design_final_clk_wiz_1_0) and design_final_i/vga_0/U0/vga_instance/display_image_inst/image_inst/use_image/RAM_reg_192_255_9_11/RAMD/WADR0 (clocked by clk_ip_out_clk_ip_core_1). Large setup violations at the end of those stages might be difficult to fix during the post-placement implementation flow and could be the result of non-optimal XDC constraints or non-optimal design architecture
Related violations: <none>

TIMING-16#293 Warning
Large setup violation  
There is a large setup violation of -6.121 ns between design_final_i/vga_0/U0/vga_instance/AXI_Stream_FIFO_inst/read_pointer_reg[1]_replica/C (clocked by clk_out1_design_final_clk_wiz_1_0) and design_final_i/vga_0/U0/vga_instance/display_image_inst/image_inst/use_image/RAM_reg_64_127_0_2/RAMA/WADR1 (clocked by clk_ip_out_clk_ip_core_1). Large setup violations at the end of those stages might be difficult to fix during the post-placement implementation flow and could be the result of non-optimal XDC constraints or non-optimal design architecture
Related violations: <none>

TIMING-16#294 Warning
Large setup violation  
There is a large setup violation of -6.121 ns between design_final_i/vga_0/U0/vga_instance/AXI_Stream_FIFO_inst/read_pointer_reg[1]_replica/C (clocked by clk_out1_design_final_clk_wiz_1_0) and design_final_i/vga_0/U0/vga_instance/display_image_inst/image_inst/use_image/RAM_reg_64_127_0_2/RAMB/WADR1 (clocked by clk_ip_out_clk_ip_core_1). Large setup violations at the end of those stages might be difficult to fix during the post-placement implementation flow and could be the result of non-optimal XDC constraints or non-optimal design architecture
Related violations: <none>

TIMING-16#295 Warning
Large setup violation  
There is a large setup violation of -6.121 ns between design_final_i/vga_0/U0/vga_instance/AXI_Stream_FIFO_inst/read_pointer_reg[1]_replica/C (clocked by clk_out1_design_final_clk_wiz_1_0) and design_final_i/vga_0/U0/vga_instance/display_image_inst/image_inst/use_image/RAM_reg_64_127_0_2/RAMC/WADR1 (clocked by clk_ip_out_clk_ip_core_1). Large setup violations at the end of those stages might be difficult to fix during the post-placement implementation flow and could be the result of non-optimal XDC constraints or non-optimal design architecture
Related violations: <none>

TIMING-16#296 Warning
Large setup violation  
There is a large setup violation of -6.121 ns between design_final_i/vga_0/U0/vga_instance/AXI_Stream_FIFO_inst/read_pointer_reg[1]_replica/C (clocked by clk_out1_design_final_clk_wiz_1_0) and design_final_i/vga_0/U0/vga_instance/display_image_inst/image_inst/use_image/RAM_reg_64_127_0_2/RAMD/WADR1 (clocked by clk_ip_out_clk_ip_core_1). Large setup violations at the end of those stages might be difficult to fix during the post-placement implementation flow and could be the result of non-optimal XDC constraints or non-optimal design architecture
Related violations: <none>

TIMING-16#297 Warning
Large setup violation  
There is a large setup violation of -6.121 ns between design_final_i/vga_0/U0/vga_instance/AXI_Stream_FIFO_inst/read_pointer_reg[1]_replica/C (clocked by clk_out1_design_final_clk_wiz_1_0) and design_final_i/vga_0/U0/vga_instance/display_image_inst/image_inst/use_image/RAM_reg_64_127_6_8/RAMA/WADR1 (clocked by clk_ip_out_clk_ip_core_1). Large setup violations at the end of those stages might be difficult to fix during the post-placement implementation flow and could be the result of non-optimal XDC constraints or non-optimal design architecture
Related violations: <none>

TIMING-16#298 Warning
Large setup violation  
There is a large setup violation of -6.121 ns between design_final_i/vga_0/U0/vga_instance/AXI_Stream_FIFO_inst/read_pointer_reg[1]_replica/C (clocked by clk_out1_design_final_clk_wiz_1_0) and design_final_i/vga_0/U0/vga_instance/display_image_inst/image_inst/use_image/RAM_reg_64_127_6_8/RAMB/WADR1 (clocked by clk_ip_out_clk_ip_core_1). Large setup violations at the end of those stages might be difficult to fix during the post-placement implementation flow and could be the result of non-optimal XDC constraints or non-optimal design architecture
Related violations: <none>

TIMING-16#299 Warning
Large setup violation  
There is a large setup violation of -6.121 ns between design_final_i/vga_0/U0/vga_instance/AXI_Stream_FIFO_inst/read_pointer_reg[1]_replica/C (clocked by clk_out1_design_final_clk_wiz_1_0) and design_final_i/vga_0/U0/vga_instance/display_image_inst/image_inst/use_image/RAM_reg_64_127_6_8/RAMC/WADR1 (clocked by clk_ip_out_clk_ip_core_1). Large setup violations at the end of those stages might be difficult to fix during the post-placement implementation flow and could be the result of non-optimal XDC constraints or non-optimal design architecture
Related violations: <none>

TIMING-16#300 Warning
Large setup violation  
There is a large setup violation of -6.121 ns between design_final_i/vga_0/U0/vga_instance/AXI_Stream_FIFO_inst/read_pointer_reg[1]_replica/C (clocked by clk_out1_design_final_clk_wiz_1_0) and design_final_i/vga_0/U0/vga_instance/display_image_inst/image_inst/use_image/RAM_reg_64_127_6_8/RAMD/WADR1 (clocked by clk_ip_out_clk_ip_core_1). Large setup violations at the end of those stages might be difficult to fix during the post-placement implementation flow and could be the result of non-optimal XDC constraints or non-optimal design architecture
Related violations: <none>

TIMING-16#301 Warning
Large setup violation  
There is a large setup violation of -6.123 ns between design_final_i/vga_0/U0/vga_instance/AXI_Stream_FIFO_inst/read_pointer_reg[1]_replica/C (clocked by clk_out1_design_final_clk_wiz_1_0) and design_final_i/vga_0/U0/vga_instance/display_image_inst/image_inst/use_image/RAM_reg_0_63_0_2/RAMA/WADR1 (clocked by clk_ip_out_clk_ip_core_1). Large setup violations at the end of those stages might be difficult to fix during the post-placement implementation flow and could be the result of non-optimal XDC constraints or non-optimal design architecture
Related violations: <none>

TIMING-16#302 Warning
Large setup violation  
There is a large setup violation of -6.123 ns between design_final_i/vga_0/U0/vga_instance/AXI_Stream_FIFO_inst/read_pointer_reg[1]_replica/C (clocked by clk_out1_design_final_clk_wiz_1_0) and design_final_i/vga_0/U0/vga_instance/display_image_inst/image_inst/use_image/RAM_reg_0_63_0_2/RAMB/WADR1 (clocked by clk_ip_out_clk_ip_core_1). Large setup violations at the end of those stages might be difficult to fix during the post-placement implementation flow and could be the result of non-optimal XDC constraints or non-optimal design architecture
Related violations: <none>

TIMING-16#303 Warning
Large setup violation  
There is a large setup violation of -6.123 ns between design_final_i/vga_0/U0/vga_instance/AXI_Stream_FIFO_inst/read_pointer_reg[1]_replica/C (clocked by clk_out1_design_final_clk_wiz_1_0) and design_final_i/vga_0/U0/vga_instance/display_image_inst/image_inst/use_image/RAM_reg_0_63_0_2/RAMC/WADR1 (clocked by clk_ip_out_clk_ip_core_1). Large setup violations at the end of those stages might be difficult to fix during the post-placement implementation flow and could be the result of non-optimal XDC constraints or non-optimal design architecture
Related violations: <none>

TIMING-16#304 Warning
Large setup violation  
There is a large setup violation of -6.123 ns between design_final_i/vga_0/U0/vga_instance/AXI_Stream_FIFO_inst/read_pointer_reg[1]_replica/C (clocked by clk_out1_design_final_clk_wiz_1_0) and design_final_i/vga_0/U0/vga_instance/display_image_inst/image_inst/use_image/RAM_reg_0_63_0_2/RAMD/WADR1 (clocked by clk_ip_out_clk_ip_core_1). Large setup violations at the end of those stages might be difficult to fix during the post-placement implementation flow and could be the result of non-optimal XDC constraints or non-optimal design architecture
Related violations: <none>

TIMING-16#305 Warning
Large setup violation  
There is a large setup violation of -6.127 ns between design_final_i/vga_0/U0/vga_instance/AXI_Stream_FIFO_inst/read_pointer_reg[1]_replica/C (clocked by clk_out1_design_final_clk_wiz_1_0) and design_final_i/vga_0/U0/vga_instance/display_image_inst/image_inst/use_image/RAM_reg_128_191_6_8/RAMA/WADR0 (clocked by clk_ip_out_clk_ip_core_1). Large setup violations at the end of those stages might be difficult to fix during the post-placement implementation flow and could be the result of non-optimal XDC constraints or non-optimal design architecture
Related violations: <none>

TIMING-16#306 Warning
Large setup violation  
There is a large setup violation of -6.127 ns between design_final_i/vga_0/U0/vga_instance/AXI_Stream_FIFO_inst/read_pointer_reg[1]_replica/C (clocked by clk_out1_design_final_clk_wiz_1_0) and design_final_i/vga_0/U0/vga_instance/display_image_inst/image_inst/use_image/RAM_reg_128_191_6_8/RAMB/WADR0 (clocked by clk_ip_out_clk_ip_core_1). Large setup violations at the end of those stages might be difficult to fix during the post-placement implementation flow and could be the result of non-optimal XDC constraints or non-optimal design architecture
Related violations: <none>

TIMING-16#307 Warning
Large setup violation  
There is a large setup violation of -6.127 ns between design_final_i/vga_0/U0/vga_instance/AXI_Stream_FIFO_inst/read_pointer_reg[1]_replica/C (clocked by clk_out1_design_final_clk_wiz_1_0) and design_final_i/vga_0/U0/vga_instance/display_image_inst/image_inst/use_image/RAM_reg_128_191_6_8/RAMC/WADR0 (clocked by clk_ip_out_clk_ip_core_1). Large setup violations at the end of those stages might be difficult to fix during the post-placement implementation flow and could be the result of non-optimal XDC constraints or non-optimal design architecture
Related violations: <none>

TIMING-16#308 Warning
Large setup violation  
There is a large setup violation of -6.127 ns between design_final_i/vga_0/U0/vga_instance/AXI_Stream_FIFO_inst/read_pointer_reg[1]_replica/C (clocked by clk_out1_design_final_clk_wiz_1_0) and design_final_i/vga_0/U0/vga_instance/display_image_inst/image_inst/use_image/RAM_reg_128_191_6_8/RAMD/WADR0 (clocked by clk_ip_out_clk_ip_core_1). Large setup violations at the end of those stages might be difficult to fix during the post-placement implementation flow and could be the result of non-optimal XDC constraints or non-optimal design architecture
Related violations: <none>

TIMING-16#309 Warning
Large setup violation  
There is a large setup violation of -6.130 ns between design_final_i/vga_0/U0/vga_instance/AXI_Stream_FIFO_inst/read_pointer_reg[1]_replica/C (clocked by clk_out1_design_final_clk_wiz_1_0) and design_final_i/vga_0/U0/vga_instance/display_image_inst/image_inst/use_image/RAM_reg_64_127_9_11/RAMA/WADR1 (clocked by clk_ip_out_clk_ip_core_1). Large setup violations at the end of those stages might be difficult to fix during the post-placement implementation flow and could be the result of non-optimal XDC constraints or non-optimal design architecture
Related violations: <none>

TIMING-16#310 Warning
Large setup violation  
There is a large setup violation of -6.130 ns between design_final_i/vga_0/U0/vga_instance/AXI_Stream_FIFO_inst/read_pointer_reg[1]_replica/C (clocked by clk_out1_design_final_clk_wiz_1_0) and design_final_i/vga_0/U0/vga_instance/display_image_inst/image_inst/use_image/RAM_reg_64_127_9_11/RAMB/WADR1 (clocked by clk_ip_out_clk_ip_core_1). Large setup violations at the end of those stages might be difficult to fix during the post-placement implementation flow and could be the result of non-optimal XDC constraints or non-optimal design architecture
Related violations: <none>

TIMING-16#311 Warning
Large setup violation  
There is a large setup violation of -6.130 ns between design_final_i/vga_0/U0/vga_instance/AXI_Stream_FIFO_inst/read_pointer_reg[1]_replica/C (clocked by clk_out1_design_final_clk_wiz_1_0) and design_final_i/vga_0/U0/vga_instance/display_image_inst/image_inst/use_image/RAM_reg_64_127_9_11/RAMC/WADR1 (clocked by clk_ip_out_clk_ip_core_1). Large setup violations at the end of those stages might be difficult to fix during the post-placement implementation flow and could be the result of non-optimal XDC constraints or non-optimal design architecture
Related violations: <none>

TIMING-16#312 Warning
Large setup violation  
There is a large setup violation of -6.130 ns between design_final_i/vga_0/U0/vga_instance/AXI_Stream_FIFO_inst/read_pointer_reg[1]_replica/C (clocked by clk_out1_design_final_clk_wiz_1_0) and design_final_i/vga_0/U0/vga_instance/display_image_inst/image_inst/use_image/RAM_reg_64_127_9_11/RAMD/WADR1 (clocked by clk_ip_out_clk_ip_core_1). Large setup violations at the end of those stages might be difficult to fix during the post-placement implementation flow and could be the result of non-optimal XDC constraints or non-optimal design architecture
Related violations: <none>

TIMING-16#313 Warning
Large setup violation  
There is a large setup violation of -6.133 ns between design_final_i/vga_0/U0/vga_instance/AXI_Stream_FIFO_inst/read_pointer_reg[1]_replica/C (clocked by clk_out1_design_final_clk_wiz_1_0) and design_final_i/vga_0/U0/vga_instance/display_image_inst/image_inst/use_image/RAM_reg_64_127_0_2/RAMA/WADR0 (clocked by clk_ip_out_clk_ip_core_1). Large setup violations at the end of those stages might be difficult to fix during the post-placement implementation flow and could be the result of non-optimal XDC constraints or non-optimal design architecture
Related violations: <none>

TIMING-16#314 Warning
Large setup violation  
There is a large setup violation of -6.133 ns between design_final_i/vga_0/U0/vga_instance/AXI_Stream_FIFO_inst/read_pointer_reg[1]_replica/C (clocked by clk_out1_design_final_clk_wiz_1_0) and design_final_i/vga_0/U0/vga_instance/display_image_inst/image_inst/use_image/RAM_reg_64_127_0_2/RAMB/WADR0 (clocked by clk_ip_out_clk_ip_core_1). Large setup violations at the end of those stages might be difficult to fix during the post-placement implementation flow and could be the result of non-optimal XDC constraints or non-optimal design architecture
Related violations: <none>

TIMING-16#315 Warning
Large setup violation  
There is a large setup violation of -6.133 ns between design_final_i/vga_0/U0/vga_instance/AXI_Stream_FIFO_inst/read_pointer_reg[1]_replica/C (clocked by clk_out1_design_final_clk_wiz_1_0) and design_final_i/vga_0/U0/vga_instance/display_image_inst/image_inst/use_image/RAM_reg_64_127_0_2/RAMC/WADR0 (clocked by clk_ip_out_clk_ip_core_1). Large setup violations at the end of those stages might be difficult to fix during the post-placement implementation flow and could be the result of non-optimal XDC constraints or non-optimal design architecture
Related violations: <none>

TIMING-16#316 Warning
Large setup violation  
There is a large setup violation of -6.133 ns between design_final_i/vga_0/U0/vga_instance/AXI_Stream_FIFO_inst/read_pointer_reg[1]_replica/C (clocked by clk_out1_design_final_clk_wiz_1_0) and design_final_i/vga_0/U0/vga_instance/display_image_inst/image_inst/use_image/RAM_reg_64_127_0_2/RAMD/WADR0 (clocked by clk_ip_out_clk_ip_core_1). Large setup violations at the end of those stages might be difficult to fix during the post-placement implementation flow and could be the result of non-optimal XDC constraints or non-optimal design architecture
Related violations: <none>

TIMING-16#317 Warning
Large setup violation  
There is a large setup violation of -6.138 ns between design_final_i/vga_0/U0/vga_instance/AXI_Stream_FIFO_inst/read_pointer_reg[1]_replica/C (clocked by clk_out1_design_final_clk_wiz_1_0) and design_final_i/vga_0/U0/vga_instance/display_image_inst/image_inst/use_image/RAM_reg_128_191_9_11/RAMA/WADR1 (clocked by clk_ip_out_clk_ip_core_1). Large setup violations at the end of those stages might be difficult to fix during the post-placement implementation flow and could be the result of non-optimal XDC constraints or non-optimal design architecture
Related violations: <none>

TIMING-16#318 Warning
Large setup violation  
There is a large setup violation of -6.138 ns between design_final_i/vga_0/U0/vga_instance/AXI_Stream_FIFO_inst/read_pointer_reg[1]_replica/C (clocked by clk_out1_design_final_clk_wiz_1_0) and design_final_i/vga_0/U0/vga_instance/display_image_inst/image_inst/use_image/RAM_reg_128_191_9_11/RAMB/WADR1 (clocked by clk_ip_out_clk_ip_core_1). Large setup violations at the end of those stages might be difficult to fix during the post-placement implementation flow and could be the result of non-optimal XDC constraints or non-optimal design architecture
Related violations: <none>

TIMING-16#319 Warning
Large setup violation  
There is a large setup violation of -6.138 ns between design_final_i/vga_0/U0/vga_instance/AXI_Stream_FIFO_inst/read_pointer_reg[1]_replica/C (clocked by clk_out1_design_final_clk_wiz_1_0) and design_final_i/vga_0/U0/vga_instance/display_image_inst/image_inst/use_image/RAM_reg_128_191_9_11/RAMC/WADR1 (clocked by clk_ip_out_clk_ip_core_1). Large setup violations at the end of those stages might be difficult to fix during the post-placement implementation flow and could be the result of non-optimal XDC constraints or non-optimal design architecture
Related violations: <none>

TIMING-16#320 Warning
Large setup violation  
There is a large setup violation of -6.138 ns between design_final_i/vga_0/U0/vga_instance/AXI_Stream_FIFO_inst/read_pointer_reg[1]_replica/C (clocked by clk_out1_design_final_clk_wiz_1_0) and design_final_i/vga_0/U0/vga_instance/display_image_inst/image_inst/use_image/RAM_reg_128_191_9_11/RAMD/WADR1 (clocked by clk_ip_out_clk_ip_core_1). Large setup violations at the end of those stages might be difficult to fix during the post-placement implementation flow and could be the result of non-optimal XDC constraints or non-optimal design architecture
Related violations: <none>

TIMING-16#321 Warning
Large setup violation  
There is a large setup violation of -6.142 ns between design_final_i/vga_0/U0/vga_instance/AXI_Stream_FIFO_inst/read_pointer_reg[0]/C (clocked by clk_out1_design_final_clk_wiz_1_0) and design_final_i/vga_0/U0/vga_instance/display_image_inst/image_inst/use_image/RAM_reg_192_255_3_5/RAMA/WADR3 (clocked by clk_ip_out_clk_ip_core_1). Large setup violations at the end of those stages might be difficult to fix during the post-placement implementation flow and could be the result of non-optimal XDC constraints or non-optimal design architecture
Related violations: <none>

TIMING-16#322 Warning
Large setup violation  
There is a large setup violation of -6.142 ns between design_final_i/vga_0/U0/vga_instance/AXI_Stream_FIFO_inst/read_pointer_reg[0]/C (clocked by clk_out1_design_final_clk_wiz_1_0) and design_final_i/vga_0/U0/vga_instance/display_image_inst/image_inst/use_image/RAM_reg_192_255_3_5/RAMB/WADR3 (clocked by clk_ip_out_clk_ip_core_1). Large setup violations at the end of those stages might be difficult to fix during the post-placement implementation flow and could be the result of non-optimal XDC constraints or non-optimal design architecture
Related violations: <none>

TIMING-16#323 Warning
Large setup violation  
There is a large setup violation of -6.142 ns between design_final_i/vga_0/U0/vga_instance/AXI_Stream_FIFO_inst/read_pointer_reg[0]/C (clocked by clk_out1_design_final_clk_wiz_1_0) and design_final_i/vga_0/U0/vga_instance/display_image_inst/image_inst/use_image/RAM_reg_192_255_3_5/RAMC/WADR3 (clocked by clk_ip_out_clk_ip_core_1). Large setup violations at the end of those stages might be difficult to fix during the post-placement implementation flow and could be the result of non-optimal XDC constraints or non-optimal design architecture
Related violations: <none>

TIMING-16#324 Warning
Large setup violation  
There is a large setup violation of -6.142 ns between design_final_i/vga_0/U0/vga_instance/AXI_Stream_FIFO_inst/read_pointer_reg[0]/C (clocked by clk_out1_design_final_clk_wiz_1_0) and design_final_i/vga_0/U0/vga_instance/display_image_inst/image_inst/use_image/RAM_reg_192_255_3_5/RAMD/WADR3 (clocked by clk_ip_out_clk_ip_core_1). Large setup violations at the end of those stages might be difficult to fix during the post-placement implementation flow and could be the result of non-optimal XDC constraints or non-optimal design architecture
Related violations: <none>

TIMING-16#325 Warning
Large setup violation  
There is a large setup violation of -6.144 ns between design_final_i/vga_0/U0/vga_instance/AXI_Stream_FIFO_inst/read_pointer_reg[1]_replica/C (clocked by clk_out1_design_final_clk_wiz_1_0) and design_final_i/vga_0/U0/vga_instance/display_image_inst/image_inst/use_image/RAM_reg_128_191_0_2/RAMA/WADR1 (clocked by clk_ip_out_clk_ip_core_1). Large setup violations at the end of those stages might be difficult to fix during the post-placement implementation flow and could be the result of non-optimal XDC constraints or non-optimal design architecture
Related violations: <none>

TIMING-16#326 Warning
Large setup violation  
There is a large setup violation of -6.144 ns between design_final_i/vga_0/U0/vga_instance/AXI_Stream_FIFO_inst/read_pointer_reg[1]_replica/C (clocked by clk_out1_design_final_clk_wiz_1_0) and design_final_i/vga_0/U0/vga_instance/display_image_inst/image_inst/use_image/RAM_reg_128_191_0_2/RAMB/WADR1 (clocked by clk_ip_out_clk_ip_core_1). Large setup violations at the end of those stages might be difficult to fix during the post-placement implementation flow and could be the result of non-optimal XDC constraints or non-optimal design architecture
Related violations: <none>

TIMING-16#327 Warning
Large setup violation  
There is a large setup violation of -6.144 ns between design_final_i/vga_0/U0/vga_instance/AXI_Stream_FIFO_inst/read_pointer_reg[1]_replica/C (clocked by clk_out1_design_final_clk_wiz_1_0) and design_final_i/vga_0/U0/vga_instance/display_image_inst/image_inst/use_image/RAM_reg_128_191_0_2/RAMC/WADR1 (clocked by clk_ip_out_clk_ip_core_1). Large setup violations at the end of those stages might be difficult to fix during the post-placement implementation flow and could be the result of non-optimal XDC constraints or non-optimal design architecture
Related violations: <none>

TIMING-16#328 Warning
Large setup violation  
There is a large setup violation of -6.144 ns between design_final_i/vga_0/U0/vga_instance/AXI_Stream_FIFO_inst/read_pointer_reg[1]_replica/C (clocked by clk_out1_design_final_clk_wiz_1_0) and design_final_i/vga_0/U0/vga_instance/display_image_inst/image_inst/use_image/RAM_reg_128_191_0_2/RAMD/WADR1 (clocked by clk_ip_out_clk_ip_core_1). Large setup violations at the end of those stages might be difficult to fix during the post-placement implementation flow and could be the result of non-optimal XDC constraints or non-optimal design architecture
Related violations: <none>

TIMING-16#329 Warning
Large setup violation  
There is a large setup violation of -6.149 ns between design_final_i/vga_0/U0/vga_instance/AXI_Stream_FIFO_inst/read_pointer_reg[0]/C (clocked by clk_out1_design_final_clk_wiz_1_0) and design_final_i/vga_0/U0/vga_instance/display_image_inst/image_inst/use_image/RAM_reg_0_63_0_2/RAMA/WADR3 (clocked by clk_ip_out_clk_ip_core_1). Large setup violations at the end of those stages might be difficult to fix during the post-placement implementation flow and could be the result of non-optimal XDC constraints or non-optimal design architecture
Related violations: <none>

TIMING-16#330 Warning
Large setup violation  
There is a large setup violation of -6.149 ns between design_final_i/vga_0/U0/vga_instance/AXI_Stream_FIFO_inst/read_pointer_reg[0]/C (clocked by clk_out1_design_final_clk_wiz_1_0) and design_final_i/vga_0/U0/vga_instance/display_image_inst/image_inst/use_image/RAM_reg_0_63_0_2/RAMB/WADR3 (clocked by clk_ip_out_clk_ip_core_1). Large setup violations at the end of those stages might be difficult to fix during the post-placement implementation flow and could be the result of non-optimal XDC constraints or non-optimal design architecture
Related violations: <none>

TIMING-16#331 Warning
Large setup violation  
There is a large setup violation of -6.149 ns between design_final_i/vga_0/U0/vga_instance/AXI_Stream_FIFO_inst/read_pointer_reg[0]/C (clocked by clk_out1_design_final_clk_wiz_1_0) and design_final_i/vga_0/U0/vga_instance/display_image_inst/image_inst/use_image/RAM_reg_0_63_0_2/RAMC/WADR3 (clocked by clk_ip_out_clk_ip_core_1). Large setup violations at the end of those stages might be difficult to fix during the post-placement implementation flow and could be the result of non-optimal XDC constraints or non-optimal design architecture
Related violations: <none>

TIMING-16#332 Warning
Large setup violation  
There is a large setup violation of -6.149 ns between design_final_i/vga_0/U0/vga_instance/AXI_Stream_FIFO_inst/read_pointer_reg[0]/C (clocked by clk_out1_design_final_clk_wiz_1_0) and design_final_i/vga_0/U0/vga_instance/display_image_inst/image_inst/use_image/RAM_reg_0_63_0_2/RAMD/WADR3 (clocked by clk_ip_out_clk_ip_core_1). Large setup violations at the end of those stages might be difficult to fix during the post-placement implementation flow and could be the result of non-optimal XDC constraints or non-optimal design architecture
Related violations: <none>

TIMING-16#333 Warning
Large setup violation  
There is a large setup violation of -6.149 ns between design_final_i/vga_0/U0/vga_instance/AXI_Stream_FIFO_inst/read_pointer_reg[1]_replica/C (clocked by clk_out1_design_final_clk_wiz_1_0) and design_final_i/vga_0/U0/vga_instance/display_image_inst/image_inst/use_image/RAM_reg_0_63_9_11/RAMA/WADR1 (clocked by clk_ip_out_clk_ip_core_1). Large setup violations at the end of those stages might be difficult to fix during the post-placement implementation flow and could be the result of non-optimal XDC constraints or non-optimal design architecture
Related violations: <none>

TIMING-16#334 Warning
Large setup violation  
There is a large setup violation of -6.149 ns between design_final_i/vga_0/U0/vga_instance/AXI_Stream_FIFO_inst/read_pointer_reg[1]_replica/C (clocked by clk_out1_design_final_clk_wiz_1_0) and design_final_i/vga_0/U0/vga_instance/display_image_inst/image_inst/use_image/RAM_reg_0_63_9_11/RAMB/WADR1 (clocked by clk_ip_out_clk_ip_core_1). Large setup violations at the end of those stages might be difficult to fix during the post-placement implementation flow and could be the result of non-optimal XDC constraints or non-optimal design architecture
Related violations: <none>

TIMING-16#335 Warning
Large setup violation  
There is a large setup violation of -6.149 ns between design_final_i/vga_0/U0/vga_instance/AXI_Stream_FIFO_inst/read_pointer_reg[1]_replica/C (clocked by clk_out1_design_final_clk_wiz_1_0) and design_final_i/vga_0/U0/vga_instance/display_image_inst/image_inst/use_image/RAM_reg_0_63_9_11/RAMC/WADR1 (clocked by clk_ip_out_clk_ip_core_1). Large setup violations at the end of those stages might be difficult to fix during the post-placement implementation flow and could be the result of non-optimal XDC constraints or non-optimal design architecture
Related violations: <none>

TIMING-16#336 Warning
Large setup violation  
There is a large setup violation of -6.149 ns between design_final_i/vga_0/U0/vga_instance/AXI_Stream_FIFO_inst/read_pointer_reg[1]_replica/C (clocked by clk_out1_design_final_clk_wiz_1_0) and design_final_i/vga_0/U0/vga_instance/display_image_inst/image_inst/use_image/RAM_reg_0_63_9_11/RAMD/WADR1 (clocked by clk_ip_out_clk_ip_core_1). Large setup violations at the end of those stages might be difficult to fix during the post-placement implementation flow and could be the result of non-optimal XDC constraints or non-optimal design architecture
Related violations: <none>

TIMING-16#337 Warning
Large setup violation  
There is a large setup violation of -6.151 ns between design_final_i/vga_0/U0/vga_instance/AXI_Stream_FIFO_inst/read_pointer_reg[1]_replica/C (clocked by clk_out1_design_final_clk_wiz_1_0) and design_final_i/vga_0/U0/vga_instance/display_image_inst/image_inst/use_image/RAM_reg_192_255_0_2/RAMA/WADR1 (clocked by clk_ip_out_clk_ip_core_1). Large setup violations at the end of those stages might be difficult to fix during the post-placement implementation flow and could be the result of non-optimal XDC constraints or non-optimal design architecture
Related violations: <none>

TIMING-16#338 Warning
Large setup violation  
There is a large setup violation of -6.151 ns between design_final_i/vga_0/U0/vga_instance/AXI_Stream_FIFO_inst/read_pointer_reg[1]_replica/C (clocked by clk_out1_design_final_clk_wiz_1_0) and design_final_i/vga_0/U0/vga_instance/display_image_inst/image_inst/use_image/RAM_reg_192_255_0_2/RAMB/WADR1 (clocked by clk_ip_out_clk_ip_core_1). Large setup violations at the end of those stages might be difficult to fix during the post-placement implementation flow and could be the result of non-optimal XDC constraints or non-optimal design architecture
Related violations: <none>

TIMING-16#339 Warning
Large setup violation  
There is a large setup violation of -6.151 ns between design_final_i/vga_0/U0/vga_instance/AXI_Stream_FIFO_inst/read_pointer_reg[1]_replica/C (clocked by clk_out1_design_final_clk_wiz_1_0) and design_final_i/vga_0/U0/vga_instance/display_image_inst/image_inst/use_image/RAM_reg_192_255_0_2/RAMC/WADR1 (clocked by clk_ip_out_clk_ip_core_1). Large setup violations at the end of those stages might be difficult to fix during the post-placement implementation flow and could be the result of non-optimal XDC constraints or non-optimal design architecture
Related violations: <none>

TIMING-16#340 Warning
Large setup violation  
There is a large setup violation of -6.151 ns between design_final_i/vga_0/U0/vga_instance/AXI_Stream_FIFO_inst/read_pointer_reg[1]_replica/C (clocked by clk_out1_design_final_clk_wiz_1_0) and design_final_i/vga_0/U0/vga_instance/display_image_inst/image_inst/use_image/RAM_reg_192_255_0_2/RAMD/WADR1 (clocked by clk_ip_out_clk_ip_core_1). Large setup violations at the end of those stages might be difficult to fix during the post-placement implementation flow and could be the result of non-optimal XDC constraints or non-optimal design architecture
Related violations: <none>

TIMING-16#341 Warning
Large setup violation  
There is a large setup violation of -6.152 ns between design_final_i/vga_0/U0/vga_instance/AXI_Stream_FIFO_inst/read_pointer_reg[0]/C (clocked by clk_out1_design_final_clk_wiz_1_0) and design_final_i/vga_0/U0/vga_instance/display_image_inst/image_inst/use_image/RAM_reg_64_127_9_11/RAMA/WADR3 (clocked by clk_ip_out_clk_ip_core_1). Large setup violations at the end of those stages might be difficult to fix during the post-placement implementation flow and could be the result of non-optimal XDC constraints or non-optimal design architecture
Related violations: <none>

TIMING-16#342 Warning
Large setup violation  
There is a large setup violation of -6.152 ns between design_final_i/vga_0/U0/vga_instance/AXI_Stream_FIFO_inst/read_pointer_reg[0]/C (clocked by clk_out1_design_final_clk_wiz_1_0) and design_final_i/vga_0/U0/vga_instance/display_image_inst/image_inst/use_image/RAM_reg_64_127_9_11/RAMB/WADR3 (clocked by clk_ip_out_clk_ip_core_1). Large setup violations at the end of those stages might be difficult to fix during the post-placement implementation flow and could be the result of non-optimal XDC constraints or non-optimal design architecture
Related violations: <none>

TIMING-16#343 Warning
Large setup violation  
There is a large setup violation of -6.152 ns between design_final_i/vga_0/U0/vga_instance/AXI_Stream_FIFO_inst/read_pointer_reg[0]/C (clocked by clk_out1_design_final_clk_wiz_1_0) and design_final_i/vga_0/U0/vga_instance/display_image_inst/image_inst/use_image/RAM_reg_64_127_9_11/RAMC/WADR3 (clocked by clk_ip_out_clk_ip_core_1). Large setup violations at the end of those stages might be difficult to fix during the post-placement implementation flow and could be the result of non-optimal XDC constraints or non-optimal design architecture
Related violations: <none>

TIMING-16#344 Warning
Large setup violation  
There is a large setup violation of -6.152 ns between design_final_i/vga_0/U0/vga_instance/AXI_Stream_FIFO_inst/read_pointer_reg[0]/C (clocked by clk_out1_design_final_clk_wiz_1_0) and design_final_i/vga_0/U0/vga_instance/display_image_inst/image_inst/use_image/RAM_reg_64_127_9_11/RAMD/WADR3 (clocked by clk_ip_out_clk_ip_core_1). Large setup violations at the end of those stages might be difficult to fix during the post-placement implementation flow and could be the result of non-optimal XDC constraints or non-optimal design architecture
Related violations: <none>

TIMING-16#345 Warning
Large setup violation  
There is a large setup violation of -6.157 ns between design_final_i/vga_0/U0/vga_instance/AXI_Stream_FIFO_inst/read_pointer_reg[1]_replica/C (clocked by clk_out1_design_final_clk_wiz_1_0) and design_final_i/vga_0/U0/vga_instance/display_image_inst/image_inst/use_image/RAM_reg_192_255_6_8/RAMA/WADR1 (clocked by clk_ip_out_clk_ip_core_1). Large setup violations at the end of those stages might be difficult to fix during the post-placement implementation flow and could be the result of non-optimal XDC constraints or non-optimal design architecture
Related violations: <none>

TIMING-16#346 Warning
Large setup violation  
There is a large setup violation of -6.157 ns between design_final_i/vga_0/U0/vga_instance/AXI_Stream_FIFO_inst/read_pointer_reg[1]_replica/C (clocked by clk_out1_design_final_clk_wiz_1_0) and design_final_i/vga_0/U0/vga_instance/display_image_inst/image_inst/use_image/RAM_reg_192_255_6_8/RAMB/WADR1 (clocked by clk_ip_out_clk_ip_core_1). Large setup violations at the end of those stages might be difficult to fix during the post-placement implementation flow and could be the result of non-optimal XDC constraints or non-optimal design architecture
Related violations: <none>

TIMING-16#347 Warning
Large setup violation  
There is a large setup violation of -6.157 ns between design_final_i/vga_0/U0/vga_instance/AXI_Stream_FIFO_inst/read_pointer_reg[1]_replica/C (clocked by clk_out1_design_final_clk_wiz_1_0) and design_final_i/vga_0/U0/vga_instance/display_image_inst/image_inst/use_image/RAM_reg_192_255_6_8/RAMC/WADR1 (clocked by clk_ip_out_clk_ip_core_1). Large setup violations at the end of those stages might be difficult to fix during the post-placement implementation flow and could be the result of non-optimal XDC constraints or non-optimal design architecture
Related violations: <none>

TIMING-16#348 Warning
Large setup violation  
There is a large setup violation of -6.157 ns between design_final_i/vga_0/U0/vga_instance/AXI_Stream_FIFO_inst/read_pointer_reg[1]_replica/C (clocked by clk_out1_design_final_clk_wiz_1_0) and design_final_i/vga_0/U0/vga_instance/display_image_inst/image_inst/use_image/RAM_reg_192_255_6_8/RAMD/WADR1 (clocked by clk_ip_out_clk_ip_core_1). Large setup violations at the end of those stages might be difficult to fix during the post-placement implementation flow and could be the result of non-optimal XDC constraints or non-optimal design architecture
Related violations: <none>

TIMING-16#349 Warning
Large setup violation  
There is a large setup violation of -6.160 ns between design_final_i/vga_0/U0/vga_instance/AXI_Stream_FIFO_inst/read_pointer_reg[1]_replica/C (clocked by clk_out1_design_final_clk_wiz_1_0) and design_final_i/vga_0/U0/vga_instance/display_image_inst/image_inst/use_image/RAM_reg_64_127_3_5/RAMA/WADR0 (clocked by clk_ip_out_clk_ip_core_1). Large setup violations at the end of those stages might be difficult to fix during the post-placement implementation flow and could be the result of non-optimal XDC constraints or non-optimal design architecture
Related violations: <none>

TIMING-16#350 Warning
Large setup violation  
There is a large setup violation of -6.160 ns between design_final_i/vga_0/U0/vga_instance/AXI_Stream_FIFO_inst/read_pointer_reg[1]_replica/C (clocked by clk_out1_design_final_clk_wiz_1_0) and design_final_i/vga_0/U0/vga_instance/display_image_inst/image_inst/use_image/RAM_reg_64_127_3_5/RAMB/WADR0 (clocked by clk_ip_out_clk_ip_core_1). Large setup violations at the end of those stages might be difficult to fix during the post-placement implementation flow and could be the result of non-optimal XDC constraints or non-optimal design architecture
Related violations: <none>

TIMING-16#351 Warning
Large setup violation  
There is a large setup violation of -6.160 ns between design_final_i/vga_0/U0/vga_instance/AXI_Stream_FIFO_inst/read_pointer_reg[1]_replica/C (clocked by clk_out1_design_final_clk_wiz_1_0) and design_final_i/vga_0/U0/vga_instance/display_image_inst/image_inst/use_image/RAM_reg_64_127_3_5/RAMC/WADR0 (clocked by clk_ip_out_clk_ip_core_1). Large setup violations at the end of those stages might be difficult to fix during the post-placement implementation flow and could be the result of non-optimal XDC constraints or non-optimal design architecture
Related violations: <none>

TIMING-16#352 Warning
Large setup violation  
There is a large setup violation of -6.160 ns between design_final_i/vga_0/U0/vga_instance/AXI_Stream_FIFO_inst/read_pointer_reg[1]_replica/C (clocked by clk_out1_design_final_clk_wiz_1_0) and design_final_i/vga_0/U0/vga_instance/display_image_inst/image_inst/use_image/RAM_reg_64_127_3_5/RAMD/WADR0 (clocked by clk_ip_out_clk_ip_core_1). Large setup violations at the end of those stages might be difficult to fix during the post-placement implementation flow and could be the result of non-optimal XDC constraints or non-optimal design architecture
Related violations: <none>

TIMING-16#353 Warning
Large setup violation  
There is a large setup violation of -6.165 ns between design_final_i/vga_0/U0/vga_instance/AXI_Stream_FIFO_inst/read_pointer_reg[1]_replica/C (clocked by clk_out1_design_final_clk_wiz_1_0) and design_final_i/vga_0/U0/vga_instance/display_image_inst/image_inst/use_image/RAM_reg_192_255_0_2/RAMA/WADR0 (clocked by clk_ip_out_clk_ip_core_1). Large setup violations at the end of those stages might be difficult to fix during the post-placement implementation flow and could be the result of non-optimal XDC constraints or non-optimal design architecture
Related violations: <none>

TIMING-16#354 Warning
Large setup violation  
There is a large setup violation of -6.165 ns between design_final_i/vga_0/U0/vga_instance/AXI_Stream_FIFO_inst/read_pointer_reg[1]_replica/C (clocked by clk_out1_design_final_clk_wiz_1_0) and design_final_i/vga_0/U0/vga_instance/display_image_inst/image_inst/use_image/RAM_reg_192_255_0_2/RAMB/WADR0 (clocked by clk_ip_out_clk_ip_core_1). Large setup violations at the end of those stages might be difficult to fix during the post-placement implementation flow and could be the result of non-optimal XDC constraints or non-optimal design architecture
Related violations: <none>

TIMING-16#355 Warning
Large setup violation  
There is a large setup violation of -6.165 ns between design_final_i/vga_0/U0/vga_instance/AXI_Stream_FIFO_inst/read_pointer_reg[1]_replica/C (clocked by clk_out1_design_final_clk_wiz_1_0) and design_final_i/vga_0/U0/vga_instance/display_image_inst/image_inst/use_image/RAM_reg_192_255_0_2/RAMC/WADR0 (clocked by clk_ip_out_clk_ip_core_1). Large setup violations at the end of those stages might be difficult to fix during the post-placement implementation flow and could be the result of non-optimal XDC constraints or non-optimal design architecture
Related violations: <none>

TIMING-16#356 Warning
Large setup violation  
There is a large setup violation of -6.165 ns between design_final_i/vga_0/U0/vga_instance/AXI_Stream_FIFO_inst/read_pointer_reg[1]_replica/C (clocked by clk_out1_design_final_clk_wiz_1_0) and design_final_i/vga_0/U0/vga_instance/display_image_inst/image_inst/use_image/RAM_reg_192_255_0_2/RAMD/WADR0 (clocked by clk_ip_out_clk_ip_core_1). Large setup violations at the end of those stages might be difficult to fix during the post-placement implementation flow and could be the result of non-optimal XDC constraints or non-optimal design architecture
Related violations: <none>

TIMING-16#357 Warning
Large setup violation  
There is a large setup violation of -6.166 ns between design_final_i/vga_0/U0/vga_instance/AXI_Stream_FIFO_inst/read_pointer_reg[0]/C (clocked by clk_out1_design_final_clk_wiz_1_0) and design_final_i/vga_0/U0/vga_instance/display_image_inst/image_inst/use_image/RAM_reg_0_63_6_8/RAMA/WADR3 (clocked by clk_ip_out_clk_ip_core_1). Large setup violations at the end of those stages might be difficult to fix during the post-placement implementation flow and could be the result of non-optimal XDC constraints or non-optimal design architecture
Related violations: <none>

TIMING-16#358 Warning
Large setup violation  
There is a large setup violation of -6.166 ns between design_final_i/vga_0/U0/vga_instance/AXI_Stream_FIFO_inst/read_pointer_reg[0]/C (clocked by clk_out1_design_final_clk_wiz_1_0) and design_final_i/vga_0/U0/vga_instance/display_image_inst/image_inst/use_image/RAM_reg_0_63_6_8/RAMB/WADR3 (clocked by clk_ip_out_clk_ip_core_1). Large setup violations at the end of those stages might be difficult to fix during the post-placement implementation flow and could be the result of non-optimal XDC constraints or non-optimal design architecture
Related violations: <none>

TIMING-16#359 Warning
Large setup violation  
There is a large setup violation of -6.166 ns between design_final_i/vga_0/U0/vga_instance/AXI_Stream_FIFO_inst/read_pointer_reg[0]/C (clocked by clk_out1_design_final_clk_wiz_1_0) and design_final_i/vga_0/U0/vga_instance/display_image_inst/image_inst/use_image/RAM_reg_0_63_6_8/RAMC/WADR3 (clocked by clk_ip_out_clk_ip_core_1). Large setup violations at the end of those stages might be difficult to fix during the post-placement implementation flow and could be the result of non-optimal XDC constraints or non-optimal design architecture
Related violations: <none>

TIMING-16#360 Warning
Large setup violation  
There is a large setup violation of -6.166 ns between design_final_i/vga_0/U0/vga_instance/AXI_Stream_FIFO_inst/read_pointer_reg[0]/C (clocked by clk_out1_design_final_clk_wiz_1_0) and design_final_i/vga_0/U0/vga_instance/display_image_inst/image_inst/use_image/RAM_reg_0_63_6_8/RAMD/WADR3 (clocked by clk_ip_out_clk_ip_core_1). Large setup violations at the end of those stages might be difficult to fix during the post-placement implementation flow and could be the result of non-optimal XDC constraints or non-optimal design architecture
Related violations: <none>

TIMING-16#361 Warning
Large setup violation  
There is a large setup violation of -6.166 ns between design_final_i/vga_0/U0/vga_instance/AXI_Stream_FIFO_inst/read_pointer_reg[1]_replica/C (clocked by clk_out1_design_final_clk_wiz_1_0) and design_final_i/vga_0/U0/vga_instance/display_image_inst/image_inst/use_image/RAM_reg_192_255_3_5/RAMA/WADR1 (clocked by clk_ip_out_clk_ip_core_1). Large setup violations at the end of those stages might be difficult to fix during the post-placement implementation flow and could be the result of non-optimal XDC constraints or non-optimal design architecture
Related violations: <none>

TIMING-16#362 Warning
Large setup violation  
There is a large setup violation of -6.166 ns between design_final_i/vga_0/U0/vga_instance/AXI_Stream_FIFO_inst/read_pointer_reg[1]_replica/C (clocked by clk_out1_design_final_clk_wiz_1_0) and design_final_i/vga_0/U0/vga_instance/display_image_inst/image_inst/use_image/RAM_reg_192_255_3_5/RAMB/WADR1 (clocked by clk_ip_out_clk_ip_core_1). Large setup violations at the end of those stages might be difficult to fix during the post-placement implementation flow and could be the result of non-optimal XDC constraints or non-optimal design architecture
Related violations: <none>

TIMING-16#363 Warning
Large setup violation  
There is a large setup violation of -6.166 ns between design_final_i/vga_0/U0/vga_instance/AXI_Stream_FIFO_inst/read_pointer_reg[1]_replica/C (clocked by clk_out1_design_final_clk_wiz_1_0) and design_final_i/vga_0/U0/vga_instance/display_image_inst/image_inst/use_image/RAM_reg_192_255_3_5/RAMC/WADR1 (clocked by clk_ip_out_clk_ip_core_1). Large setup violations at the end of those stages might be difficult to fix during the post-placement implementation flow and could be the result of non-optimal XDC constraints or non-optimal design architecture
Related violations: <none>

TIMING-16#364 Warning
Large setup violation  
There is a large setup violation of -6.166 ns between design_final_i/vga_0/U0/vga_instance/AXI_Stream_FIFO_inst/read_pointer_reg[1]_replica/C (clocked by clk_out1_design_final_clk_wiz_1_0) and design_final_i/vga_0/U0/vga_instance/display_image_inst/image_inst/use_image/RAM_reg_192_255_3_5/RAMD/WADR1 (clocked by clk_ip_out_clk_ip_core_1). Large setup violations at the end of those stages might be difficult to fix during the post-placement implementation flow and could be the result of non-optimal XDC constraints or non-optimal design architecture
Related violations: <none>

TIMING-16#365 Warning
Large setup violation  
There is a large setup violation of -6.167 ns between design_final_i/vga_0/U0/vga_instance/AXI_Stream_FIFO_inst/read_pointer_reg[0]/C (clocked by clk_out1_design_final_clk_wiz_1_0) and design_final_i/vga_0/U0/vga_instance/display_image_inst/image_inst/use_image/RAM_reg_128_191_0_2/RAMA/WADR3 (clocked by clk_ip_out_clk_ip_core_1). Large setup violations at the end of those stages might be difficult to fix during the post-placement implementation flow and could be the result of non-optimal XDC constraints or non-optimal design architecture
Related violations: <none>

TIMING-16#366 Warning
Large setup violation  
There is a large setup violation of -6.167 ns between design_final_i/vga_0/U0/vga_instance/AXI_Stream_FIFO_inst/read_pointer_reg[0]/C (clocked by clk_out1_design_final_clk_wiz_1_0) and design_final_i/vga_0/U0/vga_instance/display_image_inst/image_inst/use_image/RAM_reg_128_191_0_2/RAMB/WADR3 (clocked by clk_ip_out_clk_ip_core_1). Large setup violations at the end of those stages might be difficult to fix during the post-placement implementation flow and could be the result of non-optimal XDC constraints or non-optimal design architecture
Related violations: <none>

TIMING-16#367 Warning
Large setup violation  
There is a large setup violation of -6.167 ns between design_final_i/vga_0/U0/vga_instance/AXI_Stream_FIFO_inst/read_pointer_reg[0]/C (clocked by clk_out1_design_final_clk_wiz_1_0) and design_final_i/vga_0/U0/vga_instance/display_image_inst/image_inst/use_image/RAM_reg_128_191_0_2/RAMC/WADR3 (clocked by clk_ip_out_clk_ip_core_1). Large setup violations at the end of those stages might be difficult to fix during the post-placement implementation flow and could be the result of non-optimal XDC constraints or non-optimal design architecture
Related violations: <none>

TIMING-16#368 Warning
Large setup violation  
There is a large setup violation of -6.167 ns between design_final_i/vga_0/U0/vga_instance/AXI_Stream_FIFO_inst/read_pointer_reg[0]/C (clocked by clk_out1_design_final_clk_wiz_1_0) and design_final_i/vga_0/U0/vga_instance/display_image_inst/image_inst/use_image/RAM_reg_128_191_0_2/RAMD/WADR3 (clocked by clk_ip_out_clk_ip_core_1). Large setup violations at the end of those stages might be difficult to fix during the post-placement implementation flow and could be the result of non-optimal XDC constraints or non-optimal design architecture
Related violations: <none>

TIMING-16#369 Warning
Large setup violation  
There is a large setup violation of -6.168 ns between design_final_i/vga_0/U0/vga_instance/AXI_Stream_FIFO_inst/read_pointer_reg[1]_replica/C (clocked by clk_out1_design_final_clk_wiz_1_0) and design_final_i/vga_0/U0/vga_instance/display_image_inst/image_inst/use_image/RAM_reg_0_63_0_2/RAMA/WADR0 (clocked by clk_ip_out_clk_ip_core_1). Large setup violations at the end of those stages might be difficult to fix during the post-placement implementation flow and could be the result of non-optimal XDC constraints or non-optimal design architecture
Related violations: <none>

TIMING-16#370 Warning
Large setup violation  
There is a large setup violation of -6.168 ns between design_final_i/vga_0/U0/vga_instance/AXI_Stream_FIFO_inst/read_pointer_reg[1]_replica/C (clocked by clk_out1_design_final_clk_wiz_1_0) and design_final_i/vga_0/U0/vga_instance/display_image_inst/image_inst/use_image/RAM_reg_0_63_0_2/RAMB/WADR0 (clocked by clk_ip_out_clk_ip_core_1). Large setup violations at the end of those stages might be difficult to fix during the post-placement implementation flow and could be the result of non-optimal XDC constraints or non-optimal design architecture
Related violations: <none>

TIMING-16#371 Warning
Large setup violation  
There is a large setup violation of -6.168 ns between design_final_i/vga_0/U0/vga_instance/AXI_Stream_FIFO_inst/read_pointer_reg[1]_replica/C (clocked by clk_out1_design_final_clk_wiz_1_0) and design_final_i/vga_0/U0/vga_instance/display_image_inst/image_inst/use_image/RAM_reg_0_63_0_2/RAMC/WADR0 (clocked by clk_ip_out_clk_ip_core_1). Large setup violations at the end of those stages might be difficult to fix during the post-placement implementation flow and could be the result of non-optimal XDC constraints or non-optimal design architecture
Related violations: <none>

TIMING-16#372 Warning
Large setup violation  
There is a large setup violation of -6.168 ns between design_final_i/vga_0/U0/vga_instance/AXI_Stream_FIFO_inst/read_pointer_reg[1]_replica/C (clocked by clk_out1_design_final_clk_wiz_1_0) and design_final_i/vga_0/U0/vga_instance/display_image_inst/image_inst/use_image/RAM_reg_0_63_0_2/RAMD/WADR0 (clocked by clk_ip_out_clk_ip_core_1). Large setup violations at the end of those stages might be difficult to fix during the post-placement implementation flow and could be the result of non-optimal XDC constraints or non-optimal design architecture
Related violations: <none>

TIMING-16#373 Warning
Large setup violation  
There is a large setup violation of -6.177 ns between design_final_i/vga_0/U0/vga_instance/AXI_Stream_FIFO_inst/read_pointer_reg[1]_replica/C (clocked by clk_out1_design_final_clk_wiz_1_0) and design_final_i/vga_0/U0/vga_instance/display_image_inst/image_inst/use_image/RAM_reg_64_127_3_5/RAMA/WADR1 (clocked by clk_ip_out_clk_ip_core_1). Large setup violations at the end of those stages might be difficult to fix during the post-placement implementation flow and could be the result of non-optimal XDC constraints or non-optimal design architecture
Related violations: <none>

TIMING-16#374 Warning
Large setup violation  
There is a large setup violation of -6.177 ns between design_final_i/vga_0/U0/vga_instance/AXI_Stream_FIFO_inst/read_pointer_reg[1]_replica/C (clocked by clk_out1_design_final_clk_wiz_1_0) and design_final_i/vga_0/U0/vga_instance/display_image_inst/image_inst/use_image/RAM_reg_64_127_3_5/RAMB/WADR1 (clocked by clk_ip_out_clk_ip_core_1). Large setup violations at the end of those stages might be difficult to fix during the post-placement implementation flow and could be the result of non-optimal XDC constraints or non-optimal design architecture
Related violations: <none>

TIMING-16#375 Warning
Large setup violation  
There is a large setup violation of -6.177 ns between design_final_i/vga_0/U0/vga_instance/AXI_Stream_FIFO_inst/read_pointer_reg[1]_replica/C (clocked by clk_out1_design_final_clk_wiz_1_0) and design_final_i/vga_0/U0/vga_instance/display_image_inst/image_inst/use_image/RAM_reg_64_127_3_5/RAMC/WADR1 (clocked by clk_ip_out_clk_ip_core_1). Large setup violations at the end of those stages might be difficult to fix during the post-placement implementation flow and could be the result of non-optimal XDC constraints or non-optimal design architecture
Related violations: <none>

TIMING-16#376 Warning
Large setup violation  
There is a large setup violation of -6.177 ns between design_final_i/vga_0/U0/vga_instance/AXI_Stream_FIFO_inst/read_pointer_reg[1]_replica/C (clocked by clk_out1_design_final_clk_wiz_1_0) and design_final_i/vga_0/U0/vga_instance/display_image_inst/image_inst/use_image/RAM_reg_64_127_3_5/RAMD/WADR1 (clocked by clk_ip_out_clk_ip_core_1). Large setup violations at the end of those stages might be difficult to fix during the post-placement implementation flow and could be the result of non-optimal XDC constraints or non-optimal design architecture
Related violations: <none>

TIMING-16#377 Warning
Large setup violation  
There is a large setup violation of -6.179 ns between design_final_i/vga_0/U0/vga_instance/AXI_Stream_FIFO_inst/read_pointer_reg[1]_replica/C (clocked by clk_out1_design_final_clk_wiz_1_0) and design_final_i/vga_0/U0/vga_instance/display_image_inst/image_inst/use_image/RAM_reg_0_63_3_5/RAMA/WADR0 (clocked by clk_ip_out_clk_ip_core_1). Large setup violations at the end of those stages might be difficult to fix during the post-placement implementation flow and could be the result of non-optimal XDC constraints or non-optimal design architecture
Related violations: <none>

TIMING-16#378 Warning
Large setup violation  
There is a large setup violation of -6.179 ns between design_final_i/vga_0/U0/vga_instance/AXI_Stream_FIFO_inst/read_pointer_reg[1]_replica/C (clocked by clk_out1_design_final_clk_wiz_1_0) and design_final_i/vga_0/U0/vga_instance/display_image_inst/image_inst/use_image/RAM_reg_0_63_3_5/RAMB/WADR0 (clocked by clk_ip_out_clk_ip_core_1). Large setup violations at the end of those stages might be difficult to fix during the post-placement implementation flow and could be the result of non-optimal XDC constraints or non-optimal design architecture
Related violations: <none>

TIMING-16#379 Warning
Large setup violation  
There is a large setup violation of -6.179 ns between design_final_i/vga_0/U0/vga_instance/AXI_Stream_FIFO_inst/read_pointer_reg[1]_replica/C (clocked by clk_out1_design_final_clk_wiz_1_0) and design_final_i/vga_0/U0/vga_instance/display_image_inst/image_inst/use_image/RAM_reg_0_63_3_5/RAMC/WADR0 (clocked by clk_ip_out_clk_ip_core_1). Large setup violations at the end of those stages might be difficult to fix during the post-placement implementation flow and could be the result of non-optimal XDC constraints or non-optimal design architecture
Related violations: <none>

TIMING-16#380 Warning
Large setup violation  
There is a large setup violation of -6.179 ns between design_final_i/vga_0/U0/vga_instance/AXI_Stream_FIFO_inst/read_pointer_reg[1]_replica/C (clocked by clk_out1_design_final_clk_wiz_1_0) and design_final_i/vga_0/U0/vga_instance/display_image_inst/image_inst/use_image/RAM_reg_0_63_3_5/RAMD/WADR0 (clocked by clk_ip_out_clk_ip_core_1). Large setup violations at the end of those stages might be difficult to fix during the post-placement implementation flow and could be the result of non-optimal XDC constraints or non-optimal design architecture
Related violations: <none>

TIMING-16#381 Warning
Large setup violation  
There is a large setup violation of -6.180 ns between design_final_i/vga_0/U0/vga_instance/AXI_Stream_FIFO_inst/read_pointer_reg[1]_replica/C (clocked by clk_out1_design_final_clk_wiz_1_0) and design_final_i/vga_0/U0/vga_instance/display_image_inst/image_inst/use_image/RAM_reg_128_191_0_2/RAMA/WADR0 (clocked by clk_ip_out_clk_ip_core_1). Large setup violations at the end of those stages might be difficult to fix during the post-placement implementation flow and could be the result of non-optimal XDC constraints or non-optimal design architecture
Related violations: <none>

TIMING-16#382 Warning
Large setup violation  
There is a large setup violation of -6.180 ns between design_final_i/vga_0/U0/vga_instance/AXI_Stream_FIFO_inst/read_pointer_reg[1]_replica/C (clocked by clk_out1_design_final_clk_wiz_1_0) and design_final_i/vga_0/U0/vga_instance/display_image_inst/image_inst/use_image/RAM_reg_128_191_0_2/RAMB/WADR0 (clocked by clk_ip_out_clk_ip_core_1). Large setup violations at the end of those stages might be difficult to fix during the post-placement implementation flow and could be the result of non-optimal XDC constraints or non-optimal design architecture
Related violations: <none>

TIMING-16#383 Warning
Large setup violation  
There is a large setup violation of -6.180 ns between design_final_i/vga_0/U0/vga_instance/AXI_Stream_FIFO_inst/read_pointer_reg[1]_replica/C (clocked by clk_out1_design_final_clk_wiz_1_0) and design_final_i/vga_0/U0/vga_instance/display_image_inst/image_inst/use_image/RAM_reg_128_191_0_2/RAMC/WADR0 (clocked by clk_ip_out_clk_ip_core_1). Large setup violations at the end of those stages might be difficult to fix during the post-placement implementation flow and could be the result of non-optimal XDC constraints or non-optimal design architecture
Related violations: <none>

TIMING-16#384 Warning
Large setup violation  
There is a large setup violation of -6.180 ns between design_final_i/vga_0/U0/vga_instance/AXI_Stream_FIFO_inst/read_pointer_reg[1]_replica/C (clocked by clk_out1_design_final_clk_wiz_1_0) and design_final_i/vga_0/U0/vga_instance/display_image_inst/image_inst/use_image/RAM_reg_128_191_0_2/RAMD/WADR0 (clocked by clk_ip_out_clk_ip_core_1). Large setup violations at the end of those stages might be difficult to fix during the post-placement implementation flow and could be the result of non-optimal XDC constraints or non-optimal design architecture
Related violations: <none>

TIMING-16#385 Warning
Large setup violation  
There is a large setup violation of -6.187 ns between design_final_i/vga_0/U0/vga_instance/AXI_Stream_FIFO_inst/read_pointer_reg[0]/C (clocked by clk_out1_design_final_clk_wiz_1_0) and design_final_i/vga_0/U0/vga_instance/display_image_inst/image_inst/use_image/RAM_reg_192_255_0_2/RAMA/WADR3 (clocked by clk_ip_out_clk_ip_core_1). Large setup violations at the end of those stages might be difficult to fix during the post-placement implementation flow and could be the result of non-optimal XDC constraints or non-optimal design architecture
Related violations: <none>

TIMING-16#386 Warning
Large setup violation  
There is a large setup violation of -6.187 ns between design_final_i/vga_0/U0/vga_instance/AXI_Stream_FIFO_inst/read_pointer_reg[0]/C (clocked by clk_out1_design_final_clk_wiz_1_0) and design_final_i/vga_0/U0/vga_instance/display_image_inst/image_inst/use_image/RAM_reg_192_255_0_2/RAMB/WADR3 (clocked by clk_ip_out_clk_ip_core_1). Large setup violations at the end of those stages might be difficult to fix during the post-placement implementation flow and could be the result of non-optimal XDC constraints or non-optimal design architecture
Related violations: <none>

TIMING-16#387 Warning
Large setup violation  
There is a large setup violation of -6.187 ns between design_final_i/vga_0/U0/vga_instance/AXI_Stream_FIFO_inst/read_pointer_reg[0]/C (clocked by clk_out1_design_final_clk_wiz_1_0) and design_final_i/vga_0/U0/vga_instance/display_image_inst/image_inst/use_image/RAM_reg_192_255_0_2/RAMC/WADR3 (clocked by clk_ip_out_clk_ip_core_1). Large setup violations at the end of those stages might be difficult to fix during the post-placement implementation flow and could be the result of non-optimal XDC constraints or non-optimal design architecture
Related violations: <none>

TIMING-16#388 Warning
Large setup violation  
There is a large setup violation of -6.187 ns between design_final_i/vga_0/U0/vga_instance/AXI_Stream_FIFO_inst/read_pointer_reg[0]/C (clocked by clk_out1_design_final_clk_wiz_1_0) and design_final_i/vga_0/U0/vga_instance/display_image_inst/image_inst/use_image/RAM_reg_192_255_0_2/RAMD/WADR3 (clocked by clk_ip_out_clk_ip_core_1). Large setup violations at the end of those stages might be difficult to fix during the post-placement implementation flow and could be the result of non-optimal XDC constraints or non-optimal design architecture
Related violations: <none>

TIMING-16#389 Warning
Large setup violation  
There is a large setup violation of -6.198 ns between design_final_i/vga_0/U0/vga_instance/AXI_Stream_FIFO_inst/read_pointer_reg[0]/C (clocked by clk_out1_design_final_clk_wiz_1_0) and design_final_i/vga_0/U0/vga_instance/display_image_inst/image_inst/use_image/RAM_reg_64_127_6_8/RAMA/WADR3 (clocked by clk_ip_out_clk_ip_core_1). Large setup violations at the end of those stages might be difficult to fix during the post-placement implementation flow and could be the result of non-optimal XDC constraints or non-optimal design architecture
Related violations: <none>

TIMING-16#390 Warning
Large setup violation  
There is a large setup violation of -6.198 ns between design_final_i/vga_0/U0/vga_instance/AXI_Stream_FIFO_inst/read_pointer_reg[0]/C (clocked by clk_out1_design_final_clk_wiz_1_0) and design_final_i/vga_0/U0/vga_instance/display_image_inst/image_inst/use_image/RAM_reg_64_127_6_8/RAMB/WADR3 (clocked by clk_ip_out_clk_ip_core_1). Large setup violations at the end of those stages might be difficult to fix during the post-placement implementation flow and could be the result of non-optimal XDC constraints or non-optimal design architecture
Related violations: <none>

TIMING-16#391 Warning
Large setup violation  
There is a large setup violation of -6.198 ns between design_final_i/vga_0/U0/vga_instance/AXI_Stream_FIFO_inst/read_pointer_reg[0]/C (clocked by clk_out1_design_final_clk_wiz_1_0) and design_final_i/vga_0/U0/vga_instance/display_image_inst/image_inst/use_image/RAM_reg_64_127_6_8/RAMC/WADR3 (clocked by clk_ip_out_clk_ip_core_1). Large setup violations at the end of those stages might be difficult to fix during the post-placement implementation flow and could be the result of non-optimal XDC constraints or non-optimal design architecture
Related violations: <none>

TIMING-16#392 Warning
Large setup violation  
There is a large setup violation of -6.198 ns between design_final_i/vga_0/U0/vga_instance/AXI_Stream_FIFO_inst/read_pointer_reg[0]/C (clocked by clk_out1_design_final_clk_wiz_1_0) and design_final_i/vga_0/U0/vga_instance/display_image_inst/image_inst/use_image/RAM_reg_64_127_6_8/RAMD/WADR3 (clocked by clk_ip_out_clk_ip_core_1). Large setup violations at the end of those stages might be difficult to fix during the post-placement implementation flow and could be the result of non-optimal XDC constraints or non-optimal design architecture
Related violations: <none>

TIMING-16#393 Warning
Large setup violation  
There is a large setup violation of -6.208 ns between design_final_i/vga_0/U0/vga_instance/AXI_Stream_FIFO_inst/read_pointer_reg[0]/C (clocked by clk_out1_design_final_clk_wiz_1_0) and design_final_i/vga_0/U0/vga_instance/display_image_inst/image_inst/use_image/RAM_reg_128_191_3_5/RAMA/WADR3 (clocked by clk_ip_out_clk_ip_core_1). Large setup violations at the end of those stages might be difficult to fix during the post-placement implementation flow and could be the result of non-optimal XDC constraints or non-optimal design architecture
Related violations: <none>

TIMING-16#394 Warning
Large setup violation  
There is a large setup violation of -6.208 ns between design_final_i/vga_0/U0/vga_instance/AXI_Stream_FIFO_inst/read_pointer_reg[0]/C (clocked by clk_out1_design_final_clk_wiz_1_0) and design_final_i/vga_0/U0/vga_instance/display_image_inst/image_inst/use_image/RAM_reg_128_191_3_5/RAMB/WADR3 (clocked by clk_ip_out_clk_ip_core_1). Large setup violations at the end of those stages might be difficult to fix during the post-placement implementation flow and could be the result of non-optimal XDC constraints or non-optimal design architecture
Related violations: <none>

TIMING-16#395 Warning
Large setup violation  
There is a large setup violation of -6.208 ns between design_final_i/vga_0/U0/vga_instance/AXI_Stream_FIFO_inst/read_pointer_reg[0]/C (clocked by clk_out1_design_final_clk_wiz_1_0) and design_final_i/vga_0/U0/vga_instance/display_image_inst/image_inst/use_image/RAM_reg_128_191_3_5/RAMC/WADR3 (clocked by clk_ip_out_clk_ip_core_1). Large setup violations at the end of those stages might be difficult to fix during the post-placement implementation flow and could be the result of non-optimal XDC constraints or non-optimal design architecture
Related violations: <none>

TIMING-16#396 Warning
Large setup violation  
There is a large setup violation of -6.208 ns between design_final_i/vga_0/U0/vga_instance/AXI_Stream_FIFO_inst/read_pointer_reg[0]/C (clocked by clk_out1_design_final_clk_wiz_1_0) and design_final_i/vga_0/U0/vga_instance/display_image_inst/image_inst/use_image/RAM_reg_128_191_3_5/RAMD/WADR3 (clocked by clk_ip_out_clk_ip_core_1). Large setup violations at the end of those stages might be difficult to fix during the post-placement implementation flow and could be the result of non-optimal XDC constraints or non-optimal design architecture
Related violations: <none>

TIMING-16#397 Warning
Large setup violation  
There is a large setup violation of -6.211 ns between design_final_i/vga_0/U0/vga_instance/AXI_Stream_FIFO_inst/read_pointer_reg[3]/C (clocked by clk_out1_design_final_clk_wiz_1_0) and design_final_i/vga_0/U0/vga_instance/display_image_inst/image_inst/use_image/RAM_reg_192_255_9_11/RAMA/WE (clocked by clk_ip_out_clk_ip_core_1). Large setup violations at the end of those stages might be difficult to fix during the post-placement implementation flow and could be the result of non-optimal XDC constraints or non-optimal design architecture
Related violations: <none>

TIMING-16#398 Warning
Large setup violation  
There is a large setup violation of -6.211 ns between design_final_i/vga_0/U0/vga_instance/AXI_Stream_FIFO_inst/read_pointer_reg[3]/C (clocked by clk_out1_design_final_clk_wiz_1_0) and design_final_i/vga_0/U0/vga_instance/display_image_inst/image_inst/use_image/RAM_reg_192_255_9_11/RAMB/WE (clocked by clk_ip_out_clk_ip_core_1). Large setup violations at the end of those stages might be difficult to fix during the post-placement implementation flow and could be the result of non-optimal XDC constraints or non-optimal design architecture
Related violations: <none>

TIMING-16#399 Warning
Large setup violation  
There is a large setup violation of -6.211 ns between design_final_i/vga_0/U0/vga_instance/AXI_Stream_FIFO_inst/read_pointer_reg[3]/C (clocked by clk_out1_design_final_clk_wiz_1_0) and design_final_i/vga_0/U0/vga_instance/display_image_inst/image_inst/use_image/RAM_reg_192_255_9_11/RAMC/WE (clocked by clk_ip_out_clk_ip_core_1). Large setup violations at the end of those stages might be difficult to fix during the post-placement implementation flow and could be the result of non-optimal XDC constraints or non-optimal design architecture
Related violations: <none>

TIMING-16#400 Warning
Large setup violation  
There is a large setup violation of -6.211 ns between design_final_i/vga_0/U0/vga_instance/AXI_Stream_FIFO_inst/read_pointer_reg[3]/C (clocked by clk_out1_design_final_clk_wiz_1_0) and design_final_i/vga_0/U0/vga_instance/display_image_inst/image_inst/use_image/RAM_reg_192_255_9_11/RAMD/WE (clocked by clk_ip_out_clk_ip_core_1). Large setup violations at the end of those stages might be difficult to fix during the post-placement implementation flow and could be the result of non-optimal XDC constraints or non-optimal design architecture
Related violations: <none>

TIMING-16#401 Warning
Large setup violation  
There is a large setup violation of -6.214 ns between design_final_i/vga_0/U0/vga_instance/AXI_Stream_FIFO_inst/read_pointer_reg[3]/C (clocked by clk_out1_design_final_clk_wiz_1_0) and design_final_i/vga_0/U0/vga_instance/display_image_inst/image_inst/use_image/RAM_reg_192_255_6_8/RAMA/WE (clocked by clk_ip_out_clk_ip_core_1). Large setup violations at the end of those stages might be difficult to fix during the post-placement implementation flow and could be the result of non-optimal XDC constraints or non-optimal design architecture
Related violations: <none>

TIMING-16#402 Warning
Large setup violation  
There is a large setup violation of -6.214 ns between design_final_i/vga_0/U0/vga_instance/AXI_Stream_FIFO_inst/read_pointer_reg[3]/C (clocked by clk_out1_design_final_clk_wiz_1_0) and design_final_i/vga_0/U0/vga_instance/display_image_inst/image_inst/use_image/RAM_reg_192_255_6_8/RAMB/WE (clocked by clk_ip_out_clk_ip_core_1). Large setup violations at the end of those stages might be difficult to fix during the post-placement implementation flow and could be the result of non-optimal XDC constraints or non-optimal design architecture
Related violations: <none>

TIMING-16#403 Warning
Large setup violation  
There is a large setup violation of -6.214 ns between design_final_i/vga_0/U0/vga_instance/AXI_Stream_FIFO_inst/read_pointer_reg[3]/C (clocked by clk_out1_design_final_clk_wiz_1_0) and design_final_i/vga_0/U0/vga_instance/display_image_inst/image_inst/use_image/RAM_reg_192_255_6_8/RAMC/WE (clocked by clk_ip_out_clk_ip_core_1). Large setup violations at the end of those stages might be difficult to fix during the post-placement implementation flow and could be the result of non-optimal XDC constraints or non-optimal design architecture
Related violations: <none>

TIMING-16#404 Warning
Large setup violation  
There is a large setup violation of -6.214 ns between design_final_i/vga_0/U0/vga_instance/AXI_Stream_FIFO_inst/read_pointer_reg[3]/C (clocked by clk_out1_design_final_clk_wiz_1_0) and design_final_i/vga_0/U0/vga_instance/display_image_inst/image_inst/use_image/RAM_reg_192_255_6_8/RAMD/WE (clocked by clk_ip_out_clk_ip_core_1). Large setup violations at the end of those stages might be difficult to fix during the post-placement implementation flow and could be the result of non-optimal XDC constraints or non-optimal design architecture
Related violations: <none>

TIMING-16#405 Warning
Large setup violation  
There is a large setup violation of -6.215 ns between design_final_i/vga_0/U0/vga_instance/AXI_Stream_FIFO_inst/read_pointer_reg[1]_replica/C (clocked by clk_out1_design_final_clk_wiz_1_0) and design_final_i/vga_0/U0/vga_instance/display_image_inst/image_inst/use_image/RAM_reg_128_191_9_11/RAMA/WADR0 (clocked by clk_ip_out_clk_ip_core_1). Large setup violations at the end of those stages might be difficult to fix during the post-placement implementation flow and could be the result of non-optimal XDC constraints or non-optimal design architecture
Related violations: <none>

TIMING-16#406 Warning
Large setup violation  
There is a large setup violation of -6.215 ns between design_final_i/vga_0/U0/vga_instance/AXI_Stream_FIFO_inst/read_pointer_reg[1]_replica/C (clocked by clk_out1_design_final_clk_wiz_1_0) and design_final_i/vga_0/U0/vga_instance/display_image_inst/image_inst/use_image/RAM_reg_128_191_9_11/RAMB/WADR0 (clocked by clk_ip_out_clk_ip_core_1). Large setup violations at the end of those stages might be difficult to fix during the post-placement implementation flow and could be the result of non-optimal XDC constraints or non-optimal design architecture
Related violations: <none>

TIMING-16#407 Warning
Large setup violation  
There is a large setup violation of -6.215 ns between design_final_i/vga_0/U0/vga_instance/AXI_Stream_FIFO_inst/read_pointer_reg[1]_replica/C (clocked by clk_out1_design_final_clk_wiz_1_0) and design_final_i/vga_0/U0/vga_instance/display_image_inst/image_inst/use_image/RAM_reg_128_191_9_11/RAMC/WADR0 (clocked by clk_ip_out_clk_ip_core_1). Large setup violations at the end of those stages might be difficult to fix during the post-placement implementation flow and could be the result of non-optimal XDC constraints or non-optimal design architecture
Related violations: <none>

TIMING-16#408 Warning
Large setup violation  
There is a large setup violation of -6.215 ns between design_final_i/vga_0/U0/vga_instance/AXI_Stream_FIFO_inst/read_pointer_reg[1]_replica/C (clocked by clk_out1_design_final_clk_wiz_1_0) and design_final_i/vga_0/U0/vga_instance/display_image_inst/image_inst/use_image/RAM_reg_128_191_9_11/RAMD/WADR0 (clocked by clk_ip_out_clk_ip_core_1). Large setup violations at the end of those stages might be difficult to fix during the post-placement implementation flow and could be the result of non-optimal XDC constraints or non-optimal design architecture
Related violations: <none>

TIMING-16#409 Warning
Large setup violation  
There is a large setup violation of -6.216 ns between design_final_i/vga_0/U0/vga_instance/AXI_Stream_FIFO_inst/read_pointer_reg[0]/C (clocked by clk_out1_design_final_clk_wiz_1_0) and design_final_i/vga_0/U0/vga_instance/display_image_inst/image_inst/use_image/RAM_reg_128_191_6_8/RAMA/WADR3 (clocked by clk_ip_out_clk_ip_core_1). Large setup violations at the end of those stages might be difficult to fix during the post-placement implementation flow and could be the result of non-optimal XDC constraints or non-optimal design architecture
Related violations: <none>

TIMING-16#410 Warning
Large setup violation  
There is a large setup violation of -6.216 ns between design_final_i/vga_0/U0/vga_instance/AXI_Stream_FIFO_inst/read_pointer_reg[0]/C (clocked by clk_out1_design_final_clk_wiz_1_0) and design_final_i/vga_0/U0/vga_instance/display_image_inst/image_inst/use_image/RAM_reg_128_191_6_8/RAMB/WADR3 (clocked by clk_ip_out_clk_ip_core_1). Large setup violations at the end of those stages might be difficult to fix during the post-placement implementation flow and could be the result of non-optimal XDC constraints or non-optimal design architecture
Related violations: <none>

TIMING-16#411 Warning
Large setup violation  
There is a large setup violation of -6.216 ns between design_final_i/vga_0/U0/vga_instance/AXI_Stream_FIFO_inst/read_pointer_reg[0]/C (clocked by clk_out1_design_final_clk_wiz_1_0) and design_final_i/vga_0/U0/vga_instance/display_image_inst/image_inst/use_image/RAM_reg_128_191_6_8/RAMC/WADR3 (clocked by clk_ip_out_clk_ip_core_1). Large setup violations at the end of those stages might be difficult to fix during the post-placement implementation flow and could be the result of non-optimal XDC constraints or non-optimal design architecture
Related violations: <none>

TIMING-16#412 Warning
Large setup violation  
There is a large setup violation of -6.216 ns between design_final_i/vga_0/U0/vga_instance/AXI_Stream_FIFO_inst/read_pointer_reg[0]/C (clocked by clk_out1_design_final_clk_wiz_1_0) and design_final_i/vga_0/U0/vga_instance/display_image_inst/image_inst/use_image/RAM_reg_128_191_6_8/RAMD/WADR3 (clocked by clk_ip_out_clk_ip_core_1). Large setup violations at the end of those stages might be difficult to fix during the post-placement implementation flow and could be the result of non-optimal XDC constraints or non-optimal design architecture
Related violations: <none>

TIMING-16#413 Warning
Large setup violation  
There is a large setup violation of -6.221 ns between design_final_i/vga_0/U0/vga_instance/AXI_Stream_FIFO_inst/read_pointer_reg[1]_replica/C (clocked by clk_out1_design_final_clk_wiz_1_0) and design_final_i/vga_0/U0/vga_instance/display_image_inst/image_inst/use_image/RAM_reg_64_127_6_8/RAMA/WADR0 (clocked by clk_ip_out_clk_ip_core_1). Large setup violations at the end of those stages might be difficult to fix during the post-placement implementation flow and could be the result of non-optimal XDC constraints or non-optimal design architecture
Related violations: <none>

TIMING-16#414 Warning
Large setup violation  
There is a large setup violation of -6.221 ns between design_final_i/vga_0/U0/vga_instance/AXI_Stream_FIFO_inst/read_pointer_reg[1]_replica/C (clocked by clk_out1_design_final_clk_wiz_1_0) and design_final_i/vga_0/U0/vga_instance/display_image_inst/image_inst/use_image/RAM_reg_64_127_6_8/RAMB/WADR0 (clocked by clk_ip_out_clk_ip_core_1). Large setup violations at the end of those stages might be difficult to fix during the post-placement implementation flow and could be the result of non-optimal XDC constraints or non-optimal design architecture
Related violations: <none>

TIMING-16#415 Warning
Large setup violation  
There is a large setup violation of -6.221 ns between design_final_i/vga_0/U0/vga_instance/AXI_Stream_FIFO_inst/read_pointer_reg[1]_replica/C (clocked by clk_out1_design_final_clk_wiz_1_0) and design_final_i/vga_0/U0/vga_instance/display_image_inst/image_inst/use_image/RAM_reg_64_127_6_8/RAMC/WADR0 (clocked by clk_ip_out_clk_ip_core_1). Large setup violations at the end of those stages might be difficult to fix during the post-placement implementation flow and could be the result of non-optimal XDC constraints or non-optimal design architecture
Related violations: <none>

TIMING-16#416 Warning
Large setup violation  
There is a large setup violation of -6.221 ns between design_final_i/vga_0/U0/vga_instance/AXI_Stream_FIFO_inst/read_pointer_reg[1]_replica/C (clocked by clk_out1_design_final_clk_wiz_1_0) and design_final_i/vga_0/U0/vga_instance/display_image_inst/image_inst/use_image/RAM_reg_64_127_6_8/RAMD/WADR0 (clocked by clk_ip_out_clk_ip_core_1). Large setup violations at the end of those stages might be difficult to fix during the post-placement implementation flow and could be the result of non-optimal XDC constraints or non-optimal design architecture
Related violations: <none>

TIMING-16#417 Warning
Large setup violation  
There is a large setup violation of -6.225 ns between design_final_i/vga_0/U0/vga_instance/AXI_Stream_FIFO_inst/read_pointer_reg[3]/C (clocked by clk_out1_design_final_clk_wiz_1_0) and design_final_i/vga_0/U0/vga_instance/display_image_inst/image_inst/use_image/RAM_reg_64_127_9_11/RAMA/WE (clocked by clk_ip_out_clk_ip_core_1). Large setup violations at the end of those stages might be difficult to fix during the post-placement implementation flow and could be the result of non-optimal XDC constraints or non-optimal design architecture
Related violations: <none>

TIMING-16#418 Warning
Large setup violation  
There is a large setup violation of -6.225 ns between design_final_i/vga_0/U0/vga_instance/AXI_Stream_FIFO_inst/read_pointer_reg[3]/C (clocked by clk_out1_design_final_clk_wiz_1_0) and design_final_i/vga_0/U0/vga_instance/display_image_inst/image_inst/use_image/RAM_reg_64_127_9_11/RAMB/WE (clocked by clk_ip_out_clk_ip_core_1). Large setup violations at the end of those stages might be difficult to fix during the post-placement implementation flow and could be the result of non-optimal XDC constraints or non-optimal design architecture
Related violations: <none>

TIMING-16#419 Warning
Large setup violation  
There is a large setup violation of -6.225 ns between design_final_i/vga_0/U0/vga_instance/AXI_Stream_FIFO_inst/read_pointer_reg[3]/C (clocked by clk_out1_design_final_clk_wiz_1_0) and design_final_i/vga_0/U0/vga_instance/display_image_inst/image_inst/use_image/RAM_reg_64_127_9_11/RAMC/WE (clocked by clk_ip_out_clk_ip_core_1). Large setup violations at the end of those stages might be difficult to fix during the post-placement implementation flow and could be the result of non-optimal XDC constraints or non-optimal design architecture
Related violations: <none>

TIMING-16#420 Warning
Large setup violation  
There is a large setup violation of -6.225 ns between design_final_i/vga_0/U0/vga_instance/AXI_Stream_FIFO_inst/read_pointer_reg[3]/C (clocked by clk_out1_design_final_clk_wiz_1_0) and design_final_i/vga_0/U0/vga_instance/display_image_inst/image_inst/use_image/RAM_reg_64_127_9_11/RAMD/WE (clocked by clk_ip_out_clk_ip_core_1). Large setup violations at the end of those stages might be difficult to fix during the post-placement implementation flow and could be the result of non-optimal XDC constraints or non-optimal design architecture
Related violations: <none>

TIMING-16#421 Warning
Large setup violation  
There is a large setup violation of -6.226 ns between design_final_i/vga_0/U0/vga_instance/AXI_Stream_FIFO_inst/read_pointer_reg[1]_replica/C (clocked by clk_out1_design_final_clk_wiz_1_0) and design_final_i/vga_0/U0/vga_instance/display_image_inst/image_inst/use_image/RAM_reg_128_191_3_5/RAMA/WADR0 (clocked by clk_ip_out_clk_ip_core_1). Large setup violations at the end of those stages might be difficult to fix during the post-placement implementation flow and could be the result of non-optimal XDC constraints or non-optimal design architecture
Related violations: <none>

TIMING-16#422 Warning
Large setup violation  
There is a large setup violation of -6.226 ns between design_final_i/vga_0/U0/vga_instance/AXI_Stream_FIFO_inst/read_pointer_reg[1]_replica/C (clocked by clk_out1_design_final_clk_wiz_1_0) and design_final_i/vga_0/U0/vga_instance/display_image_inst/image_inst/use_image/RAM_reg_128_191_3_5/RAMB/WADR0 (clocked by clk_ip_out_clk_ip_core_1). Large setup violations at the end of those stages might be difficult to fix during the post-placement implementation flow and could be the result of non-optimal XDC constraints or non-optimal design architecture
Related violations: <none>

TIMING-16#423 Warning
Large setup violation  
There is a large setup violation of -6.226 ns between design_final_i/vga_0/U0/vga_instance/AXI_Stream_FIFO_inst/read_pointer_reg[1]_replica/C (clocked by clk_out1_design_final_clk_wiz_1_0) and design_final_i/vga_0/U0/vga_instance/display_image_inst/image_inst/use_image/RAM_reg_128_191_3_5/RAMC/WADR0 (clocked by clk_ip_out_clk_ip_core_1). Large setup violations at the end of those stages might be difficult to fix during the post-placement implementation flow and could be the result of non-optimal XDC constraints or non-optimal design architecture
Related violations: <none>

TIMING-16#424 Warning
Large setup violation  
There is a large setup violation of -6.226 ns between design_final_i/vga_0/U0/vga_instance/AXI_Stream_FIFO_inst/read_pointer_reg[1]_replica/C (clocked by clk_out1_design_final_clk_wiz_1_0) and design_final_i/vga_0/U0/vga_instance/display_image_inst/image_inst/use_image/RAM_reg_128_191_3_5/RAMD/WADR0 (clocked by clk_ip_out_clk_ip_core_1). Large setup violations at the end of those stages might be difficult to fix during the post-placement implementation flow and could be the result of non-optimal XDC constraints or non-optimal design architecture
Related violations: <none>

TIMING-16#425 Warning
Large setup violation  
There is a large setup violation of -6.242 ns between design_final_i/vga_0/U0/vga_instance/AXI_Stream_FIFO_inst/read_pointer_reg[3]/C (clocked by clk_out1_design_final_clk_wiz_1_0) and design_final_i/vga_0/U0/vga_instance/display_image_inst/image_inst/use_image/RAM_reg_64_127_0_2/RAMA/WE (clocked by clk_ip_out_clk_ip_core_1). Large setup violations at the end of those stages might be difficult to fix during the post-placement implementation flow and could be the result of non-optimal XDC constraints or non-optimal design architecture
Related violations: <none>

TIMING-16#426 Warning
Large setup violation  
There is a large setup violation of -6.242 ns between design_final_i/vga_0/U0/vga_instance/AXI_Stream_FIFO_inst/read_pointer_reg[3]/C (clocked by clk_out1_design_final_clk_wiz_1_0) and design_final_i/vga_0/U0/vga_instance/display_image_inst/image_inst/use_image/RAM_reg_64_127_0_2/RAMB/WE (clocked by clk_ip_out_clk_ip_core_1). Large setup violations at the end of those stages might be difficult to fix during the post-placement implementation flow and could be the result of non-optimal XDC constraints or non-optimal design architecture
Related violations: <none>

TIMING-16#427 Warning
Large setup violation  
There is a large setup violation of -6.242 ns between design_final_i/vga_0/U0/vga_instance/AXI_Stream_FIFO_inst/read_pointer_reg[3]/C (clocked by clk_out1_design_final_clk_wiz_1_0) and design_final_i/vga_0/U0/vga_instance/display_image_inst/image_inst/use_image/RAM_reg_64_127_0_2/RAMC/WE (clocked by clk_ip_out_clk_ip_core_1). Large setup violations at the end of those stages might be difficult to fix during the post-placement implementation flow and could be the result of non-optimal XDC constraints or non-optimal design architecture
Related violations: <none>

TIMING-16#428 Warning
Large setup violation  
There is a large setup violation of -6.242 ns between design_final_i/vga_0/U0/vga_instance/AXI_Stream_FIFO_inst/read_pointer_reg[3]/C (clocked by clk_out1_design_final_clk_wiz_1_0) and design_final_i/vga_0/U0/vga_instance/display_image_inst/image_inst/use_image/RAM_reg_64_127_0_2/RAMD/WE (clocked by clk_ip_out_clk_ip_core_1). Large setup violations at the end of those stages might be difficult to fix during the post-placement implementation flow and could be the result of non-optimal XDC constraints or non-optimal design architecture
Related violations: <none>

TIMING-16#429 Warning
Large setup violation  
There is a large setup violation of -6.243 ns between design_final_i/vga_0/U0/vga_instance/AXI_Stream_FIFO_inst/read_pointer_reg[0]/C (clocked by clk_out1_design_final_clk_wiz_1_0) and design_final_i/vga_0/U0/vga_instance/display_image_inst/image_inst/use_image/RAM_reg_128_191_9_11/RAMA/WADR3 (clocked by clk_ip_out_clk_ip_core_1). Large setup violations at the end of those stages might be difficult to fix during the post-placement implementation flow and could be the result of non-optimal XDC constraints or non-optimal design architecture
Related violations: <none>

TIMING-16#430 Warning
Large setup violation  
There is a large setup violation of -6.243 ns between design_final_i/vga_0/U0/vga_instance/AXI_Stream_FIFO_inst/read_pointer_reg[0]/C (clocked by clk_out1_design_final_clk_wiz_1_0) and design_final_i/vga_0/U0/vga_instance/display_image_inst/image_inst/use_image/RAM_reg_128_191_9_11/RAMB/WADR3 (clocked by clk_ip_out_clk_ip_core_1). Large setup violations at the end of those stages might be difficult to fix during the post-placement implementation flow and could be the result of non-optimal XDC constraints or non-optimal design architecture
Related violations: <none>

TIMING-16#431 Warning
Large setup violation  
There is a large setup violation of -6.243 ns between design_final_i/vga_0/U0/vga_instance/AXI_Stream_FIFO_inst/read_pointer_reg[0]/C (clocked by clk_out1_design_final_clk_wiz_1_0) and design_final_i/vga_0/U0/vga_instance/display_image_inst/image_inst/use_image/RAM_reg_128_191_9_11/RAMC/WADR3 (clocked by clk_ip_out_clk_ip_core_1). Large setup violations at the end of those stages might be difficult to fix during the post-placement implementation flow and could be the result of non-optimal XDC constraints or non-optimal design architecture
Related violations: <none>

TIMING-16#432 Warning
Large setup violation  
There is a large setup violation of -6.243 ns between design_final_i/vga_0/U0/vga_instance/AXI_Stream_FIFO_inst/read_pointer_reg[0]/C (clocked by clk_out1_design_final_clk_wiz_1_0) and design_final_i/vga_0/U0/vga_instance/display_image_inst/image_inst/use_image/RAM_reg_128_191_9_11/RAMD/WADR3 (clocked by clk_ip_out_clk_ip_core_1). Large setup violations at the end of those stages might be difficult to fix during the post-placement implementation flow and could be the result of non-optimal XDC constraints or non-optimal design architecture
Related violations: <none>

TIMING-16#433 Warning
Large setup violation  
There is a large setup violation of -6.244 ns between design_final_i/vga_0/U0/vga_instance/AXI_Stream_FIFO_inst/read_pointer_reg[1]_replica/C (clocked by clk_out1_design_final_clk_wiz_1_0) and design_final_i/vga_0/U0/vga_instance/display_image_inst/image_inst/use_image/RAM_reg_0_63_6_8/RAMA/WADR0 (clocked by clk_ip_out_clk_ip_core_1). Large setup violations at the end of those stages might be difficult to fix during the post-placement implementation flow and could be the result of non-optimal XDC constraints or non-optimal design architecture
Related violations: <none>

TIMING-16#434 Warning
Large setup violation  
There is a large setup violation of -6.244 ns between design_final_i/vga_0/U0/vga_instance/AXI_Stream_FIFO_inst/read_pointer_reg[1]_replica/C (clocked by clk_out1_design_final_clk_wiz_1_0) and design_final_i/vga_0/U0/vga_instance/display_image_inst/image_inst/use_image/RAM_reg_0_63_6_8/RAMB/WADR0 (clocked by clk_ip_out_clk_ip_core_1). Large setup violations at the end of those stages might be difficult to fix during the post-placement implementation flow and could be the result of non-optimal XDC constraints or non-optimal design architecture
Related violations: <none>

TIMING-16#435 Warning
Large setup violation  
There is a large setup violation of -6.244 ns between design_final_i/vga_0/U0/vga_instance/AXI_Stream_FIFO_inst/read_pointer_reg[1]_replica/C (clocked by clk_out1_design_final_clk_wiz_1_0) and design_final_i/vga_0/U0/vga_instance/display_image_inst/image_inst/use_image/RAM_reg_0_63_6_8/RAMC/WADR0 (clocked by clk_ip_out_clk_ip_core_1). Large setup violations at the end of those stages might be difficult to fix during the post-placement implementation flow and could be the result of non-optimal XDC constraints or non-optimal design architecture
Related violations: <none>

TIMING-16#436 Warning
Large setup violation  
There is a large setup violation of -6.244 ns between design_final_i/vga_0/U0/vga_instance/AXI_Stream_FIFO_inst/read_pointer_reg[1]_replica/C (clocked by clk_out1_design_final_clk_wiz_1_0) and design_final_i/vga_0/U0/vga_instance/display_image_inst/image_inst/use_image/RAM_reg_0_63_6_8/RAMD/WADR0 (clocked by clk_ip_out_clk_ip_core_1). Large setup violations at the end of those stages might be difficult to fix during the post-placement implementation flow and could be the result of non-optimal XDC constraints or non-optimal design architecture
Related violations: <none>

TIMING-16#437 Warning
Large setup violation  
There is a large setup violation of -6.249 ns between design_final_i/vga_0/U0/vga_instance/AXI_Stream_FIFO_inst/read_pointer_reg[1]_replica/C (clocked by clk_out1_design_final_clk_wiz_1_0) and design_final_i/vga_0/U0/vga_instance/display_image_inst/image_inst/use_image/RAM_reg_192_255_3_5/RAMA/WADR0 (clocked by clk_ip_out_clk_ip_core_1). Large setup violations at the end of those stages might be difficult to fix during the post-placement implementation flow and could be the result of non-optimal XDC constraints or non-optimal design architecture
Related violations: <none>

TIMING-16#438 Warning
Large setup violation  
There is a large setup violation of -6.249 ns between design_final_i/vga_0/U0/vga_instance/AXI_Stream_FIFO_inst/read_pointer_reg[1]_replica/C (clocked by clk_out1_design_final_clk_wiz_1_0) and design_final_i/vga_0/U0/vga_instance/display_image_inst/image_inst/use_image/RAM_reg_192_255_3_5/RAMB/WADR0 (clocked by clk_ip_out_clk_ip_core_1). Large setup violations at the end of those stages might be difficult to fix during the post-placement implementation flow and could be the result of non-optimal XDC constraints or non-optimal design architecture
Related violations: <none>

TIMING-16#439 Warning
Large setup violation  
There is a large setup violation of -6.249 ns between design_final_i/vga_0/U0/vga_instance/AXI_Stream_FIFO_inst/read_pointer_reg[1]_replica/C (clocked by clk_out1_design_final_clk_wiz_1_0) and design_final_i/vga_0/U0/vga_instance/display_image_inst/image_inst/use_image/RAM_reg_192_255_3_5/RAMC/WADR0 (clocked by clk_ip_out_clk_ip_core_1). Large setup violations at the end of those stages might be difficult to fix during the post-placement implementation flow and could be the result of non-optimal XDC constraints or non-optimal design architecture
Related violations: <none>

TIMING-16#440 Warning
Large setup violation  
There is a large setup violation of -6.249 ns between design_final_i/vga_0/U0/vga_instance/AXI_Stream_FIFO_inst/read_pointer_reg[1]_replica/C (clocked by clk_out1_design_final_clk_wiz_1_0) and design_final_i/vga_0/U0/vga_instance/display_image_inst/image_inst/use_image/RAM_reg_192_255_3_5/RAMD/WADR0 (clocked by clk_ip_out_clk_ip_core_1). Large setup violations at the end of those stages might be difficult to fix during the post-placement implementation flow and could be the result of non-optimal XDC constraints or non-optimal design architecture
Related violations: <none>

TIMING-16#441 Warning
Large setup violation  
There is a large setup violation of -6.251 ns between design_final_i/vga_0/U0/vga_instance/AXI_Stream_FIFO_inst/read_pointer_reg[0]/C (clocked by clk_out1_design_final_clk_wiz_1_0) and design_final_i/vga_0/U0/vga_instance/display_image_inst/image_inst/use_image/RAM_reg_192_255_9_11/RAMA/WADR3 (clocked by clk_ip_out_clk_ip_core_1). Large setup violations at the end of those stages might be difficult to fix during the post-placement implementation flow and could be the result of non-optimal XDC constraints or non-optimal design architecture
Related violations: <none>

TIMING-16#442 Warning
Large setup violation  
There is a large setup violation of -6.251 ns between design_final_i/vga_0/U0/vga_instance/AXI_Stream_FIFO_inst/read_pointer_reg[0]/C (clocked by clk_out1_design_final_clk_wiz_1_0) and design_final_i/vga_0/U0/vga_instance/display_image_inst/image_inst/use_image/RAM_reg_192_255_9_11/RAMB/WADR3 (clocked by clk_ip_out_clk_ip_core_1). Large setup violations at the end of those stages might be difficult to fix during the post-placement implementation flow and could be the result of non-optimal XDC constraints or non-optimal design architecture
Related violations: <none>

TIMING-16#443 Warning
Large setup violation  
There is a large setup violation of -6.251 ns between design_final_i/vga_0/U0/vga_instance/AXI_Stream_FIFO_inst/read_pointer_reg[0]/C (clocked by clk_out1_design_final_clk_wiz_1_0) and design_final_i/vga_0/U0/vga_instance/display_image_inst/image_inst/use_image/RAM_reg_192_255_9_11/RAMC/WADR3 (clocked by clk_ip_out_clk_ip_core_1). Large setup violations at the end of those stages might be difficult to fix during the post-placement implementation flow and could be the result of non-optimal XDC constraints or non-optimal design architecture
Related violations: <none>

TIMING-16#444 Warning
Large setup violation  
There is a large setup violation of -6.251 ns between design_final_i/vga_0/U0/vga_instance/AXI_Stream_FIFO_inst/read_pointer_reg[0]/C (clocked by clk_out1_design_final_clk_wiz_1_0) and design_final_i/vga_0/U0/vga_instance/display_image_inst/image_inst/use_image/RAM_reg_192_255_9_11/RAMD/WADR3 (clocked by clk_ip_out_clk_ip_core_1). Large setup violations at the end of those stages might be difficult to fix during the post-placement implementation flow and could be the result of non-optimal XDC constraints or non-optimal design architecture
Related violations: <none>

TIMING-16#445 Warning
Large setup violation  
There is a large setup violation of -6.251 ns between design_final_i/vga_0/U0/vga_instance/AXI_Stream_FIFO_inst/read_pointer_reg[0]/C (clocked by clk_out1_design_final_clk_wiz_1_0) and design_final_i/vga_0/U0/vga_instance/display_image_inst/image_inst/use_image/RAM_reg_64_127_0_2/RAMA/WADR3 (clocked by clk_ip_out_clk_ip_core_1). Large setup violations at the end of those stages might be difficult to fix during the post-placement implementation flow and could be the result of non-optimal XDC constraints or non-optimal design architecture
Related violations: <none>

TIMING-16#446 Warning
Large setup violation  
There is a large setup violation of -6.251 ns between design_final_i/vga_0/U0/vga_instance/AXI_Stream_FIFO_inst/read_pointer_reg[0]/C (clocked by clk_out1_design_final_clk_wiz_1_0) and design_final_i/vga_0/U0/vga_instance/display_image_inst/image_inst/use_image/RAM_reg_64_127_0_2/RAMB/WADR3 (clocked by clk_ip_out_clk_ip_core_1). Large setup violations at the end of those stages might be difficult to fix during the post-placement implementation flow and could be the result of non-optimal XDC constraints or non-optimal design architecture
Related violations: <none>

TIMING-16#447 Warning
Large setup violation  
There is a large setup violation of -6.251 ns between design_final_i/vga_0/U0/vga_instance/AXI_Stream_FIFO_inst/read_pointer_reg[0]/C (clocked by clk_out1_design_final_clk_wiz_1_0) and design_final_i/vga_0/U0/vga_instance/display_image_inst/image_inst/use_image/RAM_reg_64_127_0_2/RAMC/WADR3 (clocked by clk_ip_out_clk_ip_core_1). Large setup violations at the end of those stages might be difficult to fix during the post-placement implementation flow and could be the result of non-optimal XDC constraints or non-optimal design architecture
Related violations: <none>

TIMING-16#448 Warning
Large setup violation  
There is a large setup violation of -6.251 ns between design_final_i/vga_0/U0/vga_instance/AXI_Stream_FIFO_inst/read_pointer_reg[0]/C (clocked by clk_out1_design_final_clk_wiz_1_0) and design_final_i/vga_0/U0/vga_instance/display_image_inst/image_inst/use_image/RAM_reg_64_127_0_2/RAMD/WADR3 (clocked by clk_ip_out_clk_ip_core_1). Large setup violations at the end of those stages might be difficult to fix during the post-placement implementation flow and could be the result of non-optimal XDC constraints or non-optimal design architecture
Related violations: <none>

TIMING-16#449 Warning
Large setup violation  
There is a large setup violation of -6.251 ns between design_final_i/vga_0/U0/vga_instance/AXI_Stream_FIFO_inst/read_pointer_reg[3]/C (clocked by clk_out1_design_final_clk_wiz_1_0) and design_final_i/vga_0/U0/vga_instance/display_image_inst/image_inst/use_image/RAM_reg_192_255_3_5/RAMA/WE (clocked by clk_ip_out_clk_ip_core_1). Large setup violations at the end of those stages might be difficult to fix during the post-placement implementation flow and could be the result of non-optimal XDC constraints or non-optimal design architecture
Related violations: <none>

TIMING-16#450 Warning
Large setup violation  
There is a large setup violation of -6.251 ns between design_final_i/vga_0/U0/vga_instance/AXI_Stream_FIFO_inst/read_pointer_reg[3]/C (clocked by clk_out1_design_final_clk_wiz_1_0) and design_final_i/vga_0/U0/vga_instance/display_image_inst/image_inst/use_image/RAM_reg_192_255_3_5/RAMB/WE (clocked by clk_ip_out_clk_ip_core_1). Large setup violations at the end of those stages might be difficult to fix during the post-placement implementation flow and could be the result of non-optimal XDC constraints or non-optimal design architecture
Related violations: <none>

TIMING-16#451 Warning
Large setup violation  
There is a large setup violation of -6.251 ns between design_final_i/vga_0/U0/vga_instance/AXI_Stream_FIFO_inst/read_pointer_reg[3]/C (clocked by clk_out1_design_final_clk_wiz_1_0) and design_final_i/vga_0/U0/vga_instance/display_image_inst/image_inst/use_image/RAM_reg_192_255_3_5/RAMC/WE (clocked by clk_ip_out_clk_ip_core_1). Large setup violations at the end of those stages might be difficult to fix during the post-placement implementation flow and could be the result of non-optimal XDC constraints or non-optimal design architecture
Related violations: <none>

TIMING-16#452 Warning
Large setup violation  
There is a large setup violation of -6.251 ns between design_final_i/vga_0/U0/vga_instance/AXI_Stream_FIFO_inst/read_pointer_reg[3]/C (clocked by clk_out1_design_final_clk_wiz_1_0) and design_final_i/vga_0/U0/vga_instance/display_image_inst/image_inst/use_image/RAM_reg_192_255_3_5/RAMD/WE (clocked by clk_ip_out_clk_ip_core_1). Large setup violations at the end of those stages might be difficult to fix during the post-placement implementation flow and could be the result of non-optimal XDC constraints or non-optimal design architecture
Related violations: <none>

TIMING-16#453 Warning
Large setup violation  
There is a large setup violation of -6.259 ns between design_final_i/vga_0/U0/vga_instance/AXI_Stream_FIFO_inst/read_pointer_reg[0]/C (clocked by clk_out1_design_final_clk_wiz_1_0) and design_final_i/vga_0/U0/vga_instance/display_image_inst/image_inst/use_image/RAM_reg_0_63_3_5/RAMA/WADR3 (clocked by clk_ip_out_clk_ip_core_1). Large setup violations at the end of those stages might be difficult to fix during the post-placement implementation flow and could be the result of non-optimal XDC constraints or non-optimal design architecture
Related violations: <none>

TIMING-16#454 Warning
Large setup violation  
There is a large setup violation of -6.259 ns between design_final_i/vga_0/U0/vga_instance/AXI_Stream_FIFO_inst/read_pointer_reg[0]/C (clocked by clk_out1_design_final_clk_wiz_1_0) and design_final_i/vga_0/U0/vga_instance/display_image_inst/image_inst/use_image/RAM_reg_0_63_3_5/RAMB/WADR3 (clocked by clk_ip_out_clk_ip_core_1). Large setup violations at the end of those stages might be difficult to fix during the post-placement implementation flow and could be the result of non-optimal XDC constraints or non-optimal design architecture
Related violations: <none>

TIMING-16#455 Warning
Large setup violation  
There is a large setup violation of -6.259 ns between design_final_i/vga_0/U0/vga_instance/AXI_Stream_FIFO_inst/read_pointer_reg[0]/C (clocked by clk_out1_design_final_clk_wiz_1_0) and design_final_i/vga_0/U0/vga_instance/display_image_inst/image_inst/use_image/RAM_reg_0_63_3_5/RAMC/WADR3 (clocked by clk_ip_out_clk_ip_core_1). Large setup violations at the end of those stages might be difficult to fix during the post-placement implementation flow and could be the result of non-optimal XDC constraints or non-optimal design architecture
Related violations: <none>

TIMING-16#456 Warning
Large setup violation  
There is a large setup violation of -6.259 ns between design_final_i/vga_0/U0/vga_instance/AXI_Stream_FIFO_inst/read_pointer_reg[0]/C (clocked by clk_out1_design_final_clk_wiz_1_0) and design_final_i/vga_0/U0/vga_instance/display_image_inst/image_inst/use_image/RAM_reg_0_63_3_5/RAMD/WADR3 (clocked by clk_ip_out_clk_ip_core_1). Large setup violations at the end of those stages might be difficult to fix during the post-placement implementation flow and could be the result of non-optimal XDC constraints or non-optimal design architecture
Related violations: <none>

TIMING-16#457 Warning
Large setup violation  
There is a large setup violation of -6.259 ns between design_final_i/vga_0/U0/vga_instance/AXI_Stream_FIFO_inst/read_pointer_reg[0]/C (clocked by clk_out1_design_final_clk_wiz_1_0) and design_final_i/vga_0/U0/vga_instance/display_image_inst/image_inst/use_image/RAM_reg_64_127_3_5/RAMA/WADR3 (clocked by clk_ip_out_clk_ip_core_1). Large setup violations at the end of those stages might be difficult to fix during the post-placement implementation flow and could be the result of non-optimal XDC constraints or non-optimal design architecture
Related violations: <none>

TIMING-16#458 Warning
Large setup violation  
There is a large setup violation of -6.259 ns between design_final_i/vga_0/U0/vga_instance/AXI_Stream_FIFO_inst/read_pointer_reg[0]/C (clocked by clk_out1_design_final_clk_wiz_1_0) and design_final_i/vga_0/U0/vga_instance/display_image_inst/image_inst/use_image/RAM_reg_64_127_3_5/RAMB/WADR3 (clocked by clk_ip_out_clk_ip_core_1). Large setup violations at the end of those stages might be difficult to fix during the post-placement implementation flow and could be the result of non-optimal XDC constraints or non-optimal design architecture
Related violations: <none>

TIMING-16#459 Warning
Large setup violation  
There is a large setup violation of -6.259 ns between design_final_i/vga_0/U0/vga_instance/AXI_Stream_FIFO_inst/read_pointer_reg[0]/C (clocked by clk_out1_design_final_clk_wiz_1_0) and design_final_i/vga_0/U0/vga_instance/display_image_inst/image_inst/use_image/RAM_reg_64_127_3_5/RAMC/WADR3 (clocked by clk_ip_out_clk_ip_core_1). Large setup violations at the end of those stages might be difficult to fix during the post-placement implementation flow and could be the result of non-optimal XDC constraints or non-optimal design architecture
Related violations: <none>

TIMING-16#460 Warning
Large setup violation  
There is a large setup violation of -6.259 ns between design_final_i/vga_0/U0/vga_instance/AXI_Stream_FIFO_inst/read_pointer_reg[0]/C (clocked by clk_out1_design_final_clk_wiz_1_0) and design_final_i/vga_0/U0/vga_instance/display_image_inst/image_inst/use_image/RAM_reg_64_127_3_5/RAMD/WADR3 (clocked by clk_ip_out_clk_ip_core_1). Large setup violations at the end of those stages might be difficult to fix during the post-placement implementation flow and could be the result of non-optimal XDC constraints or non-optimal design architecture
Related violations: <none>

TIMING-16#461 Warning
Large setup violation  
There is a large setup violation of -6.265 ns between design_final_i/vga_0/U0/vga_instance/AXI_Stream_FIFO_inst/read_pointer_reg[3]/C (clocked by clk_out1_design_final_clk_wiz_1_0) and design_final_i/vga_0/U0/vga_instance/display_image_inst/image_inst/use_image/RAM_reg_192_255_0_2/RAMA/WE (clocked by clk_ip_out_clk_ip_core_1). Large setup violations at the end of those stages might be difficult to fix during the post-placement implementation flow and could be the result of non-optimal XDC constraints or non-optimal design architecture
Related violations: <none>

TIMING-16#462 Warning
Large setup violation  
There is a large setup violation of -6.265 ns between design_final_i/vga_0/U0/vga_instance/AXI_Stream_FIFO_inst/read_pointer_reg[3]/C (clocked by clk_out1_design_final_clk_wiz_1_0) and design_final_i/vga_0/U0/vga_instance/display_image_inst/image_inst/use_image/RAM_reg_192_255_0_2/RAMB/WE (clocked by clk_ip_out_clk_ip_core_1). Large setup violations at the end of those stages might be difficult to fix during the post-placement implementation flow and could be the result of non-optimal XDC constraints or non-optimal design architecture
Related violations: <none>

TIMING-16#463 Warning
Large setup violation  
There is a large setup violation of -6.265 ns between design_final_i/vga_0/U0/vga_instance/AXI_Stream_FIFO_inst/read_pointer_reg[3]/C (clocked by clk_out1_design_final_clk_wiz_1_0) and design_final_i/vga_0/U0/vga_instance/display_image_inst/image_inst/use_image/RAM_reg_192_255_0_2/RAMC/WE (clocked by clk_ip_out_clk_ip_core_1). Large setup violations at the end of those stages might be difficult to fix during the post-placement implementation flow and could be the result of non-optimal XDC constraints or non-optimal design architecture
Related violations: <none>

TIMING-16#464 Warning
Large setup violation  
There is a large setup violation of -6.265 ns between design_final_i/vga_0/U0/vga_instance/AXI_Stream_FIFO_inst/read_pointer_reg[3]/C (clocked by clk_out1_design_final_clk_wiz_1_0) and design_final_i/vga_0/U0/vga_instance/display_image_inst/image_inst/use_image/RAM_reg_192_255_0_2/RAMD/WE (clocked by clk_ip_out_clk_ip_core_1). Large setup violations at the end of those stages might be difficult to fix during the post-placement implementation flow and could be the result of non-optimal XDC constraints or non-optimal design architecture
Related violations: <none>

TIMING-16#465 Warning
Large setup violation  
There is a large setup violation of -6.276 ns between design_final_i/vga_0/U0/vga_instance/AXI_Stream_FIFO_inst/read_pointer_reg[0]/C (clocked by clk_out1_design_final_clk_wiz_1_0) and design_final_i/vga_0/U0/vga_instance/display_image_inst/image_inst/use_image/RAM_reg_0_63_9_11/RAMA/WADR3 (clocked by clk_ip_out_clk_ip_core_1). Large setup violations at the end of those stages might be difficult to fix during the post-placement implementation flow and could be the result of non-optimal XDC constraints or non-optimal design architecture
Related violations: <none>

TIMING-16#466 Warning
Large setup violation  
There is a large setup violation of -6.276 ns between design_final_i/vga_0/U0/vga_instance/AXI_Stream_FIFO_inst/read_pointer_reg[0]/C (clocked by clk_out1_design_final_clk_wiz_1_0) and design_final_i/vga_0/U0/vga_instance/display_image_inst/image_inst/use_image/RAM_reg_0_63_9_11/RAMB/WADR3 (clocked by clk_ip_out_clk_ip_core_1). Large setup violations at the end of those stages might be difficult to fix during the post-placement implementation flow and could be the result of non-optimal XDC constraints or non-optimal design architecture
Related violations: <none>

TIMING-16#467 Warning
Large setup violation  
There is a large setup violation of -6.276 ns between design_final_i/vga_0/U0/vga_instance/AXI_Stream_FIFO_inst/read_pointer_reg[0]/C (clocked by clk_out1_design_final_clk_wiz_1_0) and design_final_i/vga_0/U0/vga_instance/display_image_inst/image_inst/use_image/RAM_reg_0_63_9_11/RAMC/WADR3 (clocked by clk_ip_out_clk_ip_core_1). Large setup violations at the end of those stages might be difficult to fix during the post-placement implementation flow and could be the result of non-optimal XDC constraints or non-optimal design architecture
Related violations: <none>

TIMING-16#468 Warning
Large setup violation  
There is a large setup violation of -6.276 ns between design_final_i/vga_0/U0/vga_instance/AXI_Stream_FIFO_inst/read_pointer_reg[0]/C (clocked by clk_out1_design_final_clk_wiz_1_0) and design_final_i/vga_0/U0/vga_instance/display_image_inst/image_inst/use_image/RAM_reg_0_63_9_11/RAMD/WADR3 (clocked by clk_ip_out_clk_ip_core_1). Large setup violations at the end of those stages might be difficult to fix during the post-placement implementation flow and could be the result of non-optimal XDC constraints or non-optimal design architecture
Related violations: <none>

TIMING-16#469 Warning
Large setup violation  
There is a large setup violation of -6.292 ns between design_final_i/vga_0/U0/vga_instance/AXI_Stream_FIFO_inst/read_pointer_reg[3]/C (clocked by clk_out1_design_final_clk_wiz_1_0) and design_final_i/vga_0/U0/vga_instance/display_image_inst/image_inst/use_image/RAM_reg_128_191_3_5/RAMA/WE (clocked by clk_ip_out_clk_ip_core_1). Large setup violations at the end of those stages might be difficult to fix during the post-placement implementation flow and could be the result of non-optimal XDC constraints or non-optimal design architecture
Related violations: <none>

TIMING-16#470 Warning
Large setup violation  
There is a large setup violation of -6.292 ns between design_final_i/vga_0/U0/vga_instance/AXI_Stream_FIFO_inst/read_pointer_reg[3]/C (clocked by clk_out1_design_final_clk_wiz_1_0) and design_final_i/vga_0/U0/vga_instance/display_image_inst/image_inst/use_image/RAM_reg_128_191_3_5/RAMB/WE (clocked by clk_ip_out_clk_ip_core_1). Large setup violations at the end of those stages might be difficult to fix during the post-placement implementation flow and could be the result of non-optimal XDC constraints or non-optimal design architecture
Related violations: <none>

TIMING-16#471 Warning
Large setup violation  
There is a large setup violation of -6.292 ns between design_final_i/vga_0/U0/vga_instance/AXI_Stream_FIFO_inst/read_pointer_reg[3]/C (clocked by clk_out1_design_final_clk_wiz_1_0) and design_final_i/vga_0/U0/vga_instance/display_image_inst/image_inst/use_image/RAM_reg_128_191_3_5/RAMC/WE (clocked by clk_ip_out_clk_ip_core_1). Large setup violations at the end of those stages might be difficult to fix during the post-placement implementation flow and could be the result of non-optimal XDC constraints or non-optimal design architecture
Related violations: <none>

TIMING-16#472 Warning
Large setup violation  
There is a large setup violation of -6.292 ns between design_final_i/vga_0/U0/vga_instance/AXI_Stream_FIFO_inst/read_pointer_reg[3]/C (clocked by clk_out1_design_final_clk_wiz_1_0) and design_final_i/vga_0/U0/vga_instance/display_image_inst/image_inst/use_image/RAM_reg_128_191_3_5/RAMD/WE (clocked by clk_ip_out_clk_ip_core_1). Large setup violations at the end of those stages might be difficult to fix during the post-placement implementation flow and could be the result of non-optimal XDC constraints or non-optimal design architecture
Related violations: <none>

TIMING-16#473 Warning
Large setup violation  
There is a large setup violation of -6.331 ns between design_final_i/vga_0/U0/vga_instance/AXI_Stream_FIFO_inst/read_pointer_reg[3]/C (clocked by clk_out1_design_final_clk_wiz_1_0) and design_final_i/vga_0/U0/vga_instance/display_image_inst/image_inst/use_image/RAM_reg_0_63_9_11/RAMA/WE (clocked by clk_ip_out_clk_ip_core_1). Large setup violations at the end of those stages might be difficult to fix during the post-placement implementation flow and could be the result of non-optimal XDC constraints or non-optimal design architecture
Related violations: <none>

TIMING-16#474 Warning
Large setup violation  
There is a large setup violation of -6.331 ns between design_final_i/vga_0/U0/vga_instance/AXI_Stream_FIFO_inst/read_pointer_reg[3]/C (clocked by clk_out1_design_final_clk_wiz_1_0) and design_final_i/vga_0/U0/vga_instance/display_image_inst/image_inst/use_image/RAM_reg_0_63_9_11/RAMB/WE (clocked by clk_ip_out_clk_ip_core_1). Large setup violations at the end of those stages might be difficult to fix during the post-placement implementation flow and could be the result of non-optimal XDC constraints or non-optimal design architecture
Related violations: <none>

TIMING-16#475 Warning
Large setup violation  
There is a large setup violation of -6.331 ns between design_final_i/vga_0/U0/vga_instance/AXI_Stream_FIFO_inst/read_pointer_reg[3]/C (clocked by clk_out1_design_final_clk_wiz_1_0) and design_final_i/vga_0/U0/vga_instance/display_image_inst/image_inst/use_image/RAM_reg_0_63_9_11/RAMC/WE (clocked by clk_ip_out_clk_ip_core_1). Large setup violations at the end of those stages might be difficult to fix during the post-placement implementation flow and could be the result of non-optimal XDC constraints or non-optimal design architecture
Related violations: <none>

TIMING-16#476 Warning
Large setup violation  
There is a large setup violation of -6.331 ns between design_final_i/vga_0/U0/vga_instance/AXI_Stream_FIFO_inst/read_pointer_reg[3]/C (clocked by clk_out1_design_final_clk_wiz_1_0) and design_final_i/vga_0/U0/vga_instance/display_image_inst/image_inst/use_image/RAM_reg_0_63_9_11/RAMD/WE (clocked by clk_ip_out_clk_ip_core_1). Large setup violations at the end of those stages might be difficult to fix during the post-placement implementation flow and could be the result of non-optimal XDC constraints or non-optimal design architecture
Related violations: <none>

TIMING-16#477 Warning
Large setup violation  
There is a large setup violation of -6.364 ns between design_final_i/vga_0/U0/vga_instance/AXI_Stream_FIFO_inst/read_pointer_reg[3]/C (clocked by clk_out1_design_final_clk_wiz_1_0) and design_final_i/vga_0/U0/vga_instance/display_image_inst/image_inst/use_image/RAM_reg_128_191_6_8/RAMA/WE (clocked by clk_ip_out_clk_ip_core_1). Large setup violations at the end of those stages might be difficult to fix during the post-placement implementation flow and could be the result of non-optimal XDC constraints or non-optimal design architecture
Related violations: <none>

TIMING-16#478 Warning
Large setup violation  
There is a large setup violation of -6.364 ns between design_final_i/vga_0/U0/vga_instance/AXI_Stream_FIFO_inst/read_pointer_reg[3]/C (clocked by clk_out1_design_final_clk_wiz_1_0) and design_final_i/vga_0/U0/vga_instance/display_image_inst/image_inst/use_image/RAM_reg_128_191_6_8/RAMB/WE (clocked by clk_ip_out_clk_ip_core_1). Large setup violations at the end of those stages might be difficult to fix during the post-placement implementation flow and could be the result of non-optimal XDC constraints or non-optimal design architecture
Related violations: <none>

TIMING-16#479 Warning
Large setup violation  
There is a large setup violation of -6.364 ns between design_final_i/vga_0/U0/vga_instance/AXI_Stream_FIFO_inst/read_pointer_reg[3]/C (clocked by clk_out1_design_final_clk_wiz_1_0) and design_final_i/vga_0/U0/vga_instance/display_image_inst/image_inst/use_image/RAM_reg_128_191_6_8/RAMC/WE (clocked by clk_ip_out_clk_ip_core_1). Large setup violations at the end of those stages might be difficult to fix during the post-placement implementation flow and could be the result of non-optimal XDC constraints or non-optimal design architecture
Related violations: <none>

TIMING-16#480 Warning
Large setup violation  
There is a large setup violation of -6.364 ns between design_final_i/vga_0/U0/vga_instance/AXI_Stream_FIFO_inst/read_pointer_reg[3]/C (clocked by clk_out1_design_final_clk_wiz_1_0) and design_final_i/vga_0/U0/vga_instance/display_image_inst/image_inst/use_image/RAM_reg_128_191_6_8/RAMD/WE (clocked by clk_ip_out_clk_ip_core_1). Large setup violations at the end of those stages might be difficult to fix during the post-placement implementation flow and could be the result of non-optimal XDC constraints or non-optimal design architecture
Related violations: <none>

TIMING-16#481 Warning
Large setup violation  
There is a large setup violation of -6.400 ns between design_final_i/vga_0/U0/vga_instance/AXI_Stream_FIFO_inst/read_pointer_reg[1]_replica/C (clocked by clk_out1_design_final_clk_wiz_1_0) and design_final_i/vga_0/U0/vga_instance/display_image_inst/image_inst/use_image/RAM_reg_0_63_9_11/RAMA/WADR0 (clocked by clk_ip_out_clk_ip_core_1). Large setup violations at the end of those stages might be difficult to fix during the post-placement implementation flow and could be the result of non-optimal XDC constraints or non-optimal design architecture
Related violations: <none>

TIMING-16#482 Warning
Large setup violation  
There is a large setup violation of -6.400 ns between design_final_i/vga_0/U0/vga_instance/AXI_Stream_FIFO_inst/read_pointer_reg[1]_replica/C (clocked by clk_out1_design_final_clk_wiz_1_0) and design_final_i/vga_0/U0/vga_instance/display_image_inst/image_inst/use_image/RAM_reg_0_63_9_11/RAMB/WADR0 (clocked by clk_ip_out_clk_ip_core_1). Large setup violations at the end of those stages might be difficult to fix during the post-placement implementation flow and could be the result of non-optimal XDC constraints or non-optimal design architecture
Related violations: <none>

TIMING-16#483 Warning
Large setup violation  
There is a large setup violation of -6.400 ns between design_final_i/vga_0/U0/vga_instance/AXI_Stream_FIFO_inst/read_pointer_reg[1]_replica/C (clocked by clk_out1_design_final_clk_wiz_1_0) and design_final_i/vga_0/U0/vga_instance/display_image_inst/image_inst/use_image/RAM_reg_0_63_9_11/RAMC/WADR0 (clocked by clk_ip_out_clk_ip_core_1). Large setup violations at the end of those stages might be difficult to fix during the post-placement implementation flow and could be the result of non-optimal XDC constraints or non-optimal design architecture
Related violations: <none>

TIMING-16#484 Warning
Large setup violation  
There is a large setup violation of -6.400 ns between design_final_i/vga_0/U0/vga_instance/AXI_Stream_FIFO_inst/read_pointer_reg[1]_replica/C (clocked by clk_out1_design_final_clk_wiz_1_0) and design_final_i/vga_0/U0/vga_instance/display_image_inst/image_inst/use_image/RAM_reg_0_63_9_11/RAMD/WADR0 (clocked by clk_ip_out_clk_ip_core_1). Large setup violations at the end of those stages might be difficult to fix during the post-placement implementation flow and could be the result of non-optimal XDC constraints or non-optimal design architecture
Related violations: <none>

TIMING-16#485 Warning
Large setup violation  
There is a large setup violation of -6.470 ns between design_final_i/vga_0/U0/vga_instance/AXI_Stream_FIFO_inst/read_pointer_reg[3]/C (clocked by clk_out1_design_final_clk_wiz_1_0) and design_final_i/vga_0/U0/vga_instance/display_image_inst/image_inst/use_image/RAM_reg_0_63_3_5/RAMA/WE (clocked by clk_ip_out_clk_ip_core_1). Large setup violations at the end of those stages might be difficult to fix during the post-placement implementation flow and could be the result of non-optimal XDC constraints or non-optimal design architecture
Related violations: <none>

TIMING-16#486 Warning
Large setup violation  
There is a large setup violation of -6.470 ns between design_final_i/vga_0/U0/vga_instance/AXI_Stream_FIFO_inst/read_pointer_reg[3]/C (clocked by clk_out1_design_final_clk_wiz_1_0) and design_final_i/vga_0/U0/vga_instance/display_image_inst/image_inst/use_image/RAM_reg_0_63_3_5/RAMB/WE (clocked by clk_ip_out_clk_ip_core_1). Large setup violations at the end of those stages might be difficult to fix during the post-placement implementation flow and could be the result of non-optimal XDC constraints or non-optimal design architecture
Related violations: <none>

TIMING-16#487 Warning
Large setup violation  
There is a large setup violation of -6.470 ns between design_final_i/vga_0/U0/vga_instance/AXI_Stream_FIFO_inst/read_pointer_reg[3]/C (clocked by clk_out1_design_final_clk_wiz_1_0) and design_final_i/vga_0/U0/vga_instance/display_image_inst/image_inst/use_image/RAM_reg_0_63_3_5/RAMC/WE (clocked by clk_ip_out_clk_ip_core_1). Large setup violations at the end of those stages might be difficult to fix during the post-placement implementation flow and could be the result of non-optimal XDC constraints or non-optimal design architecture
Related violations: <none>

TIMING-16#488 Warning
Large setup violation  
There is a large setup violation of -6.470 ns between design_final_i/vga_0/U0/vga_instance/AXI_Stream_FIFO_inst/read_pointer_reg[3]/C (clocked by clk_out1_design_final_clk_wiz_1_0) and design_final_i/vga_0/U0/vga_instance/display_image_inst/image_inst/use_image/RAM_reg_0_63_3_5/RAMD/WE (clocked by clk_ip_out_clk_ip_core_1). Large setup violations at the end of those stages might be difficult to fix during the post-placement implementation flow and could be the result of non-optimal XDC constraints or non-optimal design architecture
Related violations: <none>

TIMING-16#489 Warning
Large setup violation  
There is a large setup violation of -6.541 ns between design_final_i/vga_0/U0/vga_instance/AXI_Stream_FIFO_inst/read_pointer_reg[3]/C (clocked by clk_out1_design_final_clk_wiz_1_0) and design_final_i/vga_0/U0/vga_instance/display_image_inst/image_inst/use_image/RAM_reg_128_191_9_11/RAMA/WE (clocked by clk_ip_out_clk_ip_core_1). Large setup violations at the end of those stages might be difficult to fix during the post-placement implementation flow and could be the result of non-optimal XDC constraints or non-optimal design architecture
Related violations: <none>

TIMING-16#490 Warning
Large setup violation  
There is a large setup violation of -6.541 ns between design_final_i/vga_0/U0/vga_instance/AXI_Stream_FIFO_inst/read_pointer_reg[3]/C (clocked by clk_out1_design_final_clk_wiz_1_0) and design_final_i/vga_0/U0/vga_instance/display_image_inst/image_inst/use_image/RAM_reg_128_191_9_11/RAMB/WE (clocked by clk_ip_out_clk_ip_core_1). Large setup violations at the end of those stages might be difficult to fix during the post-placement implementation flow and could be the result of non-optimal XDC constraints or non-optimal design architecture
Related violations: <none>

TIMING-16#491 Warning
Large setup violation  
There is a large setup violation of -6.541 ns between design_final_i/vga_0/U0/vga_instance/AXI_Stream_FIFO_inst/read_pointer_reg[3]/C (clocked by clk_out1_design_final_clk_wiz_1_0) and design_final_i/vga_0/U0/vga_instance/display_image_inst/image_inst/use_image/RAM_reg_128_191_9_11/RAMC/WE (clocked by clk_ip_out_clk_ip_core_1). Large setup violations at the end of those stages might be difficult to fix during the post-placement implementation flow and could be the result of non-optimal XDC constraints or non-optimal design architecture
Related violations: <none>

TIMING-16#492 Warning
Large setup violation  
There is a large setup violation of -6.541 ns between design_final_i/vga_0/U0/vga_instance/AXI_Stream_FIFO_inst/read_pointer_reg[3]/C (clocked by clk_out1_design_final_clk_wiz_1_0) and design_final_i/vga_0/U0/vga_instance/display_image_inst/image_inst/use_image/RAM_reg_128_191_9_11/RAMD/WE (clocked by clk_ip_out_clk_ip_core_1). Large setup violations at the end of those stages might be difficult to fix during the post-placement implementation flow and could be the result of non-optimal XDC constraints or non-optimal design architecture
Related violations: <none>

TIMING-16#493 Warning
Large setup violation  
There is a large setup violation of -6.735 ns between design_final_i/vga_0/U0/vga_instance/AXI_Stream_FIFO_inst/read_pointer_reg[3]/C (clocked by clk_out1_design_final_clk_wiz_1_0) and design_final_i/vga_0/U0/vga_instance/display_image_inst/image_inst/use_image/RAM_reg_128_191_0_2/RAMA/WE (clocked by clk_ip_out_clk_ip_core_1). Large setup violations at the end of those stages might be difficult to fix during the post-placement implementation flow and could be the result of non-optimal XDC constraints or non-optimal design architecture
Related violations: <none>

TIMING-16#494 Warning
Large setup violation  
There is a large setup violation of -6.735 ns between design_final_i/vga_0/U0/vga_instance/AXI_Stream_FIFO_inst/read_pointer_reg[3]/C (clocked by clk_out1_design_final_clk_wiz_1_0) and design_final_i/vga_0/U0/vga_instance/display_image_inst/image_inst/use_image/RAM_reg_128_191_0_2/RAMB/WE (clocked by clk_ip_out_clk_ip_core_1). Large setup violations at the end of those stages might be difficult to fix during the post-placement implementation flow and could be the result of non-optimal XDC constraints or non-optimal design architecture
Related violations: <none>

TIMING-16#495 Warning
Large setup violation  
There is a large setup violation of -6.735 ns between design_final_i/vga_0/U0/vga_instance/AXI_Stream_FIFO_inst/read_pointer_reg[3]/C (clocked by clk_out1_design_final_clk_wiz_1_0) and design_final_i/vga_0/U0/vga_instance/display_image_inst/image_inst/use_image/RAM_reg_128_191_0_2/RAMC/WE (clocked by clk_ip_out_clk_ip_core_1). Large setup violations at the end of those stages might be difficult to fix during the post-placement implementation flow and could be the result of non-optimal XDC constraints or non-optimal design architecture
Related violations: <none>

TIMING-16#496 Warning
Large setup violation  
There is a large setup violation of -6.735 ns between design_final_i/vga_0/U0/vga_instance/AXI_Stream_FIFO_inst/read_pointer_reg[3]/C (clocked by clk_out1_design_final_clk_wiz_1_0) and design_final_i/vga_0/U0/vga_instance/display_image_inst/image_inst/use_image/RAM_reg_128_191_0_2/RAMD/WE (clocked by clk_ip_out_clk_ip_core_1). Large setup violations at the end of those stages might be difficult to fix during the post-placement implementation flow and could be the result of non-optimal XDC constraints or non-optimal design architecture
Related violations: <none>

TIMING-18#1 Warning
Missing input or output delay  
An input delay is missing on buzzer_tri_io[0] relative to the rising and/or falling clock edge(s) of sys_clock.
Related violations: <none>

TIMING-18#2 Warning
Missing input or output delay  
An input delay is missing on reset relative to the rising and/or falling clock edge(s) of sys_clock.
Related violations: <none>

TIMING-18#3 Warning
Missing input or output delay  
An output delay is missing on blue_1 relative to the rising and/or falling clock edge(s) of sys_clock.
Related violations: <none>

TIMING-18#4 Warning
Missing input or output delay  
An output delay is missing on buzzer_tri_io[0] relative to the rising and/or falling clock edge(s) of sys_clock.
Related violations: <none>

TIMING-18#5 Warning
Missing input or output delay  
An output delay is missing on green_1 relative to the rising and/or falling clock edge(s) of sys_clock.
Related violations: <none>

TIMING-18#6 Warning
Missing input or output delay  
An output delay is missing on red_1 relative to the rising and/or falling clock edge(s) of sys_clock.
Related violations: <none>

TIMING-18#7 Warning
Missing input or output delay  
An output delay is missing on reset2_out_0 relative to the rising and/or falling clock edge(s) of sys_clock.
Related violations: <none>

TIMING-18#8 Warning
Missing input or output delay  
An output delay is missing on reset_out_0 relative to the rising and/or falling clock edge(s) of sys_clock.
Related violations: <none>

TIMING-18#9 Warning
Missing input or output delay  
An output delay is missing on row_clk_0 relative to the rising and/or falling clock edge(s) of sys_clock.
Related violations: <none>

TIMING-18#10 Warning
Missing input or output delay  
An output delay is missing on row_serial_out_0 relative to the rising and/or falling clock edge(s) of sys_clock.
Related violations: <none>


